{
  "t": 1768575034604,
  "sampleSize": 800,
  "sma50": {
    "above": 456,
    "below": 237,
    "counted": 693,
    "abovePct": 65.80086580086581,
    "belowPct": 34.1991341991342
  },
  "sma200": {
    "above": 416,
    "below": 229,
    "counted": 645,
    "abovePct": 64.49612403100775,
    "belowPct": 35.50387596899225
  }
}