{
  "t": 1772829899585,
  "sampleSize": 300,
  "sma50": {
    "above": 68,
    "below": 180,
    "counted": 248,
    "abovePct": 27.419354838709676,
    "belowPct": 72.58064516129032
  },
  "sma200": {
    "above": 127,
    "below": 111,
    "counted": 238,
    "abovePct": 53.36134453781513,
    "belowPct": 46.63865546218487
  }
}