{
  "t": 1781552876232,
  "sampleSize": 300,
  "sma50": {
    "above": 147,
    "below": 104,
    "counted": 251,
    "abovePct": 58.56573705179283,
    "belowPct": 41.43426294820717
  },
  "sma200": {
    "above": 120,
    "below": 91,
    "counted": 211,
    "abovePct": 56.872037914691944,
    "belowPct": 43.127962085308056
  }
}