{
  "t": 1767644724587,
  "sampleSize": 800,
  "sma50": {
    "above": 391,
    "below": 303,
    "counted": 694,
    "abovePct": 56.34005763688761,
    "belowPct": 43.65994236311239
  },
  "sma200": {
    "above": 387,
    "below": 258,
    "counted": 645,
    "abovePct": 60,
    "belowPct": 40
  }
}