{
  "t": 1766597787370,
  "sampleSize": 800,
  "sma50": {
    "above": 387,
    "below": 312,
    "counted": 699,
    "abovePct": 55.36480686695279,
    "belowPct": 44.63519313304721
  },
  "sma200": {
    "above": 405,
    "below": 241,
    "counted": 646,
    "abovePct": 62.693498452012385,
    "belowPct": 37.306501547987615
  }
}