{
  "t": 1767884925429,
  "sampleSize": 800,
  "sma50": {
    "above": 401,
    "below": 293,
    "counted": 694,
    "abovePct": 57.78097982708934,
    "belowPct": 42.21902017291067
  },
  "sma200": {
    "above": 399,
    "below": 247,
    "counted": 646,
    "abovePct": 61.76470588235294,
    "belowPct": 38.23529411764706
  }
}