{
  "t": 1782843089234,
  "sampleSize": 300,
  "sma50": {
    "above": 141,
    "below": 114,
    "counted": 255,
    "abovePct": 55.294117647058826,
    "belowPct": 44.70588235294118
  },
  "sma200": {
    "above": 126,
    "below": 86,
    "counted": 212,
    "abovePct": 59.43396226415094,
    "belowPct": 40.56603773584906
  }
}