{
  "t": 1771346985018,
  "sampleSize": 300,
  "sma50": {
    "above": 137,
    "below": 112,
    "counted": 249,
    "abovePct": 55.020080321285135,
    "belowPct": 44.97991967871486
  },
  "sma200": {
    "above": 145,
    "below": 93,
    "counted": 238,
    "abovePct": 60.924369747899156,
    "belowPct": 39.075630252100844
  }
}