{
  "t": 1766000937711,
  "sampleSize": 800,
  "sma50": {
    "above": 318,
    "below": 382,
    "counted": 700,
    "abovePct": 45.42857142857143,
    "belowPct": 54.57142857142857
  },
  "sma200": {
    "above": 393,
    "below": 251,
    "counted": 644,
    "abovePct": 61.024844720496894,
    "belowPct": 38.975155279503106
  }
}