{
  "t": 1768326145637,
  "sampleSize": 800,
  "sma50": {
    "above": 421,
    "below": 268,
    "counted": 689,
    "abovePct": 61.10304789550073,
    "belowPct": 38.89695210449927
  },
  "sma200": {
    "above": 401,
    "below": 241,
    "counted": 642,
    "abovePct": 62.46105919003115,
    "belowPct": 37.53894080996885
  }
}