{
  "t": 1767717869157,
  "sampleSize": 800,
  "sma50": {
    "above": 389,
    "below": 303,
    "counted": 692,
    "abovePct": 56.21387283236994,
    "belowPct": 43.786127167630056
  },
  "sma200": {
    "above": 385,
    "below": 259,
    "counted": 644,
    "abovePct": 59.78260869565217,
    "belowPct": 40.21739130434783
  }
}