{
  "t": 1765896684608,
  "sampleSize": 800,
  "sma50": {
    "above": 347,
    "below": 353,
    "counted": 700,
    "abovePct": 49.57142857142857,
    "belowPct": 50.42857142857143
  },
  "sma200": {
    "above": 391,
    "below": 253,
    "counted": 644,
    "abovePct": 60.71428571428571,
    "belowPct": 39.285714285714285
  }
}