{
  "t": 1774886075843,
  "sampleSize": 300,
  "sma50": {
    "above": 43,
    "below": 205,
    "counted": 248,
    "abovePct": 17.338709677419356,
    "belowPct": 82.66129032258065
  },
  "sma200": {
    "above": 77,
    "below": 161,
    "counted": 238,
    "abovePct": 32.35294117647059,
    "belowPct": 67.64705882352942
  }
}