{
  "t": 1782228774729,
  "sampleSize": 300,
  "sma50": {
    "above": 136,
    "below": 118,
    "counted": 254,
    "abovePct": 53.54330708661418,
    "belowPct": 46.45669291338583
  },
  "sma200": {
    "above": 115,
    "below": 96,
    "counted": 211,
    "abovePct": 54.502369668246445,
    "belowPct": 45.497630331753555
  }
}