{
  "t": 1774032493364,
  "sampleSize": 300,
  "sma50": {
    "above": 41,
    "below": 207,
    "counted": 248,
    "abovePct": 16.532258064516128,
    "belowPct": 83.46774193548387
  },
  "sma200": {
    "above": 79,
    "below": 159,
    "counted": 238,
    "abovePct": 33.193277310924366,
    "belowPct": 66.80672268907563
  }
}