{
  "t": 1765561092538,
  "sampleSize": 800,
  "sma50": {
    "above": 369,
    "below": 331,
    "counted": 700,
    "abovePct": 52.714285714285715,
    "belowPct": 47.285714285714285
  },
  "sma200": {
    "above": 413,
    "below": 231,
    "counted": 644,
    "abovePct": 64.13043478260869,
    "belowPct": 35.869565217391305
  }
}