{
  "t": 1769793341894,
  "sampleSize": 800,
  "sma50": {
    "above": 394,
    "below": 296,
    "counted": 690,
    "abovePct": 57.10144927536231,
    "belowPct": 42.89855072463768
  },
  "sma200": {
    "above": 401,
    "below": 249,
    "counted": 650,
    "abovePct": 61.69230769230769,
    "belowPct": 38.30769230769231
  }
}