{
  "t": 1768923946639,
  "sampleSize": 800,
  "sma50": {
    "above": 427,
    "below": 266,
    "counted": 693,
    "abovePct": 61.61616161616161,
    "belowPct": 38.38383838383838
  },
  "sma200": {
    "above": 401,
    "below": 246,
    "counted": 647,
    "abovePct": 61.97836166924265,
    "belowPct": 38.02163833075734
  }
}