{
  "t": 1764191063091,
  "sampleSize": 800,
  "sma50": {
    "above": 335,
    "below": 367,
    "counted": 702,
    "abovePct": 47.72079772079772,
    "belowPct": 52.27920227920227
  },
  "sma200": {
    "above": 386,
    "below": 257,
    "counted": 643,
    "abovePct": 60.031104199066874,
    "belowPct": 39.968895800933126
  }
}