{
  "t": 1769189123365,
  "sampleSize": 800,
  "sma50": {
    "above": 456,
    "below": 235,
    "counted": 691,
    "abovePct": 65.99131693198264,
    "belowPct": 34.00868306801736
  },
  "sma200": {
    "above": 430,
    "below": 217,
    "counted": 647,
    "abovePct": 66.46058732612056,
    "belowPct": 33.53941267387944
  }
}