{
  "t": 1763150859830,
  "sampleSize": 800,
  "sma50": {
    "above": 271,
    "below": 433,
    "counted": 704,
    "abovePct": 38.49431818181818,
    "belowPct": 61.50568181818182
  },
  "sma200": {
    "above": 377,
    "below": 265,
    "counted": 642,
    "abovePct": 58.72274143302181,
    "belowPct": 41.27725856697819
  }
}