{
  "t": 1764687021445,
  "sampleSize": 800,
  "sma50": {
    "above": 323,
    "below": 378,
    "counted": 701,
    "abovePct": 46.07703281027104,
    "belowPct": 53.92296718972895
  },
  "sma200": {
    "above": 386,
    "below": 258,
    "counted": 644,
    "abovePct": 59.93788819875776,
    "belowPct": 40.06211180124223
  }
}