{
  "t": 1767387854884,
  "sampleSize": 800,
  "sma50": {
    "above": 346,
    "below": 349,
    "counted": 695,
    "abovePct": 49.7841726618705,
    "belowPct": 50.21582733812949
  },
  "sma200": {
    "above": 371,
    "below": 274,
    "counted": 645,
    "abovePct": 57.519379844961236,
    "belowPct": 42.480620155038764
  }
}