{
  "t": 1775497647792,
  "sampleSize": 300,
  "sma50": {
    "above": 61,
    "below": 187,
    "counted": 248,
    "abovePct": 24.596774193548388,
    "belowPct": 75.40322580645162
  },
  "sma200": {
    "above": 90,
    "below": 148,
    "counted": 238,
    "abovePct": 37.81512605042017,
    "belowPct": 62.18487394957983
  }
}