{
  "t": 1767809394346,
  "sampleSize": 800,
  "sma50": {
    "above": 406,
    "below": 288,
    "counted": 694,
    "abovePct": 58.501440922190206,
    "belowPct": 41.4985590778098
  },
  "sma200": {
    "above": 391,
    "below": 255,
    "counted": 646,
    "abovePct": 60.526315789473685,
    "belowPct": 39.473684210526315
  }
}