{
  "t": 1764691699200,
  "sampleSize": 800,
  "sma50": {
    "above": 327,
    "below": 374,
    "counted": 701,
    "abovePct": 46.64764621968616,
    "belowPct": 53.352353780313834
  },
  "sma200": {
    "above": 382,
    "below": 262,
    "counted": 644,
    "abovePct": 59.3167701863354,
    "belowPct": 40.683229813664596
  }
}