{
  "t": 1780679860798,
  "sampleSize": 300,
  "sma50": {
    "above": 144,
    "below": 109,
    "counted": 253,
    "abovePct": 56.916996047430835,
    "belowPct": 43.08300395256917
  },
  "sma200": {
    "above": 133,
    "below": 109,
    "counted": 242,
    "abovePct": 54.958677685950406,
    "belowPct": 45.04132231404959
  }
}