{
  "t": 1781883678957,
  "sampleSize": 300,
  "sma50": {
    "above": 144,
    "below": 109,
    "counted": 253,
    "abovePct": 56.916996047430835,
    "belowPct": 43.08300395256917
  },
  "sma200": {
    "above": 121,
    "below": 90,
    "counted": 211,
    "abovePct": 57.345971563981045,
    "belowPct": 42.65402843601896
  }
}