{
  "t": 1779127806880,
  "sampleSize": 300,
  "sma50": {
    "above": 141,
    "below": 112,
    "counted": 253,
    "abovePct": 55.73122529644269,
    "belowPct": 44.26877470355731
  },
  "sma200": {
    "above": 131,
    "below": 111,
    "counted": 242,
    "abovePct": 54.132231404958674,
    "belowPct": 45.867768595041326
  }
}