{
  "t": 1764168538412,
  "sampleSize": 800,
  "sma50": {
    "above": 320,
    "below": 382,
    "counted": 702,
    "abovePct": 45.58404558404558,
    "belowPct": 54.41595441595442
  },
  "sma200": {
    "above": 382,
    "below": 261,
    "counted": 643,
    "abovePct": 59.40902021772939,
    "belowPct": 40.59097978227061
  }
}