{
  "t": 1767807710389,
  "sampleSize": 800,
  "sma50": {
    "above": 410,
    "below": 284,
    "counted": 694,
    "abovePct": 59.0778097982709,
    "belowPct": 40.92219020172911
  },
  "sma200": {
    "above": 394,
    "below": 252,
    "counted": 646,
    "abovePct": 60.99071207430341,
    "belowPct": 39.0092879256966
  }
}