{
  "t": 1772635806661,
  "sampleSize": 300,
  "sma50": {
    "above": 96,
    "below": 152,
    "counted": 248,
    "abovePct": 38.70967741935484,
    "belowPct": 61.29032258064516
  },
  "sma200": {
    "above": 136,
    "below": 102,
    "counted": 238,
    "abovePct": 57.14285714285714,
    "belowPct": 42.857142857142854
  }
}