{
  "t": 1763497508693,
  "sampleSize": 800,
  "sma50": {
    "above": 214,
    "below": 489,
    "counted": 703,
    "abovePct": 30.440967283072546,
    "belowPct": 69.55903271692745
  },
  "sma200": {
    "above": 360,
    "below": 281,
    "counted": 641,
    "abovePct": 56.16224648985959,
    "belowPct": 43.8377535101404
  }
}