{
  "t": 1769190689792,
  "sampleSize": 800,
  "sma50": {
    "above": 448,
    "below": 243,
    "counted": 691,
    "abovePct": 64.83357452966715,
    "belowPct": 35.166425470332854
  },
  "sma200": {
    "above": 424,
    "below": 223,
    "counted": 647,
    "abovePct": 65.53323029366305,
    "belowPct": 34.46676970633694
  }
}