{
  "t": 1769023750100,
  "sampleSize": 800,
  "sma50": {
    "above": 421,
    "below": 271,
    "counted": 692,
    "abovePct": 60.83815028901734,
    "belowPct": 39.16184971098266
  },
  "sma200": {
    "above": 406,
    "below": 240,
    "counted": 646,
    "abovePct": 62.848297213622295,
    "belowPct": 37.15170278637771
  }
}