{
  "t": 1776892721083,
  "sampleSize": 300,
  "sma50": {
    "above": 161,
    "below": 86,
    "counted": 247,
    "abovePct": 65.18218623481782,
    "belowPct": 34.81781376518219
  },
  "sma200": {
    "above": 140,
    "below": 101,
    "counted": 241,
    "abovePct": 58.09128630705395,
    "belowPct": 41.90871369294606
  }
}