{
  "t": 1762536997373,
  "sampleSize": 800,
  "sma50": {
    "above": 235,
    "below": 469,
    "counted": 704,
    "abovePct": 33.38068181818182,
    "belowPct": 66.61931818181817
  },
  "sma200": {
    "above": 373,
    "below": 269,
    "counted": 642,
    "abovePct": 58.09968847352025,
    "belowPct": 41.90031152647975
  }
}