{
  "t": 1764176064418,
  "sampleSize": 800,
  "sma50": {
    "above": 332,
    "below": 370,
    "counted": 702,
    "abovePct": 47.293447293447294,
    "belowPct": 52.70655270655271
  },
  "sma200": {
    "above": 388,
    "below": 255,
    "counted": 643,
    "abovePct": 60.342146189735615,
    "belowPct": 39.657853810264385
  }
}