{
  "t": 1768229534536,
  "sampleSize": 800,
  "sma50": {
    "above": 423,
    "below": 271,
    "counted": 694,
    "abovePct": 60.95100864553314,
    "belowPct": 39.048991354466864
  },
  "sma200": {
    "above": 401,
    "below": 246,
    "counted": 647,
    "abovePct": 61.97836166924265,
    "belowPct": 38.02163833075734
  }
}