{
  "t": 1782144343886,
  "sampleSize": 300,
  "sma50": {
    "above": 143,
    "below": 110,
    "counted": 253,
    "abovePct": 56.52173913043478,
    "belowPct": 43.47826086956522
  },
  "sma200": {
    "above": 123,
    "below": 88,
    "counted": 211,
    "abovePct": 58.29383886255924,
    "belowPct": 41.70616113744076
  }
}