{
  "t": 1763138500743,
  "sampleSize": 800,
  "sma50": {
    "above": 267,
    "below": 437,
    "counted": 704,
    "abovePct": 37.92613636363637,
    "belowPct": 62.07386363636363
  },
  "sma200": {
    "above": 375,
    "below": 267,
    "counted": 642,
    "abovePct": 58.41121495327103,
    "belowPct": 41.58878504672897
  }
}