{
  "t": 1774645907338,
  "sampleSize": 300,
  "sma50": {
    "above": 41,
    "below": 207,
    "counted": 248,
    "abovePct": 16.532258064516128,
    "belowPct": 83.46774193548387
  },
  "sma200": {
    "above": 75,
    "below": 163,
    "counted": 238,
    "abovePct": 31.512605042016805,
    "belowPct": 68.4873949579832
  }
}