{
  "t": 1776192704822,
  "sampleSize": 300,
  "sma50": {
    "above": 136,
    "below": 111,
    "counted": 247,
    "abovePct": 55.06072874493927,
    "belowPct": 44.93927125506073
  },
  "sma200": {
    "above": 112,
    "below": 127,
    "counted": 239,
    "abovePct": 46.86192468619247,
    "belowPct": 53.13807531380753
  }
}