{
  "t": 1765301077689,
  "sampleSize": 800,
  "sma50": {
    "above": 354,
    "below": 346,
    "counted": 700,
    "abovePct": 50.57142857142857,
    "belowPct": 49.42857142857143
  },
  "sma200": {
    "above": 409,
    "below": 238,
    "counted": 647,
    "abovePct": 63.214837712519326,
    "belowPct": 36.78516228748068
  }
}