{
  "t": 1766769879052,
  "sampleSize": 800,
  "sma50": {
    "above": 378,
    "below": 321,
    "counted": 699,
    "abovePct": 54.077253218884124,
    "belowPct": 45.92274678111588
  },
  "sma200": {
    "above": 395,
    "below": 251,
    "counted": 646,
    "abovePct": 61.145510835913306,
    "belowPct": 38.85448916408669
  }
}