{
  "t": 1775757020160,
  "sampleSize": 300,
  "sma50": {
    "above": 113,
    "below": 134,
    "counted": 247,
    "abovePct": 45.74898785425101,
    "belowPct": 54.25101214574899
  },
  "sma200": {
    "above": 112,
    "below": 125,
    "counted": 237,
    "abovePct": 47.257383966244724,
    "belowPct": 52.742616033755276
  }
}