{
  "t": 1765303683164,
  "sampleSize": 800,
  "sma50": {
    "above": 354,
    "below": 346,
    "counted": 700,
    "abovePct": 50.57142857142857,
    "belowPct": 49.42857142857143
  },
  "sma200": {
    "above": 406,
    "below": 241,
    "counted": 647,
    "abovePct": 62.75115919629057,
    "belowPct": 37.24884080370943
  }
}