{
  "t": 1763054664005,
  "sampleSize": 800,
  "sma50": {
    "above": 301,
    "below": 403,
    "counted": 704,
    "abovePct": 42.75568181818182,
    "belowPct": 57.24431818181818
  },
  "sma200": {
    "above": 387,
    "below": 255,
    "counted": 642,
    "abovePct": 60.280373831775705,
    "belowPct": 39.719626168224295
  }
}