{
  "t": 1767991174305,
  "sampleSize": 800,
  "sma50": {
    "above": 433,
    "below": 261,
    "counted": 694,
    "abovePct": 62.39193083573487,
    "belowPct": 37.60806916426513
  },
  "sma200": {
    "above": 407,
    "below": 238,
    "counted": 645,
    "abovePct": 63.100775193798455,
    "belowPct": 36.89922480620155
  }
}