{
  "t": 1768505139467,
  "sampleSize": 800,
  "sma50": {
    "above": 455,
    "below": 238,
    "counted": 693,
    "abovePct": 65.65656565656566,
    "belowPct": 34.34343434343434
  },
  "sma200": {
    "above": 420,
    "below": 226,
    "counted": 646,
    "abovePct": 65.01547987616098,
    "belowPct": 34.984520123839005
  }
}