{
  "t": 1780949865717,
  "sampleSize": 300,
  "sma50": {
    "above": 130,
    "below": 124,
    "counted": 254,
    "abovePct": 51.181102362204726,
    "belowPct": 48.818897637795274
  },
  "sma200": {
    "above": 126,
    "below": 116,
    "counted": 242,
    "abovePct": 52.066115702479344,
    "belowPct": 47.93388429752066
  }
}