{
  "t": 1767194696087,
  "sampleSize": 800,
  "sma50": {
    "above": 345,
    "below": 352,
    "counted": 697,
    "abovePct": 49.49784791965567,
    "belowPct": 50.50215208034433
  },
  "sma200": {
    "above": 376,
    "below": 268,
    "counted": 644,
    "abovePct": 58.38509316770186,
    "belowPct": 41.61490683229814
  }
}