{
  "t": 1770654293407,
  "sampleSize": 800,
  "sma50": {
    "above": 396,
    "below": 293,
    "counted": 689,
    "abovePct": 57.47460087082729,
    "belowPct": 42.52539912917271
  },
  "sma200": {
    "above": 395,
    "below": 255,
    "counted": 650,
    "abovePct": 60.76923076923077,
    "belowPct": 39.23076923076923
  }
}