{
  "t": 1767975946200,
  "sampleSize": 800,
  "sma50": {
    "above": 433,
    "below": 261,
    "counted": 694,
    "abovePct": 62.39193083573487,
    "belowPct": 37.60806916426513
  },
  "sma200": {
    "above": 403,
    "below": 242,
    "counted": 645,
    "abovePct": 62.48062015503876,
    "belowPct": 37.51937984496124
  }
}