{
  "t": 1768246562015,
  "sampleSize": 800,
  "sma50": {
    "above": 439,
    "below": 255,
    "counted": 694,
    "abovePct": 63.25648414985591,
    "belowPct": 36.74351585014409
  },
  "sma200": {
    "above": 408,
    "below": 239,
    "counted": 647,
    "abovePct": 63.06027820710973,
    "belowPct": 36.93972179289026
  }
}