{
  "t": 1767119174414,
  "sampleSize": 800,
  "sma50": {
    "above": 373,
    "below": 325,
    "counted": 698,
    "abovePct": 53.43839541547278,
    "belowPct": 46.561604584527224
  },
  "sma200": {
    "above": 395,
    "below": 250,
    "counted": 645,
    "abovePct": 61.240310077519375,
    "belowPct": 38.759689922480625
  }
}