{
  "t": 1771357674058,
  "sampleSize": 300,
  "sma50": {
    "above": 137,
    "below": 112,
    "counted": 249,
    "abovePct": 55.020080321285135,
    "belowPct": 44.97991967871486
  },
  "sma200": {
    "above": 147,
    "below": 91,
    "counted": 238,
    "abovePct": 61.76470588235294,
    "belowPct": 38.23529411764706
  }
}