{
  "t": 1765393705761,
  "sampleSize": 800,
  "sma50": {
    "above": 365,
    "below": 335,
    "counted": 700,
    "abovePct": 52.142857142857146,
    "belowPct": 47.85714285714286
  },
  "sma200": {
    "above": 407,
    "below": 240,
    "counted": 647,
    "abovePct": 62.90571870170015,
    "belowPct": 37.09428129829985
  }
}