{
  "t": 1769788619320,
  "sampleSize": 800,
  "sma50": {
    "above": 403,
    "below": 287,
    "counted": 690,
    "abovePct": 58.405797101449274,
    "belowPct": 41.594202898550726
  },
  "sma200": {
    "above": 408,
    "below": 242,
    "counted": 650,
    "abovePct": 62.76923076923077,
    "belowPct": 37.230769230769226
  }
}