{
  "t": 1764167817095,
  "sampleSize": 800,
  "sma50": {
    "above": 319,
    "below": 383,
    "counted": 702,
    "abovePct": 45.44159544159544,
    "belowPct": 54.55840455840456
  },
  "sma200": {
    "above": 377,
    "below": 266,
    "counted": 643,
    "abovePct": 58.63141524105754,
    "belowPct": 41.368584758942454
  }
}