{
  "t": 1764186534089,
  "sampleSize": 800,
  "sma50": {
    "above": 330,
    "below": 372,
    "counted": 702,
    "abovePct": 47.008547008547005,
    "belowPct": 52.991452991452995
  },
  "sma200": {
    "above": 388,
    "below": 255,
    "counted": 643,
    "abovePct": 60.342146189735615,
    "belowPct": 39.657853810264385
  }
}