{
  "t": 1764776396050,
  "sampleSize": 800,
  "sma50": {
    "above": 325,
    "below": 376,
    "counted": 701,
    "abovePct": 46.3623395149786,
    "belowPct": 53.6376604850214
  },
  "sma200": {
    "above": 387,
    "below": 259,
    "counted": 646,
    "abovePct": 59.907120743034056,
    "belowPct": 40.092879256965944
  }
}