{
  "t": 1765392295103,
  "sampleSize": 800,
  "sma50": {
    "above": 356,
    "below": 344,
    "counted": 700,
    "abovePct": 50.857142857142854,
    "belowPct": 49.142857142857146
  },
  "sma200": {
    "above": 408,
    "below": 239,
    "counted": 647,
    "abovePct": 63.06027820710973,
    "belowPct": 36.93972179289026
  }
}