{
  "t": 1769026413939,
  "sampleSize": 800,
  "sma50": {
    "above": 434,
    "below": 258,
    "counted": 692,
    "abovePct": 62.71676300578035,
    "belowPct": 37.283236994219656
  },
  "sma200": {
    "above": 407,
    "below": 239,
    "counted": 646,
    "abovePct": 63.00309597523219,
    "belowPct": 36.9969040247678
  }
}