{
  "t": 1782933025986,
  "sampleSize": 300,
  "sma50": {
    "above": 135,
    "below": 120,
    "counted": 255,
    "abovePct": 52.94117647058824,
    "belowPct": 47.05882352941176
  },
  "sma200": {
    "above": 123,
    "below": 89,
    "counted": 212,
    "abovePct": 58.01886792452831,
    "belowPct": 41.9811320754717
  }
}