{
  "t": 1765210064601,
  "sampleSize": 800,
  "sma50": {
    "above": 340,
    "below": 361,
    "counted": 701,
    "abovePct": 48.502139800285306,
    "belowPct": 51.497860199714694
  },
  "sma200": {
    "above": 402,
    "below": 246,
    "counted": 648,
    "abovePct": 62.03703703703704,
    "belowPct": 37.96296296296296
  }
}