{
  "t": 1765471534155,
  "sampleSize": 800,
  "sma50": {
    "above": 380,
    "below": 320,
    "counted": 700,
    "abovePct": 54.285714285714285,
    "belowPct": 45.714285714285715
  },
  "sma200": {
    "above": 413,
    "below": 231,
    "counted": 644,
    "abovePct": 64.13043478260869,
    "belowPct": 35.869565217391305
  }
}