{
  "t": 1776460604286,
  "sampleSize": 300,
  "sma50": {
    "above": 176,
    "below": 71,
    "counted": 247,
    "abovePct": 71.25506072874494,
    "belowPct": 28.74493927125506
  },
  "sma200": {
    "above": 138,
    "below": 103,
    "counted": 241,
    "abovePct": 57.26141078838174,
    "belowPct": 42.738589211618255
  }
}