{
  "t": 1767806742604,
  "sampleSize": 800,
  "sma50": {
    "above": 412,
    "below": 282,
    "counted": 694,
    "abovePct": 59.36599423631124,
    "belowPct": 40.63400576368876
  },
  "sma200": {
    "above": 392,
    "below": 254,
    "counted": 646,
    "abovePct": 60.681114551083596,
    "belowPct": 39.318885448916404
  }
}