{
  "t": 1765809608807,
  "sampleSize": 800,
  "sma50": {
    "above": 372,
    "below": 328,
    "counted": 700,
    "abovePct": 53.142857142857146,
    "belowPct": 46.85714285714286
  },
  "sma200": {
    "above": 408,
    "below": 235,
    "counted": 643,
    "abovePct": 63.45256609642301,
    "belowPct": 36.54743390357698
  }
}