{
  "t": 1767192488795,
  "sampleSize": 800,
  "sma50": {
    "above": 347,
    "below": 350,
    "counted": 697,
    "abovePct": 49.78479196556672,
    "belowPct": 50.21520803443329
  },
  "sma200": {
    "above": 382,
    "below": 262,
    "counted": 644,
    "abovePct": 59.3167701863354,
    "belowPct": 40.683229813664596
  }
}