{
  "t": 1779983328977,
  "sampleSize": 300,
  "sma50": {
    "above": 156,
    "below": 94,
    "counted": 250,
    "abovePct": 62.4,
    "belowPct": 37.6
  },
  "sma200": {
    "above": 140,
    "below": 99,
    "counted": 239,
    "abovePct": 58.57740585774059,
    "belowPct": 41.42259414225941
  }
}