{
  "t": 1767710288705,
  "sampleSize": 800,
  "sma50": {
    "above": 386,
    "below": 305,
    "counted": 691,
    "abovePct": 55.861070911722145,
    "belowPct": 44.138929088277855
  },
  "sma200": {
    "above": 384,
    "below": 259,
    "counted": 643,
    "abovePct": 59.72006220839814,
    "belowPct": 40.27993779160187
  }
}