{
  "t": 1765381190107,
  "sampleSize": 800,
  "sma50": {
    "above": 356,
    "below": 344,
    "counted": 700,
    "abovePct": 50.857142857142854,
    "belowPct": 49.142857142857146
  },
  "sma200": {
    "above": 403,
    "below": 244,
    "counted": 647,
    "abovePct": 62.287480680061826,
    "belowPct": 37.712519319938174
  }
}