{
  "t": 1781633378576,
  "sampleSize": 300,
  "sma50": {
    "above": 144,
    "below": 107,
    "counted": 251,
    "abovePct": 57.37051792828686,
    "belowPct": 42.62948207171315
  },
  "sma200": {
    "above": 122,
    "below": 89,
    "counted": 211,
    "abovePct": 57.81990521327014,
    "belowPct": 42.18009478672986
  }
}