{
  "t": 1766587702005,
  "sampleSize": 800,
  "sma50": {
    "above": 367,
    "below": 332,
    "counted": 699,
    "abovePct": 52.5035765379113,
    "belowPct": 47.4964234620887
  },
  "sma200": {
    "above": 396,
    "below": 250,
    "counted": 646,
    "abovePct": 61.30030959752322,
    "belowPct": 38.69969040247678
  }
}