{
  "t": 1768321569537,
  "sampleSize": 800,
  "sma50": {
    "above": 423,
    "below": 269,
    "counted": 692,
    "abovePct": 61.1271676300578,
    "belowPct": 38.872832369942195
  },
  "sma200": {
    "above": 400,
    "below": 245,
    "counted": 645,
    "abovePct": 62.01550387596899,
    "belowPct": 37.98449612403101
  }
}