{
  "t": 1777392902548,
  "sampleSize": 300,
  "sma50": {
    "above": 148,
    "below": 98,
    "counted": 246,
    "abovePct": 60.16260162601627,
    "belowPct": 39.83739837398374
  },
  "sma200": {
    "above": 133,
    "below": 108,
    "counted": 241,
    "abovePct": 55.18672199170125,
    "belowPct": 44.81327800829876
  }
}