{
  "t": 1777921385185,
  "sampleSize": 300,
  "sma50": {
    "above": 162,
    "below": 84,
    "counted": 246,
    "abovePct": 65.85365853658537,
    "belowPct": 34.146341463414636
  },
  "sma200": {
    "above": 138,
    "below": 104,
    "counted": 242,
    "abovePct": 57.02479338842975,
    "belowPct": 42.97520661157025
  }
}