{
  "t": 1768844500019,
  "sampleSize": 800,
  "sma50": {
    "above": 444,
    "below": 246,
    "counted": 690,
    "abovePct": 64.34782608695652,
    "belowPct": 35.65217391304348
  },
  "sma200": {
    "above": 414,
    "below": 228,
    "counted": 642,
    "abovePct": 64.48598130841121,
    "belowPct": 35.51401869158878
  }
}