{
  "t": 1768594038204,
  "sampleSize": 800,
  "sma50": {
    "above": 448,
    "below": 245,
    "counted": 693,
    "abovePct": 64.64646464646465,
    "belowPct": 35.35353535353536
  },
  "sma200": {
    "above": 416,
    "below": 229,
    "counted": 645,
    "abovePct": 64.49612403100775,
    "belowPct": 35.50387596899225
  }
}