{
  "t": 1767625683438,
  "sampleSize": 800,
  "sma50": {
    "above": 367,
    "below": 327,
    "counted": 694,
    "abovePct": 52.88184438040345,
    "belowPct": 47.11815561959654
  },
  "sma200": {
    "above": 385,
    "below": 260,
    "counted": 645,
    "abovePct": 59.68992248062015,
    "belowPct": 40.310077519379846
  }
}