{
  "t": 1763061770420,
  "sampleSize": 800,
  "sma50": {
    "above": 285,
    "below": 419,
    "counted": 704,
    "abovePct": 40.48295454545455,
    "belowPct": 59.51704545454546
  },
  "sma200": {
    "above": 378,
    "below": 264,
    "counted": 642,
    "abovePct": 58.87850467289719,
    "belowPct": 41.1214953271028
  }
}