{
  "t": 1776963692049,
  "sampleSize": 300,
  "sma50": {
    "above": 155,
    "below": 92,
    "counted": 247,
    "abovePct": 62.75303643724697,
    "belowPct": 37.24696356275304
  },
  "sma200": {
    "above": 137,
    "below": 104,
    "counted": 241,
    "abovePct": 56.84647302904564,
    "belowPct": 43.15352697095436
  }
}