{
  "t": 1764701211240,
  "sampleSize": 800,
  "sma50": {
    "above": 323,
    "below": 378,
    "counted": 701,
    "abovePct": 46.07703281027104,
    "belowPct": 53.92296718972895
  },
  "sma200": {
    "above": 380,
    "below": 264,
    "counted": 644,
    "abovePct": 59.006211180124225,
    "belowPct": 40.993788819875775
  }
}