{
  "t": 1770661368420,
  "sampleSize": 800,
  "sma50": {
    "above": 391,
    "below": 298,
    "counted": 689,
    "abovePct": 56.74891146589259,
    "belowPct": 43.2510885341074
  },
  "sma200": {
    "above": 397,
    "below": 253,
    "counted": 650,
    "abovePct": 61.07692307692307,
    "belowPct": 38.92307692307692
  }
}