{
  "t": 1771339689480,
  "sampleSize": 300,
  "sma50": {
    "above": 132,
    "below": 117,
    "counted": 249,
    "abovePct": 53.01204819277109,
    "belowPct": 46.98795180722892
  },
  "sma200": {
    "above": 144,
    "below": 94,
    "counted": 238,
    "abovePct": 60.50420168067227,
    "belowPct": 39.49579831932773
  }
}