{
  "t": 1762887215220,
  "sampleSize": 800,
  "sma50": {
    "above": 326,
    "below": 378,
    "counted": 704,
    "abovePct": 46.30681818181818,
    "belowPct": 53.69318181818182
  },
  "sma200": {
    "above": 395,
    "below": 247,
    "counted": 642,
    "abovePct": 61.52647975077882,
    "belowPct": 38.47352024922118
  }
}