{
  "t": 1770152297399,
  "sampleSize": 800,
  "sma50": {
    "above": 385,
    "below": 304,
    "counted": 689,
    "abovePct": 55.878084179970976,
    "belowPct": 44.12191582002903
  },
  "sma200": {
    "above": 400,
    "below": 249,
    "counted": 649,
    "abovePct": 61.63328197226502,
    "belowPct": 38.366718027734976
  }
}