{
  "t": 1777568425435,
  "sampleSize": 300,
  "sma50": {
    "above": 154,
    "below": 92,
    "counted": 246,
    "abovePct": 62.601626016260155,
    "belowPct": 37.39837398373984
  },
  "sma200": {
    "above": 134,
    "below": 108,
    "counted": 242,
    "abovePct": 55.371900826446286,
    "belowPct": 44.62809917355372
  }
}