{
  "t": 1781817518389,
  "sampleSize": 300,
  "sma50": {
    "above": 140,
    "below": 113,
    "counted": 253,
    "abovePct": 55.33596837944664,
    "belowPct": 44.66403162055336
  },
  "sma200": {
    "above": 119,
    "below": 92,
    "counted": 211,
    "abovePct": 56.39810426540285,
    "belowPct": 43.60189573459716
  }
}