{
  "t": 1765562961989,
  "sampleSize": 800,
  "sma50": {
    "above": 372,
    "below": 328,
    "counted": 700,
    "abovePct": 53.142857142857146,
    "belowPct": 46.85714285714286
  },
  "sma200": {
    "above": 416,
    "below": 228,
    "counted": 644,
    "abovePct": 64.59627329192547,
    "belowPct": 35.40372670807454
  }
}