{
  "t": 1762800184232,
  "sampleSize": 800,
  "sma50": {
    "above": 319,
    "below": 385,
    "counted": 704,
    "abovePct": 45.3125,
    "belowPct": 54.6875
  },
  "sma200": {
    "above": 394,
    "below": 248,
    "counted": 642,
    "abovePct": 61.37071651090342,
    "belowPct": 38.62928348909657
  }
}