{
  "t": 1770922199397,
  "sampleSize": 300,
  "sma50": {
    "above": 139,
    "below": 110,
    "counted": 249,
    "abovePct": 55.82329317269076,
    "belowPct": 44.17670682730924
  },
  "sma200": {
    "above": 144,
    "below": 93,
    "counted": 237,
    "abovePct": 60.75949367088608,
    "belowPct": 39.24050632911392
  }
}