{
  "t": 1769461581504,
  "sampleSize": 800,
  "sma50": {
    "above": 457,
    "below": 234,
    "counted": 691,
    "abovePct": 66.13603473227207,
    "belowPct": 33.86396526772793
  },
  "sma200": {
    "above": 421,
    "below": 226,
    "counted": 647,
    "abovePct": 65.06955177743431,
    "belowPct": 34.93044822256569
  }
}