{
  "t": 1764341239065,
  "sampleSize": 800,
  "sma50": {
    "above": 338,
    "below": 363,
    "counted": 701,
    "abovePct": 48.21683309557774,
    "belowPct": 51.78316690442225
  },
  "sma200": {
    "above": 387,
    "below": 256,
    "counted": 643,
    "abovePct": 60.186625194401245,
    "belowPct": 39.813374805598755
  }
}