{
  "t": 1780607196464,
  "sampleSize": 300,
  "sma50": {
    "above": 150,
    "below": 103,
    "counted": 253,
    "abovePct": 59.28853754940712,
    "belowPct": 40.71146245059288
  },
  "sma200": {
    "above": 137,
    "below": 105,
    "counted": 242,
    "abovePct": 56.611570247933884,
    "belowPct": 43.388429752066116
  }
}