{
  "t": 1765565135381,
  "sampleSize": 800,
  "sma50": {
    "above": 371,
    "below": 329,
    "counted": 700,
    "abovePct": 53,
    "belowPct": 47
  },
  "sma200": {
    "above": 415,
    "below": 229,
    "counted": 644,
    "abovePct": 64.44099378881988,
    "belowPct": 35.55900621118012
  }
}