{
  "t": 1774903646979,
  "sampleSize": 300,
  "sma50": {
    "above": 37,
    "below": 211,
    "counted": 248,
    "abovePct": 14.919354838709678,
    "belowPct": 85.08064516129032
  },
  "sma200": {
    "above": 75,
    "below": 163,
    "counted": 238,
    "abovePct": 31.512605042016805,
    "belowPct": 68.4873949579832
  }
}