{
  "t": 1775677866456,
  "sampleSize": 300,
  "sma50": {
    "above": 101,
    "below": 146,
    "counted": 247,
    "abovePct": 40.89068825910931,
    "belowPct": 59.10931174089069
  },
  "sma200": {
    "above": 106,
    "below": 131,
    "counted": 237,
    "abovePct": 44.72573839662447,
    "belowPct": 55.27426160337553
  }
}