{
  "t": 1771530276259,
  "sampleSize": 300,
  "sma50": {
    "above": 136,
    "below": 113,
    "counted": 249,
    "abovePct": 54.61847389558233,
    "belowPct": 45.38152610441767
  },
  "sma200": {
    "above": 147,
    "below": 92,
    "counted": 239,
    "abovePct": 61.50627615062761,
    "belowPct": 38.49372384937239
  }
}