{
  "t": 1765813968716,
  "sampleSize": 800,
  "sma50": {
    "above": 360,
    "below": 340,
    "counted": 700,
    "abovePct": 51.42857142857142,
    "belowPct": 48.57142857142857
  },
  "sma200": {
    "above": 395,
    "below": 248,
    "counted": 643,
    "abovePct": 61.4307931570762,
    "belowPct": 38.56920684292379
  }
}