{
  "t": 1779137761170,
  "sampleSize": 300,
  "sma50": {
    "above": 146,
    "below": 107,
    "counted": 253,
    "abovePct": 57.70750988142292,
    "belowPct": 42.29249011857708
  },
  "sma200": {
    "above": 135,
    "below": 107,
    "counted": 242,
    "abovePct": 55.78512396694215,
    "belowPct": 44.214876033057855
  }
}