{
  "t": 1765563972041,
  "sampleSize": 800,
  "sma50": {
    "above": 372,
    "below": 328,
    "counted": 700,
    "abovePct": 53.142857142857146,
    "belowPct": 46.85714285714286
  },
  "sma200": {
    "above": 417,
    "below": 227,
    "counted": 644,
    "abovePct": 64.75155279503106,
    "belowPct": 35.24844720496895
  }
}