{
  "t": 1763063331679,
  "sampleSize": 800,
  "sma50": {
    "above": 283,
    "below": 421,
    "counted": 704,
    "abovePct": 40.19886363636363,
    "belowPct": 59.80113636363637
  },
  "sma200": {
    "above": 378,
    "below": 264,
    "counted": 642,
    "abovePct": 58.87850467289719,
    "belowPct": 41.1214953271028
  }
}