{
  "t": 1765400705759,
  "sampleSize": 800,
  "sma50": {
    "above": 379,
    "below": 321,
    "counted": 700,
    "abovePct": 54.142857142857146,
    "belowPct": 45.857142857142854
  },
  "sma200": {
    "above": 411,
    "below": 233,
    "counted": 644,
    "abovePct": 63.81987577639752,
    "belowPct": 36.18012422360248
  }
}