{
  "t": 1771967492814,
  "sampleSize": 300,
  "sma50": {
    "above": 133,
    "below": 116,
    "counted": 249,
    "abovePct": 53.41365461847389,
    "belowPct": 46.58634538152611
  },
  "sma200": {
    "above": 146,
    "below": 93,
    "counted": 239,
    "abovePct": 61.08786610878661,
    "belowPct": 38.912133891213394
  }
}