{
  "t": 1769717381956,
  "sampleSize": 800,
  "sma50": {
    "above": 418,
    "below": 272,
    "counted": 690,
    "abovePct": 60.57971014492753,
    "belowPct": 39.42028985507247
  },
  "sma200": {
    "above": 412,
    "below": 238,
    "counted": 650,
    "abovePct": 63.38461538461539,
    "belowPct": 36.61538461538461
  }
}