{
  "t": 1767905472422,
  "sampleSize": 800,
  "sma50": {
    "above": 417,
    "below": 277,
    "counted": 694,
    "abovePct": 60.086455331412104,
    "belowPct": 39.913544668587896
  },
  "sma200": {
    "above": 405,
    "below": 241,
    "counted": 646,
    "abovePct": 62.693498452012385,
    "belowPct": 37.306501547987615
  }
}