{
  "t": 1771426075601,
  "sampleSize": 300,
  "sma50": {
    "above": 135,
    "below": 114,
    "counted": 249,
    "abovePct": 54.21686746987952,
    "belowPct": 45.78313253012048
  },
  "sma200": {
    "above": 145,
    "below": 93,
    "counted": 238,
    "abovePct": 60.924369747899156,
    "belowPct": 39.075630252100844
  }
}