{
  "t": 1773868352589,
  "sampleSize": 300,
  "sma50": {
    "above": 54,
    "below": 194,
    "counted": 248,
    "abovePct": 21.774193548387096,
    "belowPct": 78.2258064516129
  },
  "sma200": {
    "above": 93,
    "below": 145,
    "counted": 238,
    "abovePct": 39.075630252100844,
    "belowPct": 60.924369747899156
  }
}