{
  "t": 1768327834494,
  "sampleSize": 800,
  "sma50": {
    "above": 419,
    "below": 275,
    "counted": 694,
    "abovePct": 60.37463976945246,
    "belowPct": 39.62536023054755
  },
  "sma200": {
    "above": 402,
    "below": 245,
    "counted": 647,
    "abovePct": 62.132921174652246,
    "belowPct": 37.86707882534776
  }
}