{
  "t": 1768318880315,
  "sampleSize": 800,
  "sma50": {
    "above": 431,
    "below": 259,
    "counted": 690,
    "abovePct": 62.46376811594203,
    "belowPct": 37.53623188405797
  },
  "sma200": {
    "above": 405,
    "below": 238,
    "counted": 643,
    "abovePct": 62.98600311041991,
    "belowPct": 37.01399688958009
  }
}