{
  "t": 1766768757461,
  "sampleSize": 800,
  "sma50": {
    "above": 380,
    "below": 319,
    "counted": 699,
    "abovePct": 54.36337625178827,
    "belowPct": 45.63662374821173
  },
  "sma200": {
    "above": 395,
    "below": 251,
    "counted": 646,
    "abovePct": 61.145510835913306,
    "belowPct": 38.85448916408669
  }
}