{
  "t": 1775058993028,
  "sampleSize": 300,
  "sma50": {
    "above": 57,
    "below": 191,
    "counted": 248,
    "abovePct": 22.983870967741936,
    "belowPct": 77.01612903225806
  },
  "sma200": {
    "above": 94,
    "below": 144,
    "counted": 238,
    "abovePct": 39.49579831932773,
    "belowPct": 60.50420168067227
  }
}