{
  "t": 1764184937769,
  "sampleSize": 800,
  "sma50": {
    "above": 335,
    "below": 367,
    "counted": 702,
    "abovePct": 47.72079772079772,
    "belowPct": 52.27920227920227
  },
  "sma200": {
    "above": 385,
    "below": 258,
    "counted": 643,
    "abovePct": 59.87558320373251,
    "belowPct": 40.1244167962675
  }
}