{
  "t": 1769531349996,
  "sampleSize": 800,
  "sma50": {
    "above": 453,
    "below": 238,
    "counted": 691,
    "abovePct": 65.55716353111433,
    "belowPct": 34.44283646888567
  },
  "sma200": {
    "above": 418,
    "below": 232,
    "counted": 650,
    "abovePct": 64.3076923076923,
    "belowPct": 35.69230769230769
  }
}