{
  "t": 1772822866426,
  "sampleSize": 300,
  "sma50": {
    "above": 71,
    "below": 177,
    "counted": 248,
    "abovePct": 28.62903225806452,
    "belowPct": 71.37096774193549
  },
  "sma200": {
    "above": 128,
    "below": 110,
    "counted": 238,
    "abovePct": 53.78151260504202,
    "belowPct": 46.21848739495798
  }
}