{
  "t": 1767974880194,
  "sampleSize": 800,
  "sma50": {
    "above": 429,
    "below": 264,
    "counted": 693,
    "abovePct": 61.904761904761905,
    "belowPct": 38.095238095238095
  },
  "sma200": {
    "above": 403,
    "below": 241,
    "counted": 644,
    "abovePct": 62.577639751552795,
    "belowPct": 37.422360248447205
  }
}