{
  "t": 1762880771947,
  "sampleSize": 800,
  "sma50": {
    "above": 315,
    "below": 389,
    "counted": 704,
    "abovePct": 44.74431818181818,
    "belowPct": 55.25568181818182
  },
  "sma200": {
    "above": 395,
    "below": 247,
    "counted": 642,
    "abovePct": 61.52647975077882,
    "belowPct": 38.47352024922118
  }
}