{
  "t": 1778621388564,
  "sampleSize": 300,
  "sma50": {
    "above": 158,
    "below": 87,
    "counted": 245,
    "abovePct": 64.48979591836735,
    "belowPct": 35.51020408163265
  },
  "sma200": {
    "above": 141,
    "below": 101,
    "counted": 242,
    "abovePct": 58.26446280991735,
    "belowPct": 41.735537190082646
  }
}