{
  "t": 1765387527223,
  "sampleSize": 800,
  "sma50": {
    "above": 358,
    "below": 342,
    "counted": 700,
    "abovePct": 51.142857142857146,
    "belowPct": 48.857142857142854
  },
  "sma200": {
    "above": 405,
    "below": 242,
    "counted": 647,
    "abovePct": 62.59659969088099,
    "belowPct": 37.403400309119014
  }
}