{
  "t": 1768487919253,
  "sampleSize": 800,
  "sma50": {
    "above": 437,
    "below": 256,
    "counted": 693,
    "abovePct": 63.05916305916306,
    "belowPct": 36.94083694083694
  },
  "sma200": {
    "above": 410,
    "below": 236,
    "counted": 646,
    "abovePct": 63.46749226006192,
    "belowPct": 36.53250773993808
  }
}