{
  "t": 1765393001382,
  "sampleSize": 800,
  "sma50": {
    "above": 358,
    "below": 342,
    "counted": 700,
    "abovePct": 51.142857142857146,
    "belowPct": 48.857142857142854
  },
  "sma200": {
    "above": 406,
    "below": 241,
    "counted": 647,
    "abovePct": 62.75115919629057,
    "belowPct": 37.24884080370943
  }
}