{
  "t": 1763653817891,
  "sampleSize": 800,
  "sma50": {
    "above": 231,
    "below": 472,
    "counted": 703,
    "abovePct": 32.85917496443812,
    "belowPct": 67.14082503556187
  },
  "sma200": {
    "above": 358,
    "below": 283,
    "counted": 641,
    "abovePct": 55.85023400936038,
    "belowPct": 44.14976599063963
  }
}