{
  "t": 1769700769537,
  "sampleSize": 800,
  "sma50": {
    "above": 420,
    "below": 270,
    "counted": 690,
    "abovePct": 60.86956521739131,
    "belowPct": 39.130434782608695
  },
  "sma200": {
    "above": 410,
    "below": 240,
    "counted": 650,
    "abovePct": 63.07692307692307,
    "belowPct": 36.92307692307693
  }
}