{
  "t": 1766417096593,
  "sampleSize": 800,
  "sma50": {
    "above": 364,
    "below": 335,
    "counted": 699,
    "abovePct": 52.07439198855508,
    "belowPct": 47.92560801144492
  },
  "sma200": {
    "above": 398,
    "below": 248,
    "counted": 646,
    "abovePct": 61.60990712074303,
    "belowPct": 38.39009287925697
  }
}