{
  "t": 1780516092018,
  "sampleSize": 300,
  "sma50": {
    "above": 147,
    "below": 106,
    "counted": 253,
    "abovePct": 58.10276679841897,
    "belowPct": 41.89723320158103
  },
  "sma200": {
    "above": 130,
    "below": 112,
    "counted": 242,
    "abovePct": 53.71900826446281,
    "belowPct": 46.28099173553719
  }
}