{
  "t": 1770223693113,
  "sampleSize": 800,
  "sma50": {
    "above": 361,
    "below": 328,
    "counted": 689,
    "abovePct": 52.39477503628447,
    "belowPct": 47.60522496371553
  },
  "sma200": {
    "above": 393,
    "below": 257,
    "counted": 650,
    "abovePct": 60.46153846153847,
    "belowPct": 39.53846153846154
  }
}