{
  "t": 1769014539064,
  "sampleSize": 800,
  "sma50": {
    "above": 412,
    "below": 280,
    "counted": 692,
    "abovePct": 59.53757225433526,
    "belowPct": 40.46242774566474
  },
  "sma200": {
    "above": 401,
    "below": 245,
    "counted": 646,
    "abovePct": 62.07430340557275,
    "belowPct": 37.925696594427244
  }
}