{
  "t": 1764876922028,
  "sampleSize": 800,
  "sma50": {
    "above": 351,
    "below": 350,
    "counted": 701,
    "abovePct": 50.07132667617689,
    "belowPct": 49.928673323823105
  },
  "sma200": {
    "above": 407,
    "below": 241,
    "counted": 648,
    "abovePct": 62.808641975308646,
    "belowPct": 37.191358024691354
  }
}