{
  "t": 1769103905902,
  "sampleSize": 800,
  "sma50": {
    "above": 462,
    "below": 229,
    "counted": 691,
    "abovePct": 66.85962373371925,
    "belowPct": 33.140376266280754
  },
  "sma200": {
    "above": 432,
    "below": 213,
    "counted": 645,
    "abovePct": 66.97674418604652,
    "belowPct": 33.02325581395349
  }
}