{
  "t": 1767883906497,
  "sampleSize": 800,
  "sma50": {
    "above": 403,
    "below": 291,
    "counted": 694,
    "abovePct": 58.06916426512968,
    "belowPct": 41.930835734870314
  },
  "sma200": {
    "above": 393,
    "below": 253,
    "counted": 646,
    "abovePct": 60.8359133126935,
    "belowPct": 39.1640866873065
  }
}