{
  "t": 1762885538800,
  "sampleSize": 800,
  "sma50": {
    "above": 324,
    "below": 380,
    "counted": 704,
    "abovePct": 46.02272727272727,
    "belowPct": 53.97727272727273
  },
  "sma200": {
    "above": 396,
    "below": 246,
    "counted": 642,
    "abovePct": 61.6822429906542,
    "belowPct": 38.31775700934579
  }
}