{
  "t": 1770748624401,
  "sampleSize": 800,
  "sma50": {
    "above": 408,
    "below": 279,
    "counted": 687,
    "abovePct": 59.388646288209614,
    "belowPct": 40.61135371179039
  },
  "sma200": {
    "above": 405,
    "below": 244,
    "counted": 649,
    "abovePct": 62.40369799691834,
    "belowPct": 37.59630200308167
  }
}