{
  "t": 1771436971401,
  "sampleSize": 300,
  "sma50": {
    "above": 141,
    "below": 108,
    "counted": 249,
    "abovePct": 56.62650602409639,
    "belowPct": 43.373493975903614
  },
  "sma200": {
    "above": 146,
    "below": 93,
    "counted": 239,
    "abovePct": 61.08786610878661,
    "belowPct": 38.912133891213394
  }
}