{
  "t": 1765832683334,
  "sampleSize": 800,
  "sma50": {
    "above": 348,
    "below": 352,
    "counted": 700,
    "abovePct": 49.714285714285715,
    "belowPct": 50.28571428571429
  },
  "sma200": {
    "above": 393,
    "below": 250,
    "counted": 643,
    "abovePct": 61.11975116640747,
    "belowPct": 38.88024883359253
  }
}