{
  "t": 1778263019121,
  "sampleSize": 300,
  "sma50": {
    "above": 171,
    "below": 74,
    "counted": 245,
    "abovePct": 69.79591836734694,
    "belowPct": 30.20408163265306
  },
  "sma200": {
    "above": 141,
    "below": 101,
    "counted": 242,
    "abovePct": 58.26446280991735,
    "belowPct": 41.735537190082646
  }
}