{
  "t": 1776264962084,
  "sampleSize": 300,
  "sma50": {
    "above": 143,
    "below": 104,
    "counted": 247,
    "abovePct": 57.89473684210527,
    "belowPct": 42.10526315789473
  },
  "sma200": {
    "above": 120,
    "below": 119,
    "counted": 239,
    "abovePct": 50.2092050209205,
    "belowPct": 49.7907949790795
  }
}