{
  "t": 1765912051804,
  "sampleSize": 800,
  "sma50": {
    "above": 324,
    "below": 376,
    "counted": 700,
    "abovePct": 46.285714285714285,
    "belowPct": 53.714285714285715
  },
  "sma200": {
    "above": 390,
    "below": 254,
    "counted": 644,
    "abovePct": 60.55900621118012,
    "belowPct": 39.44099378881988
  }
}