{
  "t": 1763757442182,
  "sampleSize": 800,
  "sma50": {
    "above": 197,
    "below": 506,
    "counted": 703,
    "abovePct": 28.02275960170697,
    "belowPct": 71.97724039829303
  },
  "sma200": {
    "above": 351,
    "below": 290,
    "counted": 641,
    "abovePct": 54.75819032761311,
    "belowPct": 45.24180967238689
  }
}