{
  "t": 1773154099483,
  "sampleSize": 300,
  "sma50": {
    "above": 85,
    "below": 163,
    "counted": 248,
    "abovePct": 34.274193548387096,
    "belowPct": 65.7258064516129
  },
  "sma200": {
    "above": 130,
    "below": 108,
    "counted": 238,
    "abovePct": 54.621848739495796,
    "belowPct": 45.378151260504204
  }
}