{
  "t": 1762882624129,
  "sampleSize": 800,
  "sma50": {
    "above": 318,
    "below": 386,
    "counted": 704,
    "abovePct": 45.17045454545455,
    "belowPct": 54.82954545454546
  },
  "sma200": {
    "above": 397,
    "below": 245,
    "counted": 642,
    "abovePct": 61.838006230529594,
    "belowPct": 38.161993769470406
  }
}