{
  "t": 1763412553687,
  "sampleSize": 800,
  "sma50": {
    "above": 222,
    "below": 481,
    "counted": 703,
    "abovePct": 31.57894736842105,
    "belowPct": 68.42105263157895
  },
  "sma200": {
    "above": 356,
    "below": 285,
    "counted": 641,
    "abovePct": 55.53822152886115,
    "belowPct": 44.46177847113885
  }
}