{
  "t": 1770930646717,
  "sampleSize": 300,
  "sma50": {
    "above": 136,
    "below": 113,
    "counted": 249,
    "abovePct": 54.61847389558233,
    "belowPct": 45.38152610441767
  },
  "sma200": {
    "above": 141,
    "below": 96,
    "counted": 237,
    "abovePct": 59.49367088607595,
    "belowPct": 40.50632911392405
  }
}