{
  "t": 1767370023902,
  "sampleSize": 800,
  "sma50": {
    "above": 338,
    "below": 357,
    "counted": 695,
    "abovePct": 48.63309352517985,
    "belowPct": 51.36690647482014
  },
  "sma200": {
    "above": 368,
    "below": 277,
    "counted": 645,
    "abovePct": 57.054263565891475,
    "belowPct": 42.945736434108525
  }
}