{
  "t": 1765473034974,
  "sampleSize": 800,
  "sma50": {
    "above": 382,
    "below": 318,
    "counted": 700,
    "abovePct": 54.57142857142857,
    "belowPct": 45.42857142857143
  },
  "sma200": {
    "above": 413,
    "below": 231,
    "counted": 644,
    "abovePct": 64.13043478260869,
    "belowPct": 35.869565217391305
  }
}