{
  "t": 1775596645495,
  "sampleSize": 300,
  "sma50": {
    "above": 68,
    "below": 177,
    "counted": 245,
    "abovePct": 27.755102040816325,
    "belowPct": 72.24489795918367
  },
  "sma200": {
    "above": 92,
    "below": 143,
    "counted": 235,
    "abovePct": 39.148936170212764,
    "belowPct": 60.851063829787236
  }
}