{
  "t": 1774633696855,
  "sampleSize": 300,
  "sma50": {
    "above": 44,
    "below": 204,
    "counted": 248,
    "abovePct": 17.741935483870968,
    "belowPct": 82.25806451612904
  },
  "sma200": {
    "above": 78,
    "below": 160,
    "counted": 238,
    "abovePct": 32.773109243697476,
    "belowPct": 67.22689075630252
  }
}