{
  "t": 1766157897142,
  "sampleSize": 800,
  "sma50": {
    "above": 340,
    "below": 360,
    "counted": 700,
    "abovePct": 48.57142857142857,
    "belowPct": 51.42857142857142
  },
  "sma200": {
    "above": 391,
    "below": 256,
    "counted": 647,
    "abovePct": 60.432766615146825,
    "belowPct": 39.56723338485317
  }
}