{
  "t": 1763390929062,
  "sampleSize": 800,
  "sma50": {
    "above": 262,
    "below": 441,
    "counted": 703,
    "abovePct": 37.26884779516359,
    "belowPct": 62.73115220483641
  },
  "sma200": {
    "above": 373,
    "below": 268,
    "counted": 641,
    "abovePct": 58.19032761310452,
    "belowPct": 41.80967238689547
  }
}