{
  "t": 1767108318169,
  "sampleSize": 800,
  "sma50": {
    "above": 368,
    "below": 330,
    "counted": 698,
    "abovePct": 52.72206303724928,
    "belowPct": 47.277936962750715
  },
  "sma200": {
    "above": 393,
    "below": 252,
    "counted": 645,
    "abovePct": 60.93023255813953,
    "belowPct": 39.06976744186046
  }
}