{
  "t": 1770665554814,
  "sampleSize": 800,
  "sma50": {
    "above": 397,
    "below": 292,
    "counted": 689,
    "abovePct": 57.61973875181422,
    "belowPct": 42.380261248185775
  },
  "sma200": {
    "above": 397,
    "below": 253,
    "counted": 650,
    "abovePct": 61.07692307692307,
    "belowPct": 38.92307692307692
  }
}