{
  "t": 1769806027704,
  "sampleSize": 800,
  "sma50": {
    "above": 390,
    "below": 294,
    "counted": 684,
    "abovePct": 57.01754385964912,
    "belowPct": 42.98245614035088
  },
  "sma200": {
    "above": 403,
    "below": 241,
    "counted": 644,
    "abovePct": 62.577639751552795,
    "belowPct": 37.422360248447205
  }
}