{
  "t": 1770306431186,
  "sampleSize": 800,
  "sma50": {
    "above": 336,
    "below": 353,
    "counted": 689,
    "abovePct": 48.76632801161103,
    "belowPct": 51.23367198838898
  },
  "sma200": {
    "above": 383,
    "below": 267,
    "counted": 650,
    "abovePct": 58.92307692307692,
    "belowPct": 41.07692307692308
  }
}