{
  "t": 1764793524867,
  "sampleSize": 800,
  "sma50": {
    "above": 340,
    "below": 361,
    "counted": 701,
    "abovePct": 48.502139800285306,
    "belowPct": 51.497860199714694
  },
  "sma200": {
    "above": 397,
    "below": 249,
    "counted": 646,
    "abovePct": 61.45510835913313,
    "belowPct": 38.54489164086687
  }
}