{
  "t": 1764945380260,
  "sampleSize": 800,
  "sma50": {
    "above": 346,
    "below": 355,
    "counted": 701,
    "abovePct": 49.35805991440799,
    "belowPct": 50.641940085592005
  },
  "sma200": {
    "above": 404,
    "below": 244,
    "counted": 648,
    "abovePct": 62.34567901234568,
    "belowPct": 37.65432098765432
  }
}