{
  "t": 1770997656561,
  "sampleSize": 300,
  "sma50": {
    "above": 139,
    "below": 110,
    "counted": 249,
    "abovePct": 55.82329317269076,
    "belowPct": 44.17670682730924
  },
  "sma200": {
    "above": 142,
    "below": 96,
    "counted": 238,
    "abovePct": 59.66386554621849,
    "belowPct": 40.33613445378151
  }
}