{
  "t": 1764014835900,
  "sampleSize": 800,
  "sma50": {
    "above": 233,
    "below": 469,
    "counted": 702,
    "abovePct": 33.19088319088319,
    "belowPct": 66.8091168091168
  },
  "sma200": {
    "above": 362,
    "below": 278,
    "counted": 640,
    "abovePct": 56.56250000000001,
    "belowPct": 43.4375
  }
}