{
  "t": 1777475861047,
  "sampleSize": 300,
  "sma50": {
    "above": 146,
    "below": 99,
    "counted": 245,
    "abovePct": 59.591836734693885,
    "belowPct": 40.40816326530612
  },
  "sma200": {
    "above": 130,
    "below": 111,
    "counted": 241,
    "abovePct": 53.941908713692946,
    "belowPct": 46.058091286307054
  }
}