{
  "t": 1762543360602,
  "sampleSize": 800,
  "sma50": {
    "above": 254,
    "below": 450,
    "counted": 704,
    "abovePct": 36.07954545454545,
    "belowPct": 63.92045454545454
  },
  "sma200": {
    "above": 381,
    "below": 261,
    "counted": 642,
    "abovePct": 59.345794392523366,
    "belowPct": 40.654205607476634
  }
}