{
  "t": 1775152103698,
  "sampleSize": 300,
  "sma50": {
    "above": 58,
    "below": 190,
    "counted": 248,
    "abovePct": 23.387096774193548,
    "belowPct": 76.61290322580645
  },
  "sma200": {
    "above": 89,
    "below": 149,
    "counted": 238,
    "abovePct": 37.39495798319328,
    "belowPct": 62.60504201680672
  }
}