{
  "t": 1768411556425,
  "sampleSize": 800,
  "sma50": {
    "above": 430,
    "below": 264,
    "counted": 694,
    "abovePct": 61.95965417867435,
    "belowPct": 38.04034582132565
  },
  "sma200": {
    "above": 405,
    "below": 242,
    "counted": 647,
    "abovePct": 62.59659969088099,
    "belowPct": 37.403400309119014
  }
}