{
  "t": 1773082105560,
  "sampleSize": 300,
  "sma50": {
    "above": 57,
    "below": 191,
    "counted": 248,
    "abovePct": 22.983870967741936,
    "belowPct": 77.01612903225806
  },
  "sma200": {
    "above": 121,
    "below": 117,
    "counted": 238,
    "abovePct": 50.84033613445378,
    "belowPct": 49.159663865546214
  }
}