{
  "t": 1774291722135,
  "sampleSize": 300,
  "sma50": {
    "above": 55,
    "below": 193,
    "counted": 248,
    "abovePct": 22.177419354838708,
    "belowPct": 77.82258064516128
  },
  "sma200": {
    "above": 90,
    "below": 148,
    "counted": 238,
    "abovePct": 37.81512605042017,
    "belowPct": 62.18487394957983
  }
}