{
  "t": 1765208285106,
  "sampleSize": 800,
  "sma50": {
    "above": 352,
    "below": 349,
    "counted": 701,
    "abovePct": 50.21398002853067,
    "belowPct": 49.78601997146933
  },
  "sma200": {
    "above": 406,
    "below": 242,
    "counted": 648,
    "abovePct": 62.65432098765432,
    "belowPct": 37.34567901234568
  }
}