{
  "t": 1762958212039,
  "sampleSize": 800,
  "sma50": {
    "above": 342,
    "below": 362,
    "counted": 704,
    "abovePct": 48.57954545454545,
    "belowPct": 51.42045454545454
  },
  "sma200": {
    "above": 404,
    "below": 238,
    "counted": 642,
    "abovePct": 62.928348909657316,
    "belowPct": 37.07165109034268
  }
}