{
  "t": 1765380333596,
  "sampleSize": 800,
  "sma50": {
    "above": 357,
    "below": 343,
    "counted": 700,
    "abovePct": 51,
    "belowPct": 49
  },
  "sma200": {
    "above": 407,
    "below": 240,
    "counted": 647,
    "abovePct": 62.90571870170015,
    "belowPct": 37.09428129829985
  }
}