{
  "t": 1764871792467,
  "sampleSize": 800,
  "sma50": {
    "above": 346,
    "below": 355,
    "counted": 701,
    "abovePct": 49.35805991440799,
    "belowPct": 50.641940085592005
  },
  "sma200": {
    "above": 401,
    "below": 247,
    "counted": 648,
    "abovePct": 61.882716049382715,
    "belowPct": 38.117283950617285
  }
}