{
  "t": 1772567127855,
  "sampleSize": 300,
  "sma50": {
    "above": 99,
    "below": 150,
    "counted": 249,
    "abovePct": 39.75903614457831,
    "belowPct": 60.24096385542169
  },
  "sma200": {
    "above": 137,
    "below": 102,
    "counted": 239,
    "abovePct": 57.32217573221757,
    "belowPct": 42.67782426778243
  }
}