{
  "t": 1764084302155,
  "sampleSize": 800,
  "sma50": {
    "above": 252,
    "below": 450,
    "counted": 702,
    "abovePct": 35.8974358974359,
    "belowPct": 64.1025641025641
  },
  "sma200": {
    "above": 365,
    "below": 275,
    "counted": 640,
    "abovePct": 57.03125,
    "belowPct": 42.96875
  }
}