{
  "t": 1773330594691,
  "sampleSize": 300,
  "sma50": {
    "above": 57,
    "below": 191,
    "counted": 248,
    "abovePct": 22.983870967741936,
    "belowPct": 77.01612903225806
  },
  "sma200": {
    "above": 109,
    "below": 129,
    "counted": 238,
    "abovePct": 45.79831932773109,
    "belowPct": 54.20168067226891
  }
}