{
  "t": 1764002340155,
  "sampleSize": 800,
  "sma50": {
    "above": 223,
    "below": 479,
    "counted": 702,
    "abovePct": 31.76638176638177,
    "belowPct": 68.23361823361823
  },
  "sma200": {
    "above": 360,
    "below": 280,
    "counted": 640,
    "abovePct": 56.25,
    "belowPct": 43.75
  }
}