{
  "t": 1768404323123,
  "sampleSize": 800,
  "sma50": {
    "above": 437,
    "below": 257,
    "counted": 694,
    "abovePct": 62.96829971181557,
    "belowPct": 37.03170028818444
  },
  "sma200": {
    "above": 410,
    "below": 237,
    "counted": 647,
    "abovePct": 63.3693972179289,
    "belowPct": 36.6306027820711
  }
}