{
  "t": 1776092540956,
  "sampleSize": 300,
  "sma50": {
    "above": 119,
    "below": 128,
    "counted": 247,
    "abovePct": 48.178137651821864,
    "belowPct": 51.821862348178136
  },
  "sma200": {
    "above": 109,
    "below": 129,
    "counted": 238,
    "abovePct": 45.79831932773109,
    "belowPct": 54.20168067226891
  }
}