{
  "t": 1771001286721,
  "sampleSize": 300,
  "sma50": {
    "above": 141,
    "below": 108,
    "counted": 249,
    "abovePct": 56.62650602409639,
    "belowPct": 43.373493975903614
  },
  "sma200": {
    "above": 146,
    "below": 92,
    "counted": 238,
    "abovePct": 61.34453781512605,
    "belowPct": 38.655462184873954
  }
}