{
  "t": 1764964128762,
  "sampleSize": 800,
  "sma50": {
    "above": 352,
    "below": 349,
    "counted": 701,
    "abovePct": 50.21398002853067,
    "belowPct": 49.78601997146933
  },
  "sma200": {
    "above": 409,
    "below": 239,
    "counted": 648,
    "abovePct": 63.117283950617285,
    "belowPct": 36.882716049382715
  }
}