{
  "t": 1763410055923,
  "sampleSize": 800,
  "sma50": {
    "above": 215,
    "below": 488,
    "counted": 703,
    "abovePct": 30.58321479374111,
    "belowPct": 69.4167852062589
  },
  "sma200": {
    "above": 359,
    "below": 282,
    "counted": 641,
    "abovePct": 56.00624024960999,
    "belowPct": 43.99375975039001
  }
}