{
  "t": 1782504584044,
  "sampleSize": 300,
  "sma50": {
    "above": 131,
    "below": 124,
    "counted": 255,
    "abovePct": 51.37254901960784,
    "belowPct": 48.627450980392155
  },
  "sma200": {
    "above": 121,
    "below": 91,
    "counted": 212,
    "abovePct": 57.07547169811321,
    "belowPct": 42.924528301886795
  }
}