{
  "t": 1764087942776,
  "sampleSize": 800,
  "sma50": {
    "above": 271,
    "below": 431,
    "counted": 702,
    "abovePct": 38.603988603988604,
    "belowPct": 61.396011396011396
  },
  "sma200": {
    "above": 369,
    "below": 271,
    "counted": 640,
    "abovePct": 57.65625,
    "belowPct": 42.34375
  }
}