{
  "t": 1769114544767,
  "sampleSize": 800,
  "sma50": {
    "above": 452,
    "below": 239,
    "counted": 691,
    "abovePct": 65.41244573082489,
    "belowPct": 34.58755426917511
  },
  "sma200": {
    "above": 428,
    "below": 218,
    "counted": 646,
    "abovePct": 66.25386996904025,
    "belowPct": 33.746130030959755
  }
}