{
  "t": 1782768714473,
  "sampleSize": 300,
  "sma50": {
    "above": 144,
    "below": 111,
    "counted": 255,
    "abovePct": 56.470588235294116,
    "belowPct": 43.529411764705884
  },
  "sma200": {
    "above": 124,
    "below": 88,
    "counted": 212,
    "abovePct": 58.490566037735846,
    "belowPct": 41.509433962264154
  }
}