{
  "t": 1771609592194,
  "sampleSize": 300,
  "sma50": {
    "above": 136,
    "below": 113,
    "counted": 249,
    "abovePct": 54.61847389558233,
    "belowPct": 45.38152610441767
  },
  "sma200": {
    "above": 144,
    "below": 95,
    "counted": 239,
    "abovePct": 60.25104602510461,
    "belowPct": 39.74895397489539
  }
}