{
  "t": 1773942547177,
  "sampleSize": 300,
  "sma50": {
    "above": 46,
    "below": 202,
    "counted": 248,
    "abovePct": 18.548387096774192,
    "belowPct": 81.45161290322581
  },
  "sma200": {
    "above": 89,
    "below": 149,
    "counted": 238,
    "abovePct": 37.39495798319328,
    "belowPct": 62.60504201680672
  }
}