{
  "t": 1768324217556,
  "sampleSize": 800,
  "sma50": {
    "above": 425,
    "below": 265,
    "counted": 690,
    "abovePct": 61.59420289855072,
    "belowPct": 38.405797101449274
  },
  "sma200": {
    "above": 403,
    "below": 240,
    "counted": 643,
    "abovePct": 62.674961119751174,
    "belowPct": 37.32503888024883
  }
}