{
  "t": 1764961528384,
  "sampleSize": 800,
  "sma50": {
    "above": 351,
    "below": 350,
    "counted": 701,
    "abovePct": 50.07132667617689,
    "belowPct": 49.928673323823105
  },
  "sma200": {
    "above": 409,
    "below": 239,
    "counted": 648,
    "abovePct": 63.117283950617285,
    "belowPct": 36.882716049382715
  }
}