{
  "t": 1780933703319,
  "sampleSize": 300,
  "sma50": {
    "above": 137,
    "below": 117,
    "counted": 254,
    "abovePct": 53.937007874015755,
    "belowPct": 46.06299212598425
  },
  "sma200": {
    "above": 131,
    "below": 111,
    "counted": 242,
    "abovePct": 54.132231404958674,
    "belowPct": 45.867768595041326
  }
}