{
  "t": 1763491451041,
  "sampleSize": 800,
  "sma50": {
    "above": 212,
    "below": 491,
    "counted": 703,
    "abovePct": 30.156472261735416,
    "belowPct": 69.84352773826458
  },
  "sma200": {
    "above": 360,
    "below": 281,
    "counted": 641,
    "abovePct": 56.16224648985959,
    "belowPct": 43.8377535101404
  }
}