{
  "t": 1764868279188,
  "sampleSize": 800,
  "sma50": {
    "above": 348,
    "below": 353,
    "counted": 701,
    "abovePct": 49.64336661911555,
    "belowPct": 50.35663338088445
  },
  "sma200": {
    "above": 402,
    "below": 246,
    "counted": 648,
    "abovePct": 62.03703703703704,
    "belowPct": 37.96296296296296
  }
}