{
  "t": 1778094369931,
  "sampleSize": 300,
  "sma50": {
    "above": 177,
    "below": 68,
    "counted": 245,
    "abovePct": 72.24489795918367,
    "belowPct": 27.755102040816325
  },
  "sma200": {
    "above": 147,
    "below": 94,
    "counted": 241,
    "abovePct": 60.99585062240664,
    "belowPct": 39.004149377593365
  }
}