{
  "t": 1763048989462,
  "sampleSize": 800,
  "sma50": {
    "above": 310,
    "below": 394,
    "counted": 704,
    "abovePct": 44.034090909090914,
    "belowPct": 55.96590909090909
  },
  "sma200": {
    "above": 386,
    "below": 256,
    "counted": 642,
    "abovePct": 60.12461059190031,
    "belowPct": 39.875389408099686
  }
}