{
  "t": 1765904317884,
  "sampleSize": 800,
  "sma50": {
    "above": 329,
    "below": 371,
    "counted": 700,
    "abovePct": 47,
    "belowPct": 53
  },
  "sma200": {
    "above": 391,
    "below": 253,
    "counted": 644,
    "abovePct": 60.71428571428571,
    "belowPct": 39.285714285714285
  }
}