{
  "t": 1769622945783,
  "sampleSize": 800,
  "sma50": {
    "above": 447,
    "below": 243,
    "counted": 690,
    "abovePct": 64.78260869565217,
    "belowPct": 35.21739130434783
  },
  "sma200": {
    "above": 420,
    "below": 230,
    "counted": 650,
    "abovePct": 64.61538461538461,
    "belowPct": 35.38461538461539
  }
}