{
  "t": 1769785108081,
  "sampleSize": 800,
  "sma50": {
    "above": 413,
    "below": 277,
    "counted": 690,
    "abovePct": 59.85507246376811,
    "belowPct": 40.14492753623188
  },
  "sma200": {
    "above": 403,
    "below": 247,
    "counted": 650,
    "abovePct": 62,
    "belowPct": 38
  }
}