{
  "t": 1763399210604,
  "sampleSize": 800,
  "sma50": {
    "above": 268,
    "below": 435,
    "counted": 703,
    "abovePct": 38.12233285917496,
    "belowPct": 61.87766714082503
  },
  "sma200": {
    "above": 370,
    "below": 271,
    "counted": 641,
    "abovePct": 57.72230889235569,
    "belowPct": 42.27769110764431
  }
}