{
  "t": 1779817047713,
  "sampleSize": 300,
  "sma50": {
    "above": 154,
    "below": 99,
    "counted": 253,
    "abovePct": 60.86956521739131,
    "belowPct": 39.130434782608695
  },
  "sma200": {
    "above": 143,
    "below": 99,
    "counted": 242,
    "abovePct": 59.09090909090909,
    "belowPct": 40.909090909090914
  }
}