{
  "t": 1764179368043,
  "sampleSize": 800,
  "sma50": {
    "above": 334,
    "below": 368,
    "counted": 702,
    "abovePct": 47.57834757834758,
    "belowPct": 52.42165242165242
  },
  "sma200": {
    "above": 386,
    "below": 257,
    "counted": 643,
    "abovePct": 60.031104199066874,
    "belowPct": 39.968895800933126
  }
}