{
  "t": 1771449220818,
  "sampleSize": 300,
  "sma50": {
    "above": 141,
    "below": 108,
    "counted": 249,
    "abovePct": 56.62650602409639,
    "belowPct": 43.373493975903614
  },
  "sma200": {
    "above": 151,
    "below": 88,
    "counted": 239,
    "abovePct": 63.17991631799163,
    "belowPct": 36.82008368200837
  }
}