{
  "t": 1773781993883,
  "sampleSize": 300,
  "sma50": {
    "above": 70,
    "below": 178,
    "counted": 248,
    "abovePct": 28.225806451612907,
    "belowPct": 71.7741935483871
  },
  "sma200": {
    "above": 109,
    "below": 129,
    "counted": 238,
    "abovePct": 45.79831932773109,
    "belowPct": 54.20168067226891
  }
}