{
  "t": 1763744757062,
  "sampleSize": 800,
  "sma50": {
    "above": 193,
    "below": 505,
    "counted": 698,
    "abovePct": 27.650429799426934,
    "belowPct": 72.34957020057307
  },
  "sma200": {
    "above": 339,
    "below": 297,
    "counted": 636,
    "abovePct": 53.301886792452834,
    "belowPct": 46.69811320754717
  }
}