{
  "t": 1764619594735,
  "sampleSize": 800,
  "sma50": {
    "above": 320,
    "below": 381,
    "counted": 701,
    "abovePct": 45.6490727532097,
    "belowPct": 54.350927246790306
  },
  "sma200": {
    "above": 385,
    "below": 259,
    "counted": 644,
    "abovePct": 59.78260869565217,
    "belowPct": 40.21739130434783
  }
}