{
  "t": 1768490728274,
  "sampleSize": 800,
  "sma50": {
    "above": 452,
    "below": 242,
    "counted": 694,
    "abovePct": 65.12968299711815,
    "belowPct": 34.87031700288185
  },
  "sma200": {
    "above": 416,
    "below": 231,
    "counted": 647,
    "abovePct": 64.2967542503864,
    "belowPct": 35.7032457496136
  }
}