{
  "t": 1780509964935,
  "sampleSize": 300,
  "sma50": {
    "above": 148,
    "below": 105,
    "counted": 253,
    "abovePct": 58.498023715415016,
    "belowPct": 41.50197628458498
  },
  "sma200": {
    "above": 132,
    "below": 110,
    "counted": 242,
    "abovePct": 54.54545454545454,
    "belowPct": 45.45454545454545
  }
}