{
  "t": 1763581740580,
  "sampleSize": 800,
  "sma50": {
    "above": 190,
    "below": 513,
    "counted": 703,
    "abovePct": 27.027027027027028,
    "belowPct": 72.97297297297297
  },
  "sma200": {
    "above": 346,
    "below": 295,
    "counted": 641,
    "abovePct": 53.97815912636506,
    "belowPct": 46.02184087363494
  }
}