{
  "t": 1776196408102,
  "sampleSize": 300,
  "sma50": {
    "above": 140,
    "below": 107,
    "counted": 247,
    "abovePct": 56.68016194331984,
    "belowPct": 43.31983805668016
  },
  "sma200": {
    "above": 114,
    "below": 125,
    "counted": 239,
    "abovePct": 47.69874476987448,
    "belowPct": 52.30125523012552
  }
}