{
  "t": 1769439182843,
  "sampleSize": 800,
  "sma50": {
    "above": 461,
    "below": 230,
    "counted": 691,
    "abovePct": 66.71490593342982,
    "belowPct": 33.28509406657019
  },
  "sma200": {
    "above": 422,
    "below": 225,
    "counted": 647,
    "abovePct": 65.2241112828439,
    "belowPct": 34.77588871715611
  }
}