{
  "t": 1765570025322,
  "sampleSize": 800,
  "sma50": {
    "above": 367,
    "below": 333,
    "counted": 700,
    "abovePct": 52.42857142857142,
    "belowPct": 47.57142857142857
  },
  "sma200": {
    "above": 411,
    "below": 233,
    "counted": 644,
    "abovePct": 63.81987577639752,
    "belowPct": 36.18012422360248
  }
}