{
  "t": 1779909535690,
  "sampleSize": 300,
  "sma50": {
    "above": 158,
    "below": 95,
    "counted": 253,
    "abovePct": 62.450592885375485,
    "belowPct": 37.54940711462451
  },
  "sma200": {
    "above": 142,
    "below": 100,
    "counted": 242,
    "abovePct": 58.67768595041323,
    "belowPct": 41.32231404958678
  }
}