{
  "t": 1774551006289,
  "sampleSize": 300,
  "sma50": {
    "above": 48,
    "below": 200,
    "counted": 248,
    "abovePct": 19.35483870967742,
    "belowPct": 80.64516129032258
  },
  "sma200": {
    "above": 86,
    "below": 152,
    "counted": 238,
    "abovePct": 36.134453781512605,
    "belowPct": 63.86554621848739
  }
}