{
  "t": 1762547725438,
  "sampleSize": 800,
  "sma50": {
    "above": 266,
    "below": 438,
    "counted": 704,
    "abovePct": 37.784090909090914,
    "belowPct": 62.21590909090909
  },
  "sma200": {
    "above": 384,
    "below": 258,
    "counted": 642,
    "abovePct": 59.813084112149525,
    "belowPct": 40.18691588785047
  }
}