{
  "t": 1767019756392,
  "sampleSize": 800,
  "sma50": {
    "above": 374,
    "below": 325,
    "counted": 699,
    "abovePct": 53.50500715307582,
    "belowPct": 46.49499284692418
  },
  "sma200": {
    "above": 393,
    "below": 253,
    "counted": 646,
    "abovePct": 60.8359133126935,
    "belowPct": 39.1640866873065
  }
}