{
  "t": 1767901740067,
  "sampleSize": 800,
  "sma50": {
    "above": 413,
    "below": 281,
    "counted": 694,
    "abovePct": 59.51008645533141,
    "belowPct": 40.48991354466859
  },
  "sma200": {
    "above": 405,
    "below": 241,
    "counted": 646,
    "abovePct": 62.693498452012385,
    "belowPct": 37.306501547987615
  }
}