{
  "t": 1781810352213,
  "sampleSize": 300,
  "sma50": {
    "above": 136,
    "below": 116,
    "counted": 252,
    "abovePct": 53.96825396825397,
    "belowPct": 46.03174603174603
  },
  "sma200": {
    "above": 116,
    "below": 94,
    "counted": 210,
    "abovePct": 55.23809523809524,
    "belowPct": 44.761904761904766
  }
}