{
  "t": 1763497087256,
  "sampleSize": 800,
  "sma50": {
    "above": 218,
    "below": 485,
    "counted": 703,
    "abovePct": 31.0099573257468,
    "belowPct": 68.9900426742532
  },
  "sma200": {
    "above": 363,
    "below": 278,
    "counted": 641,
    "abovePct": 56.63026521060842,
    "belowPct": 43.36973478939157
  }
}