{
  "t": 1775747072574,
  "sampleSize": 300,
  "sma50": {
    "above": 101,
    "below": 146,
    "counted": 247,
    "abovePct": 40.89068825910931,
    "belowPct": 59.10931174089069
  },
  "sma200": {
    "above": 105,
    "below": 132,
    "counted": 237,
    "abovePct": 44.303797468354425,
    "belowPct": 55.69620253164557
  }
}