{
  "t": 1778868198936,
  "sampleSize": 300,
  "sma50": {
    "above": 142,
    "below": 108,
    "counted": 250,
    "abovePct": 56.8,
    "belowPct": 43.2
  },
  "sma200": {
    "above": 130,
    "below": 112,
    "counted": 242,
    "abovePct": 53.71900826446281,
    "belowPct": 46.28099173553719
  }
}