{
  "t": 1769201537572,
  "sampleSize": 800,
  "sma50": {
    "above": 448,
    "below": 243,
    "counted": 691,
    "abovePct": 64.83357452966715,
    "belowPct": 35.166425470332854
  },
  "sma200": {
    "above": 422,
    "below": 225,
    "counted": 647,
    "abovePct": 65.2241112828439,
    "belowPct": 34.77588871715611
  }
}