{
  "t": 1763570523470,
  "sampleSize": 800,
  "sma50": {
    "above": 197,
    "below": 506,
    "counted": 703,
    "abovePct": 28.02275960170697,
    "belowPct": 71.97724039829303
  },
  "sma200": {
    "above": 353,
    "below": 288,
    "counted": 641,
    "abovePct": 55.07020280811232,
    "belowPct": 44.92979719188768
  }
}