{
  "t": 1770135691551,
  "sampleSize": 800,
  "sma50": {
    "above": 394,
    "below": 295,
    "counted": 689,
    "abovePct": 57.18432510885341,
    "belowPct": 42.815674891146585
  },
  "sma200": {
    "above": 407,
    "below": 242,
    "counted": 649,
    "abovePct": 62.71186440677966,
    "belowPct": 37.28813559322034
  }
}