{
  "t": 1764344181589,
  "sampleSize": 800,
  "sma50": {
    "above": 336,
    "below": 365,
    "counted": 701,
    "abovePct": 47.93152639087018,
    "belowPct": 52.06847360912982
  },
  "sma200": {
    "above": 391,
    "below": 252,
    "counted": 643,
    "abovePct": 60.80870917573873,
    "belowPct": 39.19129082426128
  }
}