{
  "t": 1782414786279,
  "sampleSize": 300,
  "sma50": {
    "above": 131,
    "below": 124,
    "counted": 255,
    "abovePct": 51.37254901960784,
    "belowPct": 48.627450980392155
  },
  "sma200": {
    "above": 117,
    "below": 95,
    "counted": 212,
    "abovePct": 55.188679245283026,
    "belowPct": 44.81132075471698
  }
}