{
  "t": 1768931223838,
  "sampleSize": 800,
  "sma50": {
    "above": 415,
    "below": 278,
    "counted": 693,
    "abovePct": 59.884559884559884,
    "belowPct": 40.115440115440116
  },
  "sma200": {
    "above": 398,
    "below": 249,
    "counted": 647,
    "abovePct": 61.514683153013905,
    "belowPct": 38.48531684698609
  }
}