{
  "t": 1767899340980,
  "sampleSize": 800,
  "sma50": {
    "above": 416,
    "below": 278,
    "counted": 694,
    "abovePct": 59.94236311239193,
    "belowPct": 40.05763688760807
  },
  "sma200": {
    "above": 405,
    "below": 241,
    "counted": 646,
    "abovePct": 62.693498452012385,
    "belowPct": 37.306501547987615
  }
}