{
  "t": 1762968273295,
  "sampleSize": 800,
  "sma50": {
    "above": 338,
    "below": 366,
    "counted": 704,
    "abovePct": 48.01136363636363,
    "belowPct": 51.98863636363637
  },
  "sma200": {
    "above": 398,
    "below": 244,
    "counted": 642,
    "abovePct": 61.99376947040498,
    "belowPct": 38.006230529595015
  }
}