{
  "t": 1777914368928,
  "sampleSize": 300,
  "sma50": {
    "above": 158,
    "below": 87,
    "counted": 245,
    "abovePct": 64.48979591836735,
    "belowPct": 35.51020408163265
  },
  "sma200": {
    "above": 137,
    "below": 104,
    "counted": 241,
    "abovePct": 56.84647302904564,
    "belowPct": 43.15352697095436
  }
}