{
  "t": 1763562965743,
  "sampleSize": 800,
  "sma50": {
    "above": 211,
    "below": 492,
    "counted": 703,
    "abovePct": 30.014224751066855,
    "belowPct": 69.98577524893315
  },
  "sma200": {
    "above": 358,
    "below": 283,
    "counted": 641,
    "abovePct": 55.85023400936038,
    "belowPct": 44.14976599063963
  }
}