{
  "t": 1779211716753,
  "sampleSize": 300,
  "sma50": {
    "above": 142,
    "below": 111,
    "counted": 253,
    "abovePct": 56.126482213438734,
    "belowPct": 43.873517786561266
  },
  "sma200": {
    "above": 130,
    "below": 112,
    "counted": 242,
    "abovePct": 53.71900826446281,
    "belowPct": 46.28099173553719
  }
}