{
  "t": 1772808385146,
  "sampleSize": 300,
  "sma50": {
    "above": 67,
    "below": 181,
    "counted": 248,
    "abovePct": 27.016129032258064,
    "belowPct": 72.98387096774194
  },
  "sma200": {
    "above": 126,
    "below": 112,
    "counted": 238,
    "abovePct": 52.94117647058824,
    "belowPct": 47.05882352941176
  }
}