{
  "t": 1769532457364,
  "sampleSize": 800,
  "sma50": {
    "above": 452,
    "below": 239,
    "counted": 691,
    "abovePct": 65.41244573082489,
    "belowPct": 34.58755426917511
  },
  "sma200": {
    "above": 418,
    "below": 232,
    "counted": 650,
    "abovePct": 64.3076923076923,
    "belowPct": 35.69230769230769
  }
}