{
  "t": 1763492154701,
  "sampleSize": 800,
  "sma50": {
    "above": 212,
    "below": 491,
    "counted": 703,
    "abovePct": 30.156472261735416,
    "belowPct": 69.84352773826458
  },
  "sma200": {
    "above": 361,
    "below": 280,
    "counted": 641,
    "abovePct": 56.31825273010921,
    "belowPct": 43.6817472698908
  }
}