{
  "t": 1772737141992,
  "sampleSize": 300,
  "sma50": {
    "above": 77,
    "below": 171,
    "counted": 248,
    "abovePct": 31.048387096774192,
    "belowPct": 68.95161290322581
  },
  "sma200": {
    "above": 133,
    "below": 105,
    "counted": 238,
    "abovePct": 55.88235294117647,
    "belowPct": 44.11764705882353
  }
}