{
  "t": 1769107844373,
  "sampleSize": 800,
  "sma50": {
    "above": 455,
    "below": 236,
    "counted": 691,
    "abovePct": 65.8465991316932,
    "belowPct": 34.1534008683068
  },
  "sma200": {
    "above": 431,
    "below": 214,
    "counted": 645,
    "abovePct": 66.82170542635659,
    "belowPct": 33.17829457364341
  }
}