{
  "t": 1765556744282,
  "sampleSize": 800,
  "sma50": {
    "above": 363,
    "below": 337,
    "counted": 700,
    "abovePct": 51.857142857142854,
    "belowPct": 48.142857142857146
  },
  "sma200": {
    "above": 410,
    "below": 234,
    "counted": 644,
    "abovePct": 63.66459627329193,
    "belowPct": 36.33540372670808
  }
}