{
  "t": 1775764403024,
  "sampleSize": 300,
  "sma50": {
    "above": 112,
    "below": 135,
    "counted": 247,
    "abovePct": 45.34412955465587,
    "belowPct": 54.655870445344135
  },
  "sma200": {
    "above": 111,
    "below": 126,
    "counted": 237,
    "abovePct": 46.835443037974684,
    "belowPct": 53.16455696202531
  }
}