{
  "t": 1762789074084,
  "sampleSize": 800,
  "sma50": {
    "above": 300,
    "below": 404,
    "counted": 704,
    "abovePct": 42.61363636363637,
    "belowPct": 57.38636363636363
  },
  "sma200": {
    "above": 397,
    "below": 245,
    "counted": 642,
    "abovePct": 61.838006230529594,
    "belowPct": 38.161993769470406
  }
}