{
  "t": 1766082367040,
  "sampleSize": 800,
  "sma50": {
    "above": 335,
    "below": 365,
    "counted": 700,
    "abovePct": 47.85714285714286,
    "belowPct": 52.142857142857146
  },
  "sma200": {
    "above": 399,
    "below": 248,
    "counted": 647,
    "abovePct": 61.66924265842349,
    "belowPct": 38.33075734157651
  }
}