{
  "t": 1775853996123,
  "sampleSize": 300,
  "sma50": {
    "above": 111,
    "below": 136,
    "counted": 247,
    "abovePct": 44.93927125506073,
    "belowPct": 55.06072874493927
  },
  "sma200": {
    "above": 107,
    "below": 130,
    "counted": 237,
    "abovePct": 45.14767932489451,
    "belowPct": 54.85232067510548
  }
}