{
  "t": 1769614114873,
  "sampleSize": 800,
  "sma50": {
    "above": 455,
    "below": 235,
    "counted": 690,
    "abovePct": 65.94202898550725,
    "belowPct": 34.05797101449276
  },
  "sma200": {
    "above": 417,
    "below": 233,
    "counted": 650,
    "abovePct": 64.15384615384615,
    "belowPct": 35.84615384615385
  }
}