{
  "t": 1772041836797,
  "sampleSize": 300,
  "sma50": {
    "above": 143,
    "below": 106,
    "counted": 249,
    "abovePct": 57.42971887550201,
    "belowPct": 42.570281124497996
  },
  "sma200": {
    "above": 147,
    "below": 92,
    "counted": 239,
    "abovePct": 61.50627615062761,
    "belowPct": 38.49372384937239
  }
}