{
  "t": 1782507817738,
  "sampleSize": 300,
  "sma50": {
    "above": 132,
    "below": 123,
    "counted": 255,
    "abovePct": 51.76470588235295,
    "belowPct": 48.23529411764706
  },
  "sma200": {
    "above": 121,
    "below": 91,
    "counted": 212,
    "abovePct": 57.07547169811321,
    "belowPct": 42.924528301886795
  }
}