{
  "t": 1763737614302,
  "sampleSize": 800,
  "sma50": {
    "above": 165,
    "below": 533,
    "counted": 698,
    "abovePct": 23.638968481375358,
    "belowPct": 76.36103151862464
  },
  "sma200": {
    "above": 330,
    "below": 307,
    "counted": 637,
    "abovePct": 51.80533751962323,
    "belowPct": 48.19466248037676
  }
}