{
  "t": 1778266584203,
  "sampleSize": 300,
  "sma50": {
    "above": 170,
    "below": 75,
    "counted": 245,
    "abovePct": 69.38775510204081,
    "belowPct": 30.612244897959183
  },
  "sma200": {
    "above": 141,
    "below": 101,
    "counted": 242,
    "abovePct": 58.26446280991735,
    "belowPct": 41.735537190082646
  }
}