{
  "t": 1768493647814,
  "sampleSize": 800,
  "sma50": {
    "above": 453,
    "below": 240,
    "counted": 693,
    "abovePct": 65.36796536796537,
    "belowPct": 34.63203463203463
  },
  "sma200": {
    "above": 421,
    "below": 225,
    "counted": 646,
    "abovePct": 65.17027863777089,
    "belowPct": 34.82972136222911
  }
}