{
  "t": 1773258353799,
  "sampleSize": 300,
  "sma50": {
    "above": 66,
    "below": 182,
    "counted": 248,
    "abovePct": 26.61290322580645,
    "belowPct": 73.38709677419355
  },
  "sma200": {
    "above": 117,
    "below": 121,
    "counted": 238,
    "abovePct": 49.159663865546214,
    "belowPct": 50.84033613445378
  }
}