{
  "t": 1770320669875,
  "sampleSize": 800,
  "sma50": {
    "above": 330,
    "below": 359,
    "counted": 689,
    "abovePct": 47.8955007256894,
    "belowPct": 52.1044992743106
  },
  "sma200": {
    "above": 381,
    "below": 269,
    "counted": 650,
    "abovePct": 58.61538461538461,
    "belowPct": 41.38461538461539
  }
}