{
  "t": 1767892439029,
  "sampleSize": 800,
  "sma50": {
    "above": 415,
    "below": 279,
    "counted": 694,
    "abovePct": 59.798270893371765,
    "belowPct": 40.20172910662824
  },
  "sma200": {
    "above": 403,
    "below": 243,
    "counted": 646,
    "abovePct": 62.38390092879257,
    "belowPct": 37.61609907120743
  }
}