{
  "t": 1765381862792,
  "sampleSize": 800,
  "sma50": {
    "above": 359,
    "below": 341,
    "counted": 700,
    "abovePct": 51.28571428571429,
    "belowPct": 48.714285714285715
  },
  "sma200": {
    "above": 404,
    "below": 243,
    "counted": 647,
    "abovePct": 62.442040185471406,
    "belowPct": 37.557959814528594
  }
}