{
  "t": 1766604859429,
  "sampleSize": 800,
  "sma50": {
    "above": 386,
    "below": 313,
    "counted": 699,
    "abovePct": 55.22174535050072,
    "belowPct": 44.77825464949928
  },
  "sma200": {
    "above": 401,
    "below": 245,
    "counted": 646,
    "abovePct": 62.07430340557275,
    "belowPct": 37.925696594427244
  }
}