{
  "t": 1769024629042,
  "sampleSize": 800,
  "sma50": {
    "above": 432,
    "below": 260,
    "counted": 692,
    "abovePct": 62.42774566473989,
    "belowPct": 37.57225433526011
  },
  "sma200": {
    "above": 410,
    "below": 236,
    "counted": 646,
    "abovePct": 63.46749226006192,
    "belowPct": 36.53250773993808
  }
}