{
  "t": 1770139372246,
  "sampleSize": 800,
  "sma50": {
    "above": 382,
    "below": 307,
    "counted": 689,
    "abovePct": 55.442670537010166,
    "belowPct": 44.55732946298984
  },
  "sma200": {
    "above": 401,
    "below": 248,
    "counted": 649,
    "abovePct": 61.78736517719569,
    "belowPct": 38.21263482280431
  }
}