{
  "t": 1781889465737,
  "sampleSize": 300,
  "sma50": {
    "above": 143,
    "below": 110,
    "counted": 253,
    "abovePct": 56.52173913043478,
    "belowPct": 43.47826086956522
  },
  "sma200": {
    "above": 119,
    "below": 92,
    "counted": 211,
    "abovePct": 56.39810426540285,
    "belowPct": 43.60189573459716
  }
}