{
  "t": 1767035237752,
  "sampleSize": 800,
  "sma50": {
    "above": 367,
    "below": 332,
    "counted": 699,
    "abovePct": 52.5035765379113,
    "belowPct": 47.4964234620887
  },
  "sma200": {
    "above": 387,
    "below": 259,
    "counted": 646,
    "abovePct": 59.907120743034056,
    "belowPct": 40.092879256965944
  }
}