{
  "t": 1767376167678,
  "sampleSize": 800,
  "sma50": {
    "above": 341,
    "below": 354,
    "counted": 695,
    "abovePct": 49.06474820143885,
    "belowPct": 50.935251798561154
  },
  "sma200": {
    "above": 374,
    "below": 271,
    "counted": 645,
    "abovePct": 57.984496124031004,
    "belowPct": 42.01550387596899
  }
}