{
  "t": 1770153090682,
  "sampleSize": 800,
  "sma50": {
    "above": 384,
    "below": 305,
    "counted": 689,
    "abovePct": 55.73294629898403,
    "belowPct": 44.26705370101596
  },
  "sma200": {
    "above": 398,
    "below": 251,
    "counted": 649,
    "abovePct": 61.325115562403695,
    "belowPct": 38.674884437596305
  }
}