{
  "t": 1776970209017,
  "sampleSize": 300,
  "sma50": {
    "above": 147,
    "below": 100,
    "counted": 247,
    "abovePct": 59.51417004048582,
    "belowPct": 40.48582995951417
  },
  "sma200": {
    "above": 134,
    "below": 107,
    "counted": 241,
    "abovePct": 55.601659751037346,
    "belowPct": 44.398340248962654
  }
}