{
  "t": 1776707373089,
  "sampleSize": 300,
  "sma50": {
    "above": 168,
    "below": 79,
    "counted": 247,
    "abovePct": 68.0161943319838,
    "belowPct": 31.983805668016196
  },
  "sma200": {
    "above": 138,
    "below": 103,
    "counted": 241,
    "abovePct": 57.26141078838174,
    "belowPct": 42.738589211618255
  }
}