{
  "t": 1782748050461,
  "sampleSize": 300,
  "sma50": {
    "above": 136,
    "below": 119,
    "counted": 255,
    "abovePct": 53.333333333333336,
    "belowPct": 46.666666666666664
  },
  "sma200": {
    "above": 122,
    "below": 90,
    "counted": 212,
    "abovePct": 57.54716981132076,
    "belowPct": 42.45283018867924
  }
}