{
  "t": 1781106452272,
  "sampleSize": 300,
  "sma50": {
    "above": 134,
    "below": 115,
    "counted": 249,
    "abovePct": 53.81526104417671,
    "belowPct": 46.1847389558233
  },
  "sma200": {
    "above": 114,
    "below": 96,
    "counted": 210,
    "abovePct": 54.285714285714285,
    "belowPct": 45.714285714285715
  }
}