{
  "t": 1769449541436,
  "sampleSize": 800,
  "sma50": {
    "above": 454,
    "below": 237,
    "counted": 691,
    "abovePct": 65.70188133140377,
    "belowPct": 34.29811866859624
  },
  "sma200": {
    "above": 416,
    "below": 231,
    "counted": 647,
    "abovePct": 64.2967542503864,
    "belowPct": 35.7032457496136
  }
}