{
  "t": 1763567382187,
  "sampleSize": 800,
  "sma50": {
    "above": 208,
    "below": 495,
    "counted": 703,
    "abovePct": 29.58748221906117,
    "belowPct": 70.41251778093883
  },
  "sma200": {
    "above": 357,
    "below": 284,
    "counted": 641,
    "abovePct": 55.69422776911076,
    "belowPct": 44.30577223088923
  }
}