{
  "t": 1780082517467,
  "sampleSize": 300,
  "sma50": {
    "above": 160,
    "below": 93,
    "counted": 253,
    "abovePct": 63.24110671936759,
    "belowPct": 36.75889328063241
  },
  "sma200": {
    "above": 140,
    "below": 102,
    "counted": 242,
    "abovePct": 57.85123966942148,
    "belowPct": 42.14876033057851
  }
}