{
  "t": 1770149648107,
  "sampleSize": 800,
  "sma50": {
    "above": 385,
    "below": 304,
    "counted": 689,
    "abovePct": 55.878084179970976,
    "belowPct": 44.12191582002903
  },
  "sma200": {
    "above": 397,
    "below": 252,
    "counted": 649,
    "abovePct": 61.17103235747303,
    "belowPct": 38.82896764252696
  }
}