{
  "t": 1774018023674,
  "sampleSize": 300,
  "sma50": {
    "above": 45,
    "below": 203,
    "counted": 248,
    "abovePct": 18.14516129032258,
    "belowPct": 81.85483870967742
  },
  "sma200": {
    "above": 85,
    "below": 153,
    "counted": 238,
    "abovePct": 35.714285714285715,
    "belowPct": 64.28571428571429
  }
}