{
  "t": 1763574539890,
  "sampleSize": 800,
  "sma50": {
    "above": 196,
    "below": 507,
    "counted": 703,
    "abovePct": 27.880512091038405,
    "belowPct": 72.11948790896159
  },
  "sma200": {
    "above": 353,
    "below": 288,
    "counted": 641,
    "abovePct": 55.07020280811232,
    "belowPct": 44.92979719188768
  }
}