{
  "t": 1765568116812,
  "sampleSize": 800,
  "sma50": {
    "above": 369,
    "below": 331,
    "counted": 700,
    "abovePct": 52.714285714285715,
    "belowPct": 47.285714285714285
  },
  "sma200": {
    "above": 414,
    "below": 230,
    "counted": 644,
    "abovePct": 64.28571428571429,
    "belowPct": 35.714285714285715
  }
}