{
  "t": 1762794374191,
  "sampleSize": 800,
  "sma50": {
    "above": 307,
    "below": 397,
    "counted": 704,
    "abovePct": 43.60795454545455,
    "belowPct": 56.39204545454546
  },
  "sma200": {
    "above": 396,
    "below": 246,
    "counted": 642,
    "abovePct": 61.6822429906542,
    "belowPct": 38.31775700934579
  }
}