{
  "t": 1764704123268,
  "sampleSize": 800,
  "sma50": {
    "above": 318,
    "below": 383,
    "counted": 701,
    "abovePct": 45.36376604850214,
    "belowPct": 54.63623395149786
  },
  "sma200": {
    "above": 381,
    "below": 263,
    "counted": 644,
    "abovePct": 59.161490683229815,
    "belowPct": 40.838509316770185
  }
}