{
  "t": 1778794027284,
  "sampleSize": 300,
  "sma50": {
    "above": 159,
    "below": 86,
    "counted": 245,
    "abovePct": 64.89795918367346,
    "belowPct": 35.10204081632653
  },
  "sma200": {
    "above": 141,
    "below": 101,
    "counted": 242,
    "abovePct": 58.26446280991735,
    "belowPct": 41.735537190082646
  }
}