{
  "t": 1772030929081,
  "sampleSize": 300,
  "sma50": {
    "above": 139,
    "below": 110,
    "counted": 249,
    "abovePct": 55.82329317269076,
    "belowPct": 44.17670682730924
  },
  "sma200": {
    "above": 149,
    "below": 90,
    "counted": 239,
    "abovePct": 62.34309623430963,
    "belowPct": 37.65690376569037
  }
}