{
  "t": 1769194056419,
  "sampleSize": 800,
  "sma50": {
    "above": 446,
    "below": 245,
    "counted": 691,
    "abovePct": 64.54413892908828,
    "belowPct": 35.45586107091172
  },
  "sma200": {
    "above": 419,
    "below": 228,
    "counted": 647,
    "abovePct": 64.76043276661515,
    "belowPct": 35.239567233384854
  }
}