{
  "t": 1768421210185,
  "sampleSize": 800,
  "sma50": {
    "above": 435,
    "below": 259,
    "counted": 694,
    "abovePct": 62.680115273775215,
    "belowPct": 37.319884726224785
  },
  "sma200": {
    "above": 409,
    "below": 238,
    "counted": 647,
    "abovePct": 63.214837712519326,
    "belowPct": 36.78516228748068
  }
}