{
  "t": 1769441156506,
  "sampleSize": 800,
  "sma50": {
    "above": 461,
    "below": 230,
    "counted": 691,
    "abovePct": 66.71490593342982,
    "belowPct": 33.28509406657019
  },
  "sma200": {
    "above": 418,
    "below": 229,
    "counted": 647,
    "abovePct": 64.60587326120556,
    "belowPct": 35.394126738794434
  }
}