{
  "t": 1763413468073,
  "sampleSize": 800,
  "sma50": {
    "above": 223,
    "below": 480,
    "counted": 703,
    "abovePct": 31.721194879089616,
    "belowPct": 68.27880512091038
  },
  "sma200": {
    "above": 355,
    "below": 286,
    "counted": 641,
    "abovePct": 55.38221528861155,
    "belowPct": 44.61778471138845
  }
}