{
  "t": 1778016198887,
  "sampleSize": 300,
  "sma50": {
    "above": 168,
    "below": 77,
    "counted": 245,
    "abovePct": 68.57142857142857,
    "belowPct": 31.428571428571427
  },
  "sma200": {
    "above": 142,
    "below": 99,
    "counted": 241,
    "abovePct": 58.921161825726145,
    "belowPct": 41.078838174273855
  }
}