{
  "t": 1769100482365,
  "sampleSize": 800,
  "sma50": {
    "above": 455,
    "below": 236,
    "counted": 691,
    "abovePct": 65.8465991316932,
    "belowPct": 34.1534008683068
  },
  "sma200": {
    "above": 435,
    "below": 210,
    "counted": 645,
    "abovePct": 67.44186046511628,
    "belowPct": 32.55813953488372
  }
}