{
  "t": 1775850418963,
  "sampleSize": 300,
  "sma50": {
    "above": 117,
    "below": 130,
    "counted": 247,
    "abovePct": 47.368421052631575,
    "belowPct": 52.63157894736842
  },
  "sma200": {
    "above": 105,
    "below": 132,
    "counted": 237,
    "abovePct": 44.303797468354425,
    "belowPct": 55.69620253164557
  }
}