{
  "t": 1765379301074,
  "sampleSize": 800,
  "sma50": {
    "above": 360,
    "below": 340,
    "counted": 700,
    "abovePct": 51.42857142857142,
    "belowPct": 48.57142857142857
  },
  "sma200": {
    "above": 403,
    "below": 244,
    "counted": 647,
    "abovePct": 62.287480680061826,
    "belowPct": 37.712519319938174
  }
}