{
  "t": 1776711171227,
  "sampleSize": 300,
  "sma50": {
    "above": 167,
    "below": 80,
    "counted": 247,
    "abovePct": 67.61133603238866,
    "belowPct": 32.388663967611336
  },
  "sma200": {
    "above": 140,
    "below": 101,
    "counted": 241,
    "abovePct": 58.09128630705395,
    "belowPct": 41.90871369294606
  }
}