{
  "t": 1763669241705,
  "sampleSize": 800,
  "sma50": {
    "above": 170,
    "below": 533,
    "counted": 703,
    "abovePct": 24.182076813655762,
    "belowPct": 75.81792318634425
  },
  "sma200": {
    "above": 327,
    "below": 314,
    "counted": 641,
    "abovePct": 51.014040561622465,
    "belowPct": 48.985959438377535
  }
}