{
  "t": 1765469366973,
  "sampleSize": 800,
  "sma50": {
    "above": 372,
    "below": 328,
    "counted": 700,
    "abovePct": 53.142857142857146,
    "belowPct": 46.85714285714286
  },
  "sma200": {
    "above": 412,
    "below": 232,
    "counted": 644,
    "abovePct": 63.975155279503106,
    "belowPct": 36.024844720496894
  }
}