{
  "t": 1766780683604,
  "sampleSize": 800,
  "sma50": {
    "above": 380,
    "below": 319,
    "counted": 699,
    "abovePct": 54.36337625178827,
    "belowPct": 45.63662374821173
  },
  "sma200": {
    "above": 392,
    "below": 254,
    "counted": 646,
    "abovePct": 60.681114551083596,
    "belowPct": 39.318885448916404
  }
}