{
  "t": 1766079655191,
  "sampleSize": 800,
  "sma50": {
    "above": 324,
    "below": 376,
    "counted": 700,
    "abovePct": 46.285714285714285,
    "belowPct": 53.714285714285715
  },
  "sma200": {
    "above": 398,
    "below": 249,
    "counted": 647,
    "abovePct": 61.514683153013905,
    "belowPct": 38.48531684698609
  }
}