{
  "t": 1770227264999,
  "sampleSize": 800,
  "sma50": {
    "above": 349,
    "below": 340,
    "counted": 689,
    "abovePct": 50.653120464441216,
    "belowPct": 49.34687953555878
  },
  "sma200": {
    "above": 387,
    "below": 263,
    "counted": 650,
    "abovePct": 59.53846153846154,
    "belowPct": 40.46153846153846
  }
}