{
  "t": 1776703805376,
  "sampleSize": 300,
  "sma50": {
    "above": 169,
    "below": 78,
    "counted": 247,
    "abovePct": 68.42105263157895,
    "belowPct": 31.57894736842105
  },
  "sma200": {
    "above": 138,
    "below": 103,
    "counted": 241,
    "abovePct": 57.26141078838174,
    "belowPct": 42.738589211618255
  }
}