{
  "t": 1764005859555,
  "sampleSize": 800,
  "sma50": {
    "above": 225,
    "below": 477,
    "counted": 702,
    "abovePct": 32.05128205128205,
    "belowPct": 67.94871794871796
  },
  "sma200": {
    "above": 359,
    "below": 281,
    "counted": 640,
    "abovePct": 56.09375,
    "belowPct": 43.90625
  }
}