{
  "t": 1769529381082,
  "sampleSize": 800,
  "sma50": {
    "above": 445,
    "below": 246,
    "counted": 691,
    "abovePct": 64.39942112879883,
    "belowPct": 35.60057887120116
  },
  "sma200": {
    "above": 417,
    "below": 233,
    "counted": 650,
    "abovePct": 64.15384615384615,
    "belowPct": 35.84615384615385
  }
}