{
  "t": 1769197781383,
  "sampleSize": 800,
  "sma50": {
    "above": 449,
    "below": 242,
    "counted": 691,
    "abovePct": 64.97829232995659,
    "belowPct": 35.02170767004342
  },
  "sma200": {
    "above": 419,
    "below": 228,
    "counted": 647,
    "abovePct": 64.76043276661515,
    "belowPct": 35.239567233384854
  }
}