{
  "t": 1763053653697,
  "sampleSize": 800,
  "sma50": {
    "above": 300,
    "below": 404,
    "counted": 704,
    "abovePct": 42.61363636363637,
    "belowPct": 57.38636363636363
  },
  "sma200": {
    "above": 386,
    "below": 256,
    "counted": 642,
    "abovePct": 60.12461059190031,
    "belowPct": 39.875389408099686
  }
}