{
  "t": 1767199993425,
  "sampleSize": 800,
  "sma50": {
    "above": 346,
    "below": 351,
    "counted": 697,
    "abovePct": 49.64131994261119,
    "belowPct": 50.3586800573888
  },
  "sma200": {
    "above": 379,
    "below": 265,
    "counted": 644,
    "abovePct": 58.850931677018636,
    "belowPct": 41.14906832298137
  }
}