{
  "t": 1765466747435,
  "sampleSize": 800,
  "sma50": {
    "above": 379,
    "below": 321,
    "counted": 700,
    "abovePct": 54.142857142857146,
    "belowPct": 45.857142857142854
  },
  "sma200": {
    "above": 412,
    "below": 232,
    "counted": 644,
    "abovePct": 63.975155279503106,
    "belowPct": 36.024844720496894
  }
}