{
  "t": 1764861919264,
  "sampleSize": 800,
  "sma50": {
    "above": 338,
    "below": 363,
    "counted": 701,
    "abovePct": 48.21683309557774,
    "belowPct": 51.78316690442225
  },
  "sma200": {
    "above": 399,
    "below": 249,
    "counted": 648,
    "abovePct": 61.57407407407407,
    "belowPct": 38.425925925925924
  }
}