{
  "t": 1763153369291,
  "sampleSize": 800,
  "sma50": {
    "above": 261,
    "below": 443,
    "counted": 704,
    "abovePct": 37.07386363636363,
    "belowPct": 62.92613636363637
  },
  "sma200": {
    "above": 376,
    "below": 266,
    "counted": 642,
    "abovePct": 58.56697819314641,
    "belowPct": 41.43302180685358
  }
}