{
  "t": 1780089186512,
  "sampleSize": 300,
  "sma50": {
    "above": 159,
    "below": 89,
    "counted": 248,
    "abovePct": 64.11290322580645,
    "belowPct": 35.88709677419355
  },
  "sma200": {
    "above": 140,
    "below": 97,
    "counted": 237,
    "abovePct": 59.07172995780591,
    "belowPct": 40.92827004219409
  }
}