{
  "t": 1766162546282,
  "sampleSize": 800,
  "sma50": {
    "above": 349,
    "below": 351,
    "counted": 700,
    "abovePct": 49.857142857142854,
    "belowPct": 50.142857142857146
  },
  "sma200": {
    "above": 395,
    "below": 252,
    "counted": 647,
    "abovePct": 61.051004636785166,
    "belowPct": 38.94899536321484
  }
}