{
  "t": 1772480706285,
  "sampleSize": 300,
  "sma50": {
    "above": 126,
    "below": 123,
    "counted": 249,
    "abovePct": 50.602409638554214,
    "belowPct": 49.39759036144578
  },
  "sma200": {
    "above": 141,
    "below": 98,
    "counted": 239,
    "abovePct": 58.995815899581594,
    "belowPct": 41.00418410041841
  }
}