{
  "t": 1763670308047,
  "sampleSize": 800,
  "sma50": {
    "above": 170,
    "below": 533,
    "counted": 703,
    "abovePct": 24.182076813655762,
    "belowPct": 75.81792318634425
  },
  "sma200": {
    "above": 328,
    "below": 313,
    "counted": 641,
    "abovePct": 51.17004680187207,
    "belowPct": 48.829953198127924
  }
}