{
  "t": 1764859813499,
  "sampleSize": 800,
  "sma50": {
    "above": 337,
    "below": 364,
    "counted": 701,
    "abovePct": 48.074179743223965,
    "belowPct": 51.925820256776035
  },
  "sma200": {
    "above": 398,
    "below": 250,
    "counted": 648,
    "abovePct": 61.419753086419746,
    "belowPct": 38.58024691358025
  }
}