{
  "t": 1763995733688,
  "sampleSize": 800,
  "sma50": {
    "above": 202,
    "below": 500,
    "counted": 702,
    "abovePct": 28.774928774928775,
    "belowPct": 71.22507122507122
  },
  "sma200": {
    "above": 355,
    "below": 285,
    "counted": 640,
    "abovePct": 55.46875,
    "belowPct": 44.53125
  }
}