{
  "t": 1765550823281,
  "sampleSize": 800,
  "sma50": {
    "above": 393,
    "below": 307,
    "counted": 700,
    "abovePct": 56.14285714285714,
    "belowPct": 43.857142857142854
  },
  "sma200": {
    "above": 422,
    "below": 222,
    "counted": 644,
    "abovePct": 65.527950310559,
    "belowPct": 34.47204968944099
  }
}