{
  "t": 1766502425628,
  "sampleSize": 800,
  "sma50": {
    "above": 353,
    "below": 346,
    "counted": 699,
    "abovePct": 50.500715307582254,
    "belowPct": 49.49928469241774
  },
  "sma200": {
    "above": 393,
    "below": 253,
    "counted": 646,
    "abovePct": 60.8359133126935,
    "belowPct": 39.1640866873065
  }
}