{
  "t": 1781025559096,
  "sampleSize": 300,
  "sma50": {
    "above": 126,
    "below": 123,
    "counted": 249,
    "abovePct": 50.602409638554214,
    "belowPct": 49.39759036144578
  },
  "sma200": {
    "above": 114,
    "below": 96,
    "counted": 210,
    "abovePct": 54.285714285714285,
    "belowPct": 45.714285714285715
  }
}