{
  "t": 1763741234704,
  "sampleSize": 800,
  "sma50": {
    "above": 165,
    "below": 538,
    "counted": 703,
    "abovePct": 23.470839260312946,
    "belowPct": 76.52916073968706
  },
  "sma200": {
    "above": 336,
    "below": 305,
    "counted": 641,
    "abovePct": 52.418096723868956,
    "belowPct": 47.581903276131044
  }
}