{
  "t": 1769802285964,
  "sampleSize": 800,
  "sma50": {
    "above": 397,
    "below": 291,
    "counted": 688,
    "abovePct": 57.70348837209303,
    "belowPct": 42.29651162790697
  },
  "sma200": {
    "above": 406,
    "below": 242,
    "counted": 648,
    "abovePct": 62.65432098765432,
    "belowPct": 37.34567901234568
  }
}