{
  "t": 1767373570209,
  "sampleSize": 800,
  "sma50": {
    "above": 344,
    "below": 351,
    "counted": 695,
    "abovePct": 49.49640287769784,
    "belowPct": 50.50359712230216
  },
  "sma200": {
    "above": 374,
    "below": 271,
    "counted": 645,
    "abovePct": 57.984496124031004,
    "belowPct": 42.01550387596899
  }
}