{
  "t": 1766419646379,
  "sampleSize": 800,
  "sma50": {
    "above": 365,
    "below": 334,
    "counted": 699,
    "abovePct": 52.21745350500715,
    "belowPct": 47.78254649499284
  },
  "sma200": {
    "above": 401,
    "below": 245,
    "counted": 646,
    "abovePct": 62.07430340557275,
    "belowPct": 37.925696594427244
  }
}