{
  "t": 1769459135413,
  "sampleSize": 800,
  "sma50": {
    "above": 459,
    "below": 232,
    "counted": 691,
    "abovePct": 66.42547033285095,
    "belowPct": 33.57452966714906
  },
  "sma200": {
    "above": 420,
    "below": 227,
    "counted": 647,
    "abovePct": 64.91499227202473,
    "belowPct": 35.08500772797527
  }
}