{
  "t": 1772556490628,
  "sampleSize": 300,
  "sma50": {
    "above": 86,
    "below": 163,
    "counted": 249,
    "abovePct": 34.53815261044177,
    "belowPct": 65.46184738955823
  },
  "sma200": {
    "above": 131,
    "below": 108,
    "counted": 239,
    "abovePct": 54.811715481171554,
    "belowPct": 45.18828451882845
  }
}