{
  "t": 1764881443899,
  "sampleSize": 800,
  "sma50": {
    "above": 352,
    "below": 349,
    "counted": 701,
    "abovePct": 50.21398002853067,
    "belowPct": 49.78601997146933
  },
  "sma200": {
    "above": 407,
    "below": 241,
    "counted": 648,
    "abovePct": 62.808641975308646,
    "belowPct": 37.191358024691354
  }
}