{
  "t": 1765482578029,
  "sampleSize": 800,
  "sma50": {
    "above": 392,
    "below": 308,
    "counted": 700,
    "abovePct": 56.00000000000001,
    "belowPct": 44
  },
  "sma200": {
    "above": 418,
    "below": 226,
    "counted": 644,
    "abovePct": 64.90683229813664,
    "belowPct": 35.09316770186335
  }
}