{
  "t": 1763139171580,
  "sampleSize": 800,
  "sma50": {
    "above": 266,
    "below": 438,
    "counted": 704,
    "abovePct": 37.784090909090914,
    "belowPct": 62.21590909090909
  },
  "sma200": {
    "above": 373,
    "below": 269,
    "counted": 642,
    "abovePct": 58.09968847352025,
    "belowPct": 41.90031152647975
  }
}