{
  "t": 1771433433361,
  "sampleSize": 300,
  "sma50": {
    "above": 137,
    "below": 112,
    "counted": 249,
    "abovePct": 55.020080321285135,
    "belowPct": 44.97991967871486
  },
  "sma200": {
    "above": 147,
    "below": 92,
    "counted": 239,
    "abovePct": 61.50627615062761,
    "belowPct": 38.49372384937239
  }
}