{
  "t": 1765991519225,
  "sampleSize": 800,
  "sma50": {
    "above": 321,
    "below": 379,
    "counted": 700,
    "abovePct": 45.857142857142854,
    "belowPct": 54.142857142857146
  },
  "sma200": {
    "above": 391,
    "below": 253,
    "counted": 644,
    "abovePct": 60.71428571428571,
    "belowPct": 39.285714285714285
  }
}