{
  "t": 1765463786895,
  "sampleSize": 800,
  "sma50": {
    "above": 381,
    "below": 319,
    "counted": 700,
    "abovePct": 54.42857142857142,
    "belowPct": 45.57142857142858
  },
  "sma200": {
    "above": 415,
    "below": 229,
    "counted": 644,
    "abovePct": 64.44099378881988,
    "belowPct": 35.55900621118012
  }
}