{
  "t": 1773859801998,
  "sampleSize": 300,
  "sma50": {
    "above": 59,
    "below": 189,
    "counted": 248,
    "abovePct": 23.790322580645164,
    "belowPct": 76.20967741935483
  },
  "sma200": {
    "above": 97,
    "below": 141,
    "counted": 238,
    "abovePct": 40.7563025210084,
    "belowPct": 59.2436974789916
  }
}