{
  "t": 1768237886427,
  "sampleSize": 800,
  "sma50": {
    "above": 434,
    "below": 259,
    "counted": 693,
    "abovePct": 62.62626262626263,
    "belowPct": 37.37373737373738
  },
  "sma200": {
    "above": 406,
    "below": 240,
    "counted": 646,
    "abovePct": 62.848297213622295,
    "belowPct": 37.15170278637771
  }
}