{
  "t": 1773171906042,
  "sampleSize": 300,
  "sma50": {
    "above": 78,
    "below": 170,
    "counted": 248,
    "abovePct": 31.451612903225808,
    "belowPct": 68.54838709677419
  },
  "sma200": {
    "above": 130,
    "below": 108,
    "counted": 238,
    "abovePct": 54.621848739495796,
    "belowPct": 45.378151260504204
  }
}