{
  "t": 1781295394990,
  "sampleSize": 300,
  "sma50": {
    "above": 142,
    "below": 109,
    "counted": 251,
    "abovePct": 56.573705179282875,
    "belowPct": 43.42629482071713
  },
  "sma200": {
    "above": 122,
    "below": 89,
    "counted": 211,
    "abovePct": 57.81990521327014,
    "belowPct": 42.18009478672986
  }
}