{
  "t": 1767902830422,
  "sampleSize": 800,
  "sma50": {
    "above": 414,
    "below": 280,
    "counted": 694,
    "abovePct": 59.654178674351584,
    "belowPct": 40.345821325648416
  },
  "sma200": {
    "above": 402,
    "below": 244,
    "counted": 646,
    "abovePct": 62.22910216718266,
    "belowPct": 37.77089783281733
  }
}