{
  "t": 1762877241199,
  "sampleSize": 800,
  "sma50": {
    "above": 317,
    "below": 387,
    "counted": 704,
    "abovePct": 45.028409090909086,
    "belowPct": 54.97159090909091
  },
  "sma200": {
    "above": 394,
    "below": 248,
    "counted": 642,
    "abovePct": 61.37071651090342,
    "belowPct": 38.62928348909657
  }
}