{
  "t": 1767380794672,
  "sampleSize": 800,
  "sma50": {
    "above": 338,
    "below": 357,
    "counted": 695,
    "abovePct": 48.63309352517985,
    "belowPct": 51.36690647482014
  },
  "sma200": {
    "above": 372,
    "below": 273,
    "counted": 645,
    "abovePct": 57.674418604651166,
    "belowPct": 42.32558139534884
  }
}