{
  "t": 1769546371447,
  "sampleSize": 800,
  "sma50": {
    "above": 453,
    "below": 238,
    "counted": 691,
    "abovePct": 65.55716353111433,
    "belowPct": 34.44283646888567
  },
  "sma200": {
    "above": 420,
    "below": 230,
    "counted": 650,
    "abovePct": 64.61538461538461,
    "belowPct": 35.38461538461539
  }
}