{
  "t": 1768332934011,
  "sampleSize": 800,
  "sma50": {
    "above": 421,
    "below": 264,
    "counted": 685,
    "abovePct": 61.459854014598534,
    "belowPct": 38.54014598540146
  },
  "sma200": {
    "above": 398,
    "below": 241,
    "counted": 639,
    "abovePct": 62.284820031298906,
    "belowPct": 37.715179968701094
  }
}