{
  "t": 1762792936752,
  "sampleSize": 800,
  "sma50": {
    "above": 297,
    "below": 407,
    "counted": 704,
    "abovePct": 42.1875,
    "belowPct": 57.8125
  },
  "sma200": {
    "above": 391,
    "below": 251,
    "counted": 642,
    "abovePct": 60.90342679127726,
    "belowPct": 39.09657320872274
  }
}