{
  "t": 1779990152389,
  "sampleSize": 300,
  "sma50": {
    "above": 161,
    "below": 92,
    "counted": 253,
    "abovePct": 63.63636363636363,
    "belowPct": 36.36363636363637
  },
  "sma200": {
    "above": 143,
    "below": 99,
    "counted": 242,
    "abovePct": 59.09090909090909,
    "belowPct": 40.909090909090914
  }
}