{
  "t": 1770650589282,
  "sampleSize": 800,
  "sma50": {
    "above": 374,
    "below": 315,
    "counted": 689,
    "abovePct": 54.28156748911466,
    "belowPct": 45.71843251088534
  },
  "sma200": {
    "above": 393,
    "below": 257,
    "counted": 650,
    "abovePct": 60.46153846153847,
    "belowPct": 39.53846153846154
  }
}