{
  "t": 1765397252676,
  "sampleSize": 800,
  "sma50": {
    "above": 372,
    "below": 328,
    "counted": 700,
    "abovePct": 53.142857142857146,
    "belowPct": 46.85714285714286
  },
  "sma200": {
    "above": 415,
    "below": 232,
    "counted": 647,
    "abovePct": 64.14219474497682,
    "belowPct": 35.85780525502319
  }
}