{
  "t": 1770230944983,
  "sampleSize": 800,
  "sma50": {
    "above": 354,
    "below": 335,
    "counted": 689,
    "abovePct": 51.37880986937591,
    "belowPct": 48.62119013062409
  },
  "sma200": {
    "above": 388,
    "below": 262,
    "counted": 650,
    "abovePct": 59.692307692307686,
    "belowPct": 40.30769230769231
  }
}