{
  "t": 1764177851910,
  "sampleSize": 800,
  "sma50": {
    "above": 335,
    "below": 367,
    "counted": 702,
    "abovePct": 47.72079772079772,
    "belowPct": 52.27920227920227
  },
  "sma200": {
    "above": 387,
    "below": 256,
    "counted": 643,
    "abovePct": 60.186625194401245,
    "belowPct": 39.813374805598755
  }
}