{
  "t": 1763066274930,
  "sampleSize": 800,
  "sma50": {
    "above": 283,
    "below": 421,
    "counted": 704,
    "abovePct": 40.19886363636363,
    "belowPct": 59.80113636363637
  },
  "sma200": {
    "above": 377,
    "below": 265,
    "counted": 642,
    "abovePct": 58.72274143302181,
    "belowPct": 41.27725856697819
  }
}