{
  "t": 1769699697603,
  "sampleSize": 800,
  "sma50": {
    "above": 428,
    "below": 262,
    "counted": 690,
    "abovePct": 62.02898550724638,
    "belowPct": 37.971014492753625
  },
  "sma200": {
    "above": 411,
    "below": 239,
    "counted": 650,
    "abovePct": 63.23076923076923,
    "belowPct": 36.769230769230774
  }
}