{
  "t": 1781192935345,
  "sampleSize": 300,
  "sma50": {
    "above": 120,
    "below": 131,
    "counted": 251,
    "abovePct": 47.808764940239044,
    "belowPct": 52.191235059760956
  },
  "sma200": {
    "above": 111,
    "below": 100,
    "counted": 211,
    "abovePct": 52.60663507109005,
    "belowPct": 47.39336492890995
  }
}