{
  "t": 1766081372958,
  "sampleSize": 800,
  "sma50": {
    "above": 331,
    "below": 369,
    "counted": 700,
    "abovePct": 47.285714285714285,
    "belowPct": 52.714285714285715
  },
  "sma200": {
    "above": 400,
    "below": 247,
    "counted": 647,
    "abovePct": 61.82380216383307,
    "belowPct": 38.17619783616693
  }
}