{
  "t": 1770308381124,
  "sampleSize": 800,
  "sma50": {
    "above": 332,
    "below": 357,
    "counted": 689,
    "abovePct": 48.185776487663276,
    "belowPct": 51.814223512336724
  },
  "sma200": {
    "above": 382,
    "below": 268,
    "counted": 650,
    "abovePct": 58.769230769230774,
    "belowPct": 41.23076923076923
  }
}