{
  "t": 1774450226688,
  "sampleSize": 300,
  "sma50": {
    "above": 58,
    "below": 190,
    "counted": 248,
    "abovePct": 23.387096774193548,
    "belowPct": 76.61290322580645
  },
  "sma200": {
    "above": 90,
    "below": 148,
    "counted": 238,
    "abovePct": 37.81512605042017,
    "belowPct": 62.18487394957983
  }
}