{
  "t": 1776979057323,
  "sampleSize": 300,
  "sma50": {
    "above": 151,
    "below": 96,
    "counted": 247,
    "abovePct": 61.1336032388664,
    "belowPct": 38.8663967611336
  },
  "sma200": {
    "above": 136,
    "below": 105,
    "counted": 241,
    "abovePct": 56.43153526970954,
    "belowPct": 43.56846473029046
  }
}