{
  "t": 1763657699658,
  "sampleSize": 800,
  "sma50": {
    "above": 199,
    "below": 504,
    "counted": 703,
    "abovePct": 28.3072546230441,
    "belowPct": 71.6927453769559
  },
  "sma200": {
    "above": 348,
    "below": 293,
    "counted": 641,
    "abovePct": 54.29017160686428,
    "belowPct": 45.70982839313572
  }
}