{
  "t": 1767985645358,
  "sampleSize": 800,
  "sma50": {
    "above": 433,
    "below": 261,
    "counted": 694,
    "abovePct": 62.39193083573487,
    "belowPct": 37.60806916426513
  },
  "sma200": {
    "above": 401,
    "below": 244,
    "counted": 645,
    "abovePct": 62.17054263565891,
    "belowPct": 37.82945736434108
  }
}