{
  "t": 1764783575669,
  "sampleSize": 800,
  "sma50": {
    "above": 331,
    "below": 370,
    "counted": 701,
    "abovePct": 47.21825962910128,
    "belowPct": 52.78174037089871
  },
  "sma200": {
    "above": 393,
    "below": 253,
    "counted": 646,
    "abovePct": 60.8359133126935,
    "belowPct": 39.1640866873065
  }
}