{
  "t": 1768413239087,
  "sampleSize": 800,
  "sma50": {
    "above": 426,
    "below": 268,
    "counted": 694,
    "abovePct": 61.38328530259366,
    "belowPct": 38.61671469740634
  },
  "sma200": {
    "above": 403,
    "below": 244,
    "counted": 647,
    "abovePct": 62.287480680061826,
    "belowPct": 37.712519319938174
  }
}