{
  "t": 1776362186443,
  "sampleSize": 300,
  "sma50": {
    "above": 148,
    "below": 99,
    "counted": 247,
    "abovePct": 59.91902834008097,
    "belowPct": 40.08097165991903
  },
  "sma200": {
    "above": 128,
    "below": 112,
    "counted": 240,
    "abovePct": 53.333333333333336,
    "belowPct": 46.666666666666664
  }
}