{
  "t": 1764951945904,
  "sampleSize": 800,
  "sma50": {
    "above": 354,
    "below": 347,
    "counted": 701,
    "abovePct": 50.499286733238236,
    "belowPct": 49.50071326676177
  },
  "sma200": {
    "above": 412,
    "below": 236,
    "counted": 648,
    "abovePct": 63.580246913580254,
    "belowPct": 36.41975308641975
  }
}