{
  "t": 1764785357208,
  "sampleSize": 800,
  "sma50": {
    "above": 335,
    "below": 366,
    "counted": 701,
    "abovePct": 47.78887303851641,
    "belowPct": 52.211126961483586
  },
  "sma200": {
    "above": 395,
    "below": 251,
    "counted": 646,
    "abovePct": 61.145510835913306,
    "belowPct": 38.85448916408669
  }
}