{
  "t": 1779384181260,
  "sampleSize": 300,
  "sma50": {
    "above": 143,
    "below": 110,
    "counted": 253,
    "abovePct": 56.52173913043478,
    "belowPct": 43.47826086956522
  },
  "sma200": {
    "above": 137,
    "below": 105,
    "counted": 242,
    "abovePct": 56.611570247933884,
    "belowPct": 43.388429752066116
  }
}