{
  "t": 1767019038873,
  "sampleSize": 800,
  "sma50": {
    "above": 375,
    "below": 324,
    "counted": 699,
    "abovePct": 53.648068669527895,
    "belowPct": 46.3519313304721
  },
  "sma200": {
    "above": 395,
    "below": 251,
    "counted": 646,
    "abovePct": 61.145510835913306,
    "belowPct": 38.85448916408669
  }
}