{
  "t": 1765916728369,
  "sampleSize": 800,
  "sma50": {
    "above": 326,
    "below": 374,
    "counted": 700,
    "abovePct": 46.57142857142857,
    "belowPct": 53.42857142857142
  },
  "sma200": {
    "above": 390,
    "below": 254,
    "counted": 644,
    "abovePct": 60.55900621118012,
    "belowPct": 39.44099378881988
  }
}