{
  "t": 1765314263029,
  "sampleSize": 800,
  "sma50": {
    "above": 342,
    "below": 358,
    "counted": 700,
    "abovePct": 48.857142857142854,
    "belowPct": 51.142857142857146
  },
  "sma200": {
    "above": 401,
    "below": 246,
    "counted": 647,
    "abovePct": 61.97836166924265,
    "belowPct": 38.02163833075734
  }
}