{
  "t": 1765483668825,
  "sampleSize": 800,
  "sma50": {
    "above": 395,
    "below": 305,
    "counted": 700,
    "abovePct": 56.42857142857143,
    "belowPct": 43.57142857142857
  },
  "sma200": {
    "above": 418,
    "below": 226,
    "counted": 644,
    "abovePct": 64.90683229813664,
    "belowPct": 35.09316770186335
  }
}