{
  "t": 1765568938394,
  "sampleSize": 800,
  "sma50": {
    "above": 369,
    "below": 331,
    "counted": 700,
    "abovePct": 52.714285714285715,
    "belowPct": 47.285714285714285
  },
  "sma200": {
    "above": 412,
    "below": 232,
    "counted": 644,
    "abovePct": 63.975155279503106,
    "belowPct": 36.024844720496894
  }
}