{
  "t": 1770218338216,
  "sampleSize": 800,
  "sma50": {
    "above": 380,
    "below": 309,
    "counted": 689,
    "abovePct": 55.152394775036285,
    "belowPct": 44.847605224963715
  },
  "sma200": {
    "above": 401,
    "below": 249,
    "counted": 650,
    "abovePct": 61.69230769230769,
    "belowPct": 38.30769230769231
  }
}