{
  "t": 1768937376549,
  "sampleSize": 800,
  "sma50": {
    "above": 396,
    "below": 297,
    "counted": 693,
    "abovePct": 57.14285714285714,
    "belowPct": 42.857142857142854
  },
  "sma200": {
    "above": 393,
    "below": 254,
    "counted": 647,
    "abovePct": 60.741885625966,
    "belowPct": 39.258114374034
  }
}