{
  "t": 1773074972978,
  "sampleSize": 300,
  "sma50": {
    "above": 64,
    "below": 184,
    "counted": 248,
    "abovePct": 25.806451612903224,
    "belowPct": 74.19354838709677
  },
  "sma200": {
    "above": 123,
    "below": 115,
    "counted": 238,
    "abovePct": 51.68067226890757,
    "belowPct": 48.319327731092436
  }
}