{
  "t": 1780682997309,
  "sampleSize": 300,
  "sma50": {
    "above": 140,
    "below": 113,
    "counted": 253,
    "abovePct": 55.33596837944664,
    "belowPct": 44.66403162055336
  },
  "sma200": {
    "above": 131,
    "below": 111,
    "counted": 242,
    "abovePct": 54.132231404958674,
    "belowPct": 45.867768595041326
  }
}