{
  "t": 1770221983569,
  "sampleSize": 800,
  "sma50": {
    "above": 370,
    "below": 319,
    "counted": 689,
    "abovePct": 53.70101596516691,
    "belowPct": 46.29898403483309
  },
  "sma200": {
    "above": 397,
    "below": 253,
    "counted": 650,
    "abovePct": 61.07692307692307,
    "belowPct": 38.92307692307692
  }
}