{
  "t": 1764952914994,
  "sampleSize": 800,
  "sma50": {
    "above": 354,
    "below": 347,
    "counted": 701,
    "abovePct": 50.499286733238236,
    "belowPct": 49.50071326676177
  },
  "sma200": {
    "above": 407,
    "below": 241,
    "counted": 648,
    "abovePct": 62.808641975308646,
    "belowPct": 37.191358024691354
  }
}