{
  "t": 1779292002673,
  "sampleSize": 300,
  "sma50": {
    "above": 144,
    "below": 109,
    "counted": 253,
    "abovePct": 56.916996047430835,
    "belowPct": 43.08300395256917
  },
  "sma200": {
    "above": 134,
    "below": 108,
    "counted": 242,
    "abovePct": 55.371900826446286,
    "belowPct": 44.62809917355372
  }
}