{
  "t": 1765905176689,
  "sampleSize": 800,
  "sma50": {
    "above": 329,
    "below": 371,
    "counted": 700,
    "abovePct": 47,
    "belowPct": 53
  },
  "sma200": {
    "above": 392,
    "below": 252,
    "counted": 644,
    "abovePct": 60.86956521739131,
    "belowPct": 39.130434782608695
  }
}