{
  "t": 1781723948213,
  "sampleSize": 300,
  "sma50": {
    "above": 142,
    "below": 111,
    "counted": 253,
    "abovePct": 56.126482213438734,
    "belowPct": 43.873517786561266
  },
  "sma200": {
    "above": 122,
    "below": 89,
    "counted": 211,
    "abovePct": 57.81990521327014,
    "belowPct": 42.18009478672986
  }
}