{
  "t": 1767895731325,
  "sampleSize": 800,
  "sma50": {
    "above": 415,
    "below": 279,
    "counted": 694,
    "abovePct": 59.798270893371765,
    "belowPct": 40.20172910662824
  },
  "sma200": {
    "above": 404,
    "below": 242,
    "counted": 646,
    "abovePct": 62.538699690402474,
    "belowPct": 37.461300309597526
  }
}