{
  "t": 1766509700504,
  "sampleSize": 800,
  "sma50": {
    "above": 360,
    "below": 339,
    "counted": 699,
    "abovePct": 51.50214592274678,
    "belowPct": 48.497854077253216
  },
  "sma200": {
    "above": 395,
    "below": 251,
    "counted": 646,
    "abovePct": 61.145510835913306,
    "belowPct": 38.85448916408669
  }
}