{
  "t": 1778184116508,
  "sampleSize": 300,
  "sma50": {
    "above": 170,
    "below": 75,
    "counted": 245,
    "abovePct": 69.38775510204081,
    "belowPct": 30.612244897959183
  },
  "sma200": {
    "above": 144,
    "below": 98,
    "counted": 242,
    "abovePct": 59.50413223140496,
    "belowPct": 40.49586776859504
  }
}