{
  "t": 1765561784189,
  "sampleSize": 800,
  "sma50": {
    "above": 371,
    "below": 329,
    "counted": 700,
    "abovePct": 53,
    "belowPct": 47
  },
  "sma200": {
    "above": 414,
    "below": 230,
    "counted": 644,
    "abovePct": 64.28571428571429,
    "belowPct": 35.714285714285715
  }
}