{
  "t": 1768580746936,
  "sampleSize": 800,
  "sma50": {
    "above": 449,
    "below": 244,
    "counted": 693,
    "abovePct": 64.79076479076478,
    "belowPct": 35.20923520923521
  },
  "sma200": {
    "above": 416,
    "below": 229,
    "counted": 645,
    "abovePct": 64.49612403100775,
    "belowPct": 35.50387596899225
  }
}