{
  "t": 1767992687477,
  "sampleSize": 800,
  "sma50": {
    "above": 439,
    "below": 255,
    "counted": 694,
    "abovePct": 63.25648414985591,
    "belowPct": 36.74351585014409
  },
  "sma200": {
    "above": 408,
    "below": 237,
    "counted": 645,
    "abovePct": 63.25581395348837,
    "belowPct": 36.74418604651163
  }
}