{
  "t": 1766423191251,
  "sampleSize": 800,
  "sma50": {
    "above": 369,
    "below": 330,
    "counted": 699,
    "abovePct": 52.78969957081545,
    "belowPct": 47.21030042918455
  },
  "sma200": {
    "above": 397,
    "below": 249,
    "counted": 646,
    "abovePct": 61.45510835913313,
    "belowPct": 38.54489164086687
  }
}