{
  "t": 1766435106537,
  "sampleSize": 800,
  "sma50": {
    "above": 365,
    "below": 334,
    "counted": 699,
    "abovePct": 52.21745350500715,
    "belowPct": 47.78254649499284
  },
  "sma200": {
    "above": 395,
    "below": 251,
    "counted": 646,
    "abovePct": 61.145510835913306,
    "belowPct": 38.85448916408669
  }
}