{
  "t": 1763745838294,
  "sampleSize": 800,
  "sma50": {
    "above": 194,
    "below": 505,
    "counted": 699,
    "abovePct": 27.753934191702434,
    "belowPct": 72.24606580829757
  },
  "sma200": {
    "above": 342,
    "below": 295,
    "counted": 637,
    "abovePct": 53.68916797488226,
    "belowPct": 46.31083202511774
  }
}