{
  "t": 1769185554470,
  "sampleSize": 800,
  "sma50": {
    "above": 451,
    "below": 240,
    "counted": 691,
    "abovePct": 65.26772793053546,
    "belowPct": 34.73227206946454
  },
  "sma200": {
    "above": 430,
    "below": 217,
    "counted": 647,
    "abovePct": 66.46058732612056,
    "belowPct": 33.53941267387944
  }
}