{
  "t": 1765473952128,
  "sampleSize": 800,
  "sma50": {
    "above": 382,
    "below": 318,
    "counted": 700,
    "abovePct": 54.57142857142857,
    "belowPct": 45.42857142857143
  },
  "sma200": {
    "above": 416,
    "below": 228,
    "counted": 644,
    "abovePct": 64.59627329192547,
    "belowPct": 35.40372670807454
  }
}