{
  "t": 1768848403614,
  "sampleSize": 800,
  "sma50": {
    "above": 443,
    "below": 247,
    "counted": 690,
    "abovePct": 64.20289855072464,
    "belowPct": 35.79710144927537
  },
  "sma200": {
    "above": 416,
    "below": 226,
    "counted": 642,
    "abovePct": 64.797507788162,
    "belowPct": 35.202492211838006
  }
}