{
  "t": 1771015625506,
  "sampleSize": 300,
  "sma50": {
    "above": 136,
    "below": 113,
    "counted": 249,
    "abovePct": 54.61847389558233,
    "belowPct": 45.38152610441767
  },
  "sma200": {
    "above": 143,
    "below": 95,
    "counted": 238,
    "abovePct": 60.08403361344538,
    "belowPct": 39.91596638655462
  }
}