{
  "t": 1778686160713,
  "sampleSize": 300,
  "sma50": {
    "above": 151,
    "below": 94,
    "counted": 245,
    "abovePct": 61.63265306122449,
    "belowPct": 38.36734693877551
  },
  "sma200": {
    "above": 137,
    "below": 105,
    "counted": 242,
    "abovePct": 56.611570247933884,
    "belowPct": 43.388429752066116
  }
}