{
  "t": 1770392816254,
  "sampleSize": 800,
  "sma50": {
    "above": 358,
    "below": 331,
    "counted": 689,
    "abovePct": 51.959361393323654,
    "belowPct": 48.040638606676346
  },
  "sma200": {
    "above": 391,
    "below": 258,
    "counted": 649,
    "abovePct": 60.24653312788906,
    "belowPct": 39.753466872110934
  }
}