{
  "t": 1766417881914,
  "sampleSize": 800,
  "sma50": {
    "above": 359,
    "below": 340,
    "counted": 699,
    "abovePct": 51.359084406294706,
    "belowPct": 48.640915593705294
  },
  "sma200": {
    "above": 397,
    "below": 249,
    "counted": 646,
    "abovePct": 61.45510835913313,
    "belowPct": 38.54489164086687
  }
}