{
  "t": 1762785353444,
  "sampleSize": 800,
  "sma50": {
    "above": 303,
    "below": 401,
    "counted": 704,
    "abovePct": 43.03977272727273,
    "belowPct": 56.96022727272727
  },
  "sma200": {
    "above": 398,
    "below": 244,
    "counted": 642,
    "abovePct": 61.99376947040498,
    "belowPct": 38.006230529595015
  }
}