{
  "t": 1776099005191,
  "sampleSize": 300,
  "sma50": {
    "above": 117,
    "below": 130,
    "counted": 247,
    "abovePct": 47.368421052631575,
    "belowPct": 52.63157894736842
  },
  "sma200": {
    "above": 108,
    "below": 130,
    "counted": 238,
    "abovePct": 45.378151260504204,
    "belowPct": 54.621848739495796
  }
}