{
  "t": 1773845571145,
  "sampleSize": 300,
  "sma50": {
    "above": 64,
    "below": 184,
    "counted": 248,
    "abovePct": 25.806451612903224,
    "belowPct": 74.19354838709677
  },
  "sma200": {
    "above": 100,
    "below": 138,
    "counted": 238,
    "abovePct": 42.016806722689076,
    "belowPct": 57.98319327731093
  }
}