{
  "t": 1768504252644,
  "sampleSize": 800,
  "sma50": {
    "above": 458,
    "below": 235,
    "counted": 693,
    "abovePct": 66.08946608946609,
    "belowPct": 33.910533910533914
  },
  "sma200": {
    "above": 420,
    "below": 226,
    "counted": 646,
    "abovePct": 65.01547987616098,
    "belowPct": 34.984520123839005
  }
}