{
  "t": 1762547066732,
  "sampleSize": 800,
  "sma50": {
    "above": 264,
    "below": 439,
    "counted": 703,
    "abovePct": 37.55334281650071,
    "belowPct": 62.44665718349929
  },
  "sma200": {
    "above": 383,
    "below": 258,
    "counted": 641,
    "abovePct": 59.75039001560063,
    "belowPct": 40.24960998439938
  }
}