{
  "t": 1763576764428,
  "sampleSize": 800,
  "sma50": {
    "above": 198,
    "below": 505,
    "counted": 703,
    "abovePct": 28.165007112375534,
    "belowPct": 71.83499288762447
  },
  "sma200": {
    "above": 353,
    "below": 288,
    "counted": 641,
    "abovePct": 55.07020280811232,
    "belowPct": 44.92979719188768
  }
}