{
  "t": 1773773386428,
  "sampleSize": 300,
  "sma50": {
    "above": 73,
    "below": 175,
    "counted": 248,
    "abovePct": 29.435483870967744,
    "belowPct": 70.56451612903226
  },
  "sma200": {
    "above": 111,
    "below": 127,
    "counted": 238,
    "abovePct": 46.63865546218487,
    "belowPct": 53.36134453781513
  }
}