{
  "t": 1764775543147,
  "sampleSize": 800,
  "sma50": {
    "above": 324,
    "below": 377,
    "counted": 701,
    "abovePct": 46.219686162624825,
    "belowPct": 53.78031383737518
  },
  "sma200": {
    "above": 387,
    "below": 259,
    "counted": 646,
    "abovePct": 59.907120743034056,
    "belowPct": 40.092879256965944
  }
}