{
  "t": 1770746922932,
  "sampleSize": 800,
  "sma50": {
    "above": 410,
    "below": 279,
    "counted": 689,
    "abovePct": 59.50653120464441,
    "belowPct": 40.49346879535559
  },
  "sma200": {
    "above": 406,
    "below": 245,
    "counted": 651,
    "abovePct": 62.365591397849464,
    "belowPct": 37.634408602150536
  }
}