{
  "t": 1763580859830,
  "sampleSize": 800,
  "sma50": {
    "above": 195,
    "below": 508,
    "counted": 703,
    "abovePct": 27.738264580369844,
    "belowPct": 72.26173541963016
  },
  "sma200": {
    "above": 349,
    "below": 292,
    "counted": 641,
    "abovePct": 54.44617784711389,
    "belowPct": 45.55382215288611
  }
}