{
  "t": 1766777005249,
  "sampleSize": 800,
  "sma50": {
    "above": 375,
    "below": 324,
    "counted": 699,
    "abovePct": 53.648068669527895,
    "belowPct": 46.3519313304721
  },
  "sma200": {
    "above": 394,
    "below": 252,
    "counted": 646,
    "abovePct": 60.99071207430341,
    "belowPct": 39.0092879256966
  }
}