{
  "t": 1767731105717,
  "sampleSize": 800,
  "sma50": {
    "above": 396,
    "below": 294,
    "counted": 690,
    "abovePct": 57.391304347826086,
    "belowPct": 42.608695652173914
  },
  "sma200": {
    "above": 387,
    "below": 256,
    "counted": 643,
    "abovePct": 60.186625194401245,
    "belowPct": 39.813374805598755
  }
}