{
  "t": 1782314687100,
  "sampleSize": 300,
  "sma50": {
    "above": 145,
    "below": 110,
    "counted": 255,
    "abovePct": 56.86274509803921,
    "belowPct": 43.13725490196079
  },
  "sma200": {
    "above": 123,
    "below": 88,
    "counted": 211,
    "abovePct": 58.29383886255924,
    "belowPct": 41.70616113744076
  }
}