{
  "t": 1762883335491,
  "sampleSize": 800,
  "sma50": {
    "above": 320,
    "below": 384,
    "counted": 704,
    "abovePct": 45.45454545454545,
    "belowPct": 54.54545454545454
  },
  "sma200": {
    "above": 397,
    "below": 245,
    "counted": 642,
    "abovePct": 61.838006230529594,
    "belowPct": 38.161993769470406
  }
}