{
  "t": 1762893426922,
  "sampleSize": 800,
  "sma50": {
    "above": 329,
    "below": 375,
    "counted": 704,
    "abovePct": 46.73295454545455,
    "belowPct": 53.26704545454546
  },
  "sma200": {
    "above": 396,
    "below": 246,
    "counted": 642,
    "abovePct": 61.6822429906542,
    "belowPct": 38.31775700934579
  }
}