{
  "t": 1763651224063,
  "sampleSize": 800,
  "sma50": {
    "above": 223,
    "below": 480,
    "counted": 703,
    "abovePct": 31.721194879089616,
    "belowPct": 68.27880512091038
  },
  "sma200": {
    "above": 359,
    "below": 282,
    "counted": 641,
    "abovePct": 56.00624024960999,
    "belowPct": 43.99375975039001
  }
}