{
  "t": 1778778680139,
  "sampleSize": 300,
  "sma50": {
    "above": 157,
    "below": 88,
    "counted": 245,
    "abovePct": 64.08163265306122,
    "belowPct": 35.91836734693877
  },
  "sma200": {
    "above": 141,
    "below": 101,
    "counted": 242,
    "abovePct": 58.26446280991735,
    "belowPct": 41.735537190082646
  }
}