{
  "t": 1773240478319,
  "sampleSize": 300,
  "sma50": {
    "above": 72,
    "below": 176,
    "counted": 248,
    "abovePct": 29.03225806451613,
    "belowPct": 70.96774193548387
  },
  "sma200": {
    "above": 125,
    "below": 113,
    "counted": 238,
    "abovePct": 52.52100840336135,
    "belowPct": 47.47899159663865
  }
}