{
  "t": 1763994997485,
  "sampleSize": 800,
  "sma50": {
    "above": 204,
    "below": 498,
    "counted": 702,
    "abovePct": 29.059829059829063,
    "belowPct": 70.94017094017094
  },
  "sma200": {
    "above": 356,
    "below": 284,
    "counted": 640,
    "abovePct": 55.625,
    "belowPct": 44.375
  }
}