{
  "t": 1767112953714,
  "sampleSize": 800,
  "sma50": {
    "above": 366,
    "below": 332,
    "counted": 698,
    "abovePct": 52.43553008595988,
    "belowPct": 47.56446991404012
  },
  "sma200": {
    "above": 393,
    "below": 252,
    "counted": 645,
    "abovePct": 60.93023255813953,
    "belowPct": 39.06976744186046
  }
}