{
  "t": 1766164004585,
  "sampleSize": 800,
  "sma50": {
    "above": 351,
    "below": 349,
    "counted": 700,
    "abovePct": 50.142857142857146,
    "belowPct": 49.857142857142854
  },
  "sma200": {
    "above": 395,
    "below": 252,
    "counted": 647,
    "abovePct": 61.051004636785166,
    "belowPct": 38.94899536321484
  }
}