{
  "t": 1775753571386,
  "sampleSize": 300,
  "sma50": {
    "above": 111,
    "below": 136,
    "counted": 247,
    "abovePct": 44.93927125506073,
    "belowPct": 55.06072874493927
  },
  "sma200": {
    "above": 110,
    "below": 127,
    "counted": 237,
    "abovePct": 46.41350210970464,
    "belowPct": 53.58649789029536
  }
}