{
  "t": 1767888529010,
  "sampleSize": 800,
  "sma50": {
    "above": 404,
    "below": 290,
    "counted": 694,
    "abovePct": 58.21325648414985,
    "belowPct": 41.78674351585015
  },
  "sma200": {
    "above": 396,
    "below": 250,
    "counted": 646,
    "abovePct": 61.30030959752322,
    "belowPct": 38.69969040247678
  }
}