{
  "t": 1768251923142,
  "sampleSize": 800,
  "sma50": {
    "above": 434,
    "below": 260,
    "counted": 694,
    "abovePct": 62.53602305475504,
    "belowPct": 37.46397694524496
  },
  "sma200": {
    "above": 410,
    "below": 237,
    "counted": 647,
    "abovePct": 63.3693972179289,
    "belowPct": 36.6306027820711
  }
}