{
  "t": 1767798509816,
  "sampleSize": 800,
  "sma50": {
    "above": 407,
    "below": 287,
    "counted": 694,
    "abovePct": 58.64553314121037,
    "belowPct": 41.35446685878962
  },
  "sma200": {
    "above": 389,
    "below": 257,
    "counted": 646,
    "abovePct": 60.216718266253864,
    "belowPct": 39.78328173374613
  }
}