{
  "t": 1763059378184,
  "sampleSize": 800,
  "sma50": {
    "above": 283,
    "below": 421,
    "counted": 704,
    "abovePct": 40.19886363636363,
    "belowPct": 59.80113636363637
  },
  "sma200": {
    "above": 379,
    "below": 263,
    "counted": 642,
    "abovePct": 59.034267912772584,
    "belowPct": 40.965732087227416
  }
}