{
  "t": 1772811994271,
  "sampleSize": 300,
  "sma50": {
    "above": 69,
    "below": 179,
    "counted": 248,
    "abovePct": 27.82258064516129,
    "belowPct": 72.17741935483872
  },
  "sma200": {
    "above": 128,
    "below": 110,
    "counted": 238,
    "abovePct": 53.78151260504202,
    "belowPct": 46.21848739495798
  }
}