{
  "t": 1764101221525,
  "sampleSize": 800,
  "sma50": {
    "above": 289,
    "below": 413,
    "counted": 702,
    "abovePct": 41.168091168091166,
    "belowPct": 58.831908831908834
  },
  "sma200": {
    "above": 367,
    "below": 274,
    "counted": 641,
    "abovePct": 57.25429017160687,
    "belowPct": 42.74570982839314
  }
}