{
  "t": 1767191738848,
  "sampleSize": 800,
  "sma50": {
    "above": 357,
    "below": 340,
    "counted": 697,
    "abovePct": 51.21951219512195,
    "belowPct": 48.78048780487805
  },
  "sma200": {
    "above": 383,
    "below": 261,
    "counted": 644,
    "abovePct": 59.472049689441,
    "belowPct": 40.52795031055901
  }
}