{
  "t": 1770150699268,
  "sampleSize": 800,
  "sma50": {
    "above": 386,
    "below": 303,
    "counted": 689,
    "abovePct": 56.02322206095791,
    "belowPct": 43.97677793904209
  },
  "sma200": {
    "above": 399,
    "below": 250,
    "counted": 649,
    "abovePct": 61.47919876733437,
    "belowPct": 38.52080123266564
  }
}