{
  "t": 1776271811925,
  "sampleSize": 300,
  "sma50": {
    "above": 153,
    "below": 94,
    "counted": 247,
    "abovePct": 61.943319838056674,
    "belowPct": 38.05668016194332
  },
  "sma200": {
    "above": 121,
    "below": 118,
    "counted": 239,
    "abovePct": 50.627615062761514,
    "belowPct": 49.37238493723849
  }
}