{
  "t": 1764085852655,
  "sampleSize": 800,
  "sma50": {
    "above": 257,
    "below": 438,
    "counted": 695,
    "abovePct": 36.97841726618705,
    "belowPct": 63.021582733812956
  },
  "sma200": {
    "above": 364,
    "below": 269,
    "counted": 633,
    "abovePct": 57.50394944707741,
    "belowPct": 42.49605055292259
  }
}