{
  "t": 1765204663533,
  "sampleSize": 800,
  "sma50": {
    "above": 353,
    "below": 348,
    "counted": 701,
    "abovePct": 50.35663338088445,
    "belowPct": 49.64336661911555
  },
  "sma200": {
    "above": 402,
    "below": 246,
    "counted": 648,
    "abovePct": 62.03703703703704,
    "belowPct": 37.96296296296296
  }
}