{
  "t": 1763154257899,
  "sampleSize": 800,
  "sma50": {
    "above": 263,
    "below": 441,
    "counted": 704,
    "abovePct": 37.35795454545455,
    "belowPct": 62.64204545454546
  },
  "sma200": {
    "above": 371,
    "below": 271,
    "counted": 642,
    "abovePct": 57.78816199376947,
    "belowPct": 42.21183800623053
  }
}