{
  "t": 1767980436513,
  "sampleSize": 800,
  "sma50": {
    "above": 438,
    "below": 256,
    "counted": 694,
    "abovePct": 63.112391930835734,
    "belowPct": 36.887608069164266
  },
  "sma200": {
    "above": 406,
    "below": 239,
    "counted": 645,
    "abovePct": 62.945736434108525,
    "belowPct": 37.05426356589147
  }
}