{
  "t": 1763663159692,
  "sampleSize": 800,
  "sma50": {
    "above": 182,
    "below": 521,
    "counted": 703,
    "abovePct": 25.889046941678522,
    "belowPct": 74.11095305832148
  },
  "sma200": {
    "above": 336,
    "below": 305,
    "counted": 641,
    "abovePct": 52.418096723868956,
    "belowPct": 47.581903276131044
  }
}