{
  "t": 1765553927608,
  "sampleSize": 800,
  "sma50": {
    "above": 382,
    "below": 318,
    "counted": 700,
    "abovePct": 54.57142857142857,
    "belowPct": 45.42857142857143
  },
  "sma200": {
    "above": 422,
    "below": 222,
    "counted": 644,
    "abovePct": 65.527950310559,
    "belowPct": 34.47204968944099
  }
}