{
  "t": 1776185467629,
  "sampleSize": 300,
  "sma50": {
    "above": 139,
    "below": 108,
    "counted": 247,
    "abovePct": 56.2753036437247,
    "belowPct": 43.7246963562753
  },
  "sma200": {
    "above": 114,
    "below": 125,
    "counted": 239,
    "abovePct": 47.69874476987448,
    "belowPct": 52.30125523012552
  }
}