{
  "t": 1778000611525,
  "sampleSize": 300,
  "sma50": {
    "above": 165,
    "below": 81,
    "counted": 246,
    "abovePct": 67.07317073170732,
    "belowPct": 32.926829268292686
  },
  "sma200": {
    "above": 142,
    "below": 100,
    "counted": 242,
    "abovePct": 58.67768595041323,
    "belowPct": 41.32231404958678
  }
}