{
  "t": 1770403687927,
  "sampleSize": 800,
  "sma50": {
    "above": 374,
    "below": 315,
    "counted": 689,
    "abovePct": 54.28156748911466,
    "belowPct": 45.71843251088534
  },
  "sma200": {
    "above": 397,
    "below": 252,
    "counted": 649,
    "abovePct": 61.17103235747303,
    "belowPct": 38.82896764252696
  }
}