{
  "t": 1764689979719,
  "sampleSize": 800,
  "sma50": {
    "above": 328,
    "below": 373,
    "counted": 701,
    "abovePct": 46.79029957203994,
    "belowPct": 53.20970042796006
  },
  "sma200": {
    "above": 382,
    "below": 262,
    "counted": 644,
    "abovePct": 59.3167701863354,
    "belowPct": 40.683229813664596
  }
}