{
  "t": 1763751945382,
  "sampleSize": 800,
  "sma50": {
    "above": 195,
    "below": 503,
    "counted": 698,
    "abovePct": 27.936962750716333,
    "belowPct": 72.06303724928367
  },
  "sma200": {
    "above": 346,
    "below": 292,
    "counted": 638,
    "abovePct": 54.2319749216301,
    "belowPct": 45.76802507836991
  }
}