{
  "t": 1766773556444,
  "sampleSize": 800,
  "sma50": {
    "above": 372,
    "below": 327,
    "counted": 699,
    "abovePct": 53.21888412017167,
    "belowPct": 46.78111587982833
  },
  "sma200": {
    "above": 396,
    "below": 250,
    "counted": 646,
    "abovePct": 61.30030959752322,
    "belowPct": 38.69969040247678
  }
}