{
  "t": 1770052684302,
  "sampleSize": 800,
  "sma50": {
    "above": 403,
    "below": 287,
    "counted": 690,
    "abovePct": 58.405797101449274,
    "belowPct": 41.594202898550726
  },
  "sma200": {
    "above": 409,
    "below": 241,
    "counted": 650,
    "abovePct": 62.92307692307693,
    "belowPct": 37.07692307692308
  }
}