{
  "t": 1767367481352,
  "sampleSize": 800,
  "sma50": {
    "above": 333,
    "below": 362,
    "counted": 695,
    "abovePct": 47.9136690647482,
    "belowPct": 52.0863309352518
  },
  "sma200": {
    "above": 374,
    "below": 271,
    "counted": 645,
    "abovePct": 57.984496124031004,
    "belowPct": 42.01550387596899
  }
}