{
  "t": 1764779158008,
  "sampleSize": 800,
  "sma50": {
    "above": 329,
    "below": 372,
    "counted": 701,
    "abovePct": 46.932952924393724,
    "belowPct": 53.067047075606276
  },
  "sma200": {
    "above": 388,
    "below": 258,
    "counted": 646,
    "abovePct": 60.06191950464397,
    "belowPct": 39.93808049535604
  }
}