{
  "t": 1767383300580,
  "sampleSize": 800,
  "sma50": {
    "above": 346,
    "below": 349,
    "counted": 695,
    "abovePct": 49.7841726618705,
    "belowPct": 50.21582733812949
  },
  "sma200": {
    "above": 378,
    "below": 267,
    "counted": 645,
    "abovePct": 58.6046511627907,
    "belowPct": 41.3953488372093
  }
}