{
  "t": 1778259348584,
  "sampleSize": 300,
  "sma50": {
    "above": 172,
    "below": 73,
    "counted": 245,
    "abovePct": 70.20408163265306,
    "belowPct": 29.795918367346943
  },
  "sma200": {
    "above": 142,
    "below": 100,
    "counted": 242,
    "abovePct": 58.67768595041323,
    "belowPct": 41.32231404958678
  }
}