{
  "t": 1770058062764,
  "sampleSize": 800,
  "sma50": {
    "above": 405,
    "below": 285,
    "counted": 690,
    "abovePct": 58.69565217391305,
    "belowPct": 41.30434782608695
  },
  "sma200": {
    "above": 405,
    "below": 245,
    "counted": 650,
    "abovePct": 62.30769230769231,
    "belowPct": 37.69230769230769
  }
}