{
  "t": 1770317282566,
  "sampleSize": 800,
  "sma50": {
    "above": 328,
    "below": 361,
    "counted": 689,
    "abovePct": 47.60522496371553,
    "belowPct": 52.39477503628447
  },
  "sma200": {
    "above": 380,
    "below": 270,
    "counted": 650,
    "abovePct": 58.46153846153847,
    "belowPct": 41.53846153846154
  }
}