{
  "t": 1769619138353,
  "sampleSize": 800,
  "sma50": {
    "above": 447,
    "below": 243,
    "counted": 690,
    "abovePct": 64.78260869565217,
    "belowPct": 35.21739130434783
  },
  "sma200": {
    "above": 415,
    "below": 235,
    "counted": 650,
    "abovePct": 63.84615384615384,
    "belowPct": 36.15384615384615
  }
}