{
  "t": 1766519324058,
  "sampleSize": 800,
  "sma50": {
    "above": 364,
    "below": 335,
    "counted": 699,
    "abovePct": 52.07439198855508,
    "belowPct": 47.92560801144492
  },
  "sma200": {
    "above": 394,
    "below": 252,
    "counted": 646,
    "abovePct": 60.99071207430341,
    "belowPct": 39.0092879256966
  }
}