{
  "t": 1765821094098,
  "sampleSize": 800,
  "sma50": {
    "above": 349,
    "below": 351,
    "counted": 700,
    "abovePct": 49.857142857142854,
    "belowPct": 50.142857142857146
  },
  "sma200": {
    "above": 390,
    "below": 253,
    "counted": 643,
    "abovePct": 60.65318818040435,
    "belowPct": 39.346811819595644
  }
}