{
  "t": 1774457433854,
  "sampleSize": 300,
  "sma50": {
    "above": 55,
    "below": 193,
    "counted": 248,
    "abovePct": 22.177419354838708,
    "belowPct": 77.82258064516128
  },
  "sma200": {
    "above": 89,
    "below": 149,
    "counted": 238,
    "abovePct": 37.39495798319328,
    "belowPct": 62.60504201680672
  }
}