{
  "t": 1766516962115,
  "sampleSize": 800,
  "sma50": {
    "above": 363,
    "below": 336,
    "counted": 699,
    "abovePct": 51.931330472103,
    "belowPct": 48.06866952789699
  },
  "sma200": {
    "above": 397,
    "below": 249,
    "counted": 646,
    "abovePct": 61.45510835913313,
    "belowPct": 38.54489164086687
  }
}