{
  "t": 1762538926849,
  "sampleSize": 800,
  "sma50": {
    "above": 248,
    "below": 457,
    "counted": 705,
    "abovePct": 35.177304964539005,
    "belowPct": 64.822695035461
  },
  "sma200": {
    "above": 372,
    "below": 269,
    "counted": 641,
    "abovePct": 58.03432137285491,
    "belowPct": 41.96567862714509
  }
}