{
  "t": 1781028951370,
  "sampleSize": 300,
  "sma50": {
    "above": 132,
    "below": 117,
    "counted": 249,
    "abovePct": 53.01204819277109,
    "belowPct": 46.98795180722892
  },
  "sma200": {
    "above": 117,
    "below": 93,
    "counted": 210,
    "abovePct": 55.714285714285715,
    "belowPct": 44.285714285714285
  }
}