{
  "t": 1765817152206,
  "sampleSize": 800,
  "sma50": {
    "above": 351,
    "below": 349,
    "counted": 700,
    "abovePct": 50.142857142857146,
    "belowPct": 49.857142857142854
  },
  "sma200": {
    "above": 390,
    "below": 253,
    "counted": 643,
    "abovePct": 60.65318818040435,
    "belowPct": 39.346811819595644
  }
}