{
  "t": 1762969043020,
  "sampleSize": 800,
  "sma50": {
    "above": 335,
    "below": 369,
    "counted": 704,
    "abovePct": 47.58522727272727,
    "belowPct": 52.41477272727273
  },
  "sma200": {
    "above": 398,
    "below": 244,
    "counted": 642,
    "abovePct": 61.99376947040498,
    "belowPct": 38.006230529595015
  }
}