{
  "t": 1778167254349,
  "sampleSize": 300,
  "sma50": {
    "above": 175,
    "below": 70,
    "counted": 245,
    "abovePct": 71.42857142857143,
    "belowPct": 28.57142857142857
  },
  "sma200": {
    "above": 146,
    "below": 95,
    "counted": 241,
    "abovePct": 60.58091286307054,
    "belowPct": 39.41908713692946
  }
}