{
  "t": 1769715740114,
  "sampleSize": 800,
  "sma50": {
    "above": 420,
    "below": 270,
    "counted": 690,
    "abovePct": 60.86956521739131,
    "belowPct": 39.130434782608695
  },
  "sma200": {
    "above": 414,
    "below": 236,
    "counted": 650,
    "abovePct": 63.69230769230769,
    "belowPct": 36.30769230769231
  }
}