{
  "t": 1767989270859,
  "sampleSize": 800,
  "sma50": {
    "above": 434,
    "below": 260,
    "counted": 694,
    "abovePct": 62.53602305475504,
    "belowPct": 37.46397694524496
  },
  "sma200": {
    "above": 404,
    "below": 241,
    "counted": 645,
    "abovePct": 62.63565891472869,
    "belowPct": 37.36434108527132
  }
}