{
  "t": 1765214667454,
  "sampleSize": 800,
  "sma50": {
    "above": 339,
    "below": 362,
    "counted": 701,
    "abovePct": 48.35948644793152,
    "belowPct": 51.64051355206848
  },
  "sma200": {
    "above": 403,
    "below": 245,
    "counted": 648,
    "abovePct": 62.191358024691354,
    "belowPct": 37.808641975308646
  }
}