{
  "t": 1767973895599,
  "sampleSize": 800,
  "sma50": {
    "above": 431,
    "below": 263,
    "counted": 694,
    "abovePct": 62.10374639769453,
    "belowPct": 37.89625360230547
  },
  "sma200": {
    "above": 402,
    "below": 243,
    "counted": 645,
    "abovePct": 62.32558139534884,
    "belowPct": 37.67441860465116
  }
}