{
  "t": 1766779594007,
  "sampleSize": 800,
  "sma50": {
    "above": 377,
    "below": 322,
    "counted": 699,
    "abovePct": 53.934191702432045,
    "belowPct": 46.065808297567955
  },
  "sma200": {
    "above": 393,
    "below": 253,
    "counted": 646,
    "abovePct": 60.8359133126935,
    "belowPct": 39.1640866873065
  }
}