{
  "t": 1779470182964,
  "sampleSize": 300,
  "sma50": {
    "above": 151,
    "below": 102,
    "counted": 253,
    "abovePct": 59.683794466403164,
    "belowPct": 40.316205533596836
  },
  "sma200": {
    "above": 138,
    "below": 104,
    "counted": 242,
    "abovePct": 57.02479338842975,
    "belowPct": 42.97520661157025
  }
}