{
  "t": 1765296490739,
  "sampleSize": 800,
  "sma50": {
    "above": 353,
    "below": 347,
    "counted": 700,
    "abovePct": 50.42857142857143,
    "belowPct": 49.57142857142857
  },
  "sma200": {
    "above": 410,
    "below": 237,
    "counted": 647,
    "abovePct": 63.3693972179289,
    "belowPct": 36.6306027820711
  }
}