{
  "t": 1769720861337,
  "sampleSize": 800,
  "sma50": {
    "above": 431,
    "below": 259,
    "counted": 690,
    "abovePct": 62.46376811594203,
    "belowPct": 37.53623188405797
  },
  "sma200": {
    "above": 414,
    "below": 236,
    "counted": 650,
    "abovePct": 63.69230769230769,
    "belowPct": 36.30769230769231
  }
}