{
  "t": 1767032773196,
  "sampleSize": 800,
  "sma50": {
    "above": 371,
    "below": 328,
    "counted": 699,
    "abovePct": 53.0758226037196,
    "belowPct": 46.924177396280406
  },
  "sma200": {
    "above": 390,
    "below": 256,
    "counted": 646,
    "abovePct": 60.371517027863774,
    "belowPct": 39.628482972136226
  }
}