{
  "t": 1767720430571,
  "sampleSize": 800,
  "sma50": {
    "above": 391,
    "below": 298,
    "counted": 689,
    "abovePct": 56.74891146589259,
    "belowPct": 43.2510885341074
  },
  "sma200": {
    "above": 386,
    "below": 255,
    "counted": 641,
    "abovePct": 60.218408736349446,
    "belowPct": 39.78159126365055
  }
}