{
  "t": 1767126309170,
  "sampleSize": 800,
  "sma50": {
    "above": 372,
    "below": 326,
    "counted": 698,
    "abovePct": 53.29512893982808,
    "belowPct": 46.70487106017192
  },
  "sma200": {
    "above": 392,
    "below": 253,
    "counted": 645,
    "abovePct": 60.775193798449614,
    "belowPct": 39.224806201550386
  }
}