{
  "t": 1763060057492,
  "sampleSize": 800,
  "sma50": {
    "above": 284,
    "below": 420,
    "counted": 704,
    "abovePct": 40.340909090909086,
    "belowPct": 59.65909090909091
  },
  "sma200": {
    "above": 378,
    "below": 264,
    "counted": 642,
    "abovePct": 58.87850467289719,
    "belowPct": 41.1214953271028
  }
}