{
  "t": 1777316124659,
  "sampleSize": 300,
  "sma50": {
    "above": 151,
    "below": 95,
    "counted": 246,
    "abovePct": 61.382113821138205,
    "belowPct": 38.61788617886179
  },
  "sma200": {
    "above": 134,
    "below": 107,
    "counted": 241,
    "abovePct": 55.601659751037346,
    "belowPct": 44.398340248962654
  }
}