{
  "t": 1769620484930,
  "sampleSize": 800,
  "sma50": {
    "above": 447,
    "below": 243,
    "counted": 690,
    "abovePct": 64.78260869565217,
    "belowPct": 35.21739130434783
  },
  "sma200": {
    "above": 416,
    "below": 234,
    "counted": 650,
    "abovePct": 64,
    "belowPct": 36
  }
}