{
  "t": 1764688059758,
  "sampleSize": 800,
  "sma50": {
    "above": 330,
    "below": 371,
    "counted": 701,
    "abovePct": 47.07560627674751,
    "belowPct": 52.92439372325249
  },
  "sma200": {
    "above": 386,
    "below": 258,
    "counted": 644,
    "abovePct": 59.93788819875776,
    "belowPct": 40.06211180124223
  }
}