{
  "t": 1773931698235,
  "sampleSize": 300,
  "sma50": {
    "above": 49,
    "below": 199,
    "counted": 248,
    "abovePct": 19.758064516129032,
    "belowPct": 80.24193548387096
  },
  "sma200": {
    "above": 89,
    "below": 149,
    "counted": 238,
    "abovePct": 37.39495798319328,
    "belowPct": 62.60504201680672
  }
}