{
  "t": 1766600751406,
  "sampleSize": 800,
  "sma50": {
    "above": 386,
    "below": 313,
    "counted": 699,
    "abovePct": 55.22174535050072,
    "belowPct": 44.77825464949928
  },
  "sma200": {
    "above": 403,
    "below": 243,
    "counted": 646,
    "abovePct": 62.38390092879257,
    "belowPct": 37.61609907120743
  }
}