{
  "t": 1767041445975,
  "sampleSize": 800,
  "sma50": {
    "above": 369,
    "below": 330,
    "counted": 699,
    "abovePct": 52.78969957081545,
    "belowPct": 47.21030042918455
  },
  "sma200": {
    "above": 390,
    "below": 256,
    "counted": 646,
    "abovePct": 60.371517027863774,
    "belowPct": 39.628482972136226
  }
}