{
  "t": 1770828652647,
  "sampleSize": 300,
  "sma50": {
    "above": 145,
    "below": 105,
    "counted": 250,
    "abovePct": 57.99999999999999,
    "belowPct": 42
  },
  "sma200": {
    "above": 150,
    "below": 88,
    "counted": 238,
    "abovePct": 63.02521008403361,
    "belowPct": 36.97478991596639
  }
}