{
  "t": 1767626743291,
  "sampleSize": 800,
  "sma50": {
    "above": 369,
    "below": 325,
    "counted": 694,
    "abovePct": 53.170028818443804,
    "belowPct": 46.829971181556196
  },
  "sma200": {
    "above": 388,
    "below": 257,
    "counted": 645,
    "abovePct": 60.15503875968993,
    "belowPct": 39.84496124031008
  }
}