{
  "t": 1777646955189,
  "sampleSize": 300,
  "sma50": {
    "above": 165,
    "below": 82,
    "counted": 247,
    "abovePct": 66.80161943319838,
    "belowPct": 33.198380566801625
  },
  "sma200": {
    "above": 140,
    "below": 103,
    "counted": 243,
    "abovePct": 57.61316872427984,
    "belowPct": 42.38683127572017
  }
}