{
  "t": 1763743154184,
  "sampleSize": 800,
  "sma50": {
    "above": 183,
    "below": 517,
    "counted": 700,
    "abovePct": 26.142857142857146,
    "belowPct": 73.85714285714286
  },
  "sma200": {
    "above": 340,
    "below": 298,
    "counted": 638,
    "abovePct": 53.29153605015674,
    "belowPct": 46.70846394984326
  }
}