{
  "t": 1782335065005,
  "sampleSize": 300,
  "sma50": {
    "above": 125,
    "below": 130,
    "counted": 255,
    "abovePct": 49.01960784313725,
    "belowPct": 50.98039215686274
  },
  "sma200": {
    "above": 121,
    "below": 90,
    "counted": 211,
    "abovePct": 57.345971563981045,
    "belowPct": 42.65402843601896
  }
}