{
  "t": 1765900246305,
  "sampleSize": 800,
  "sma50": {
    "above": 333,
    "below": 367,
    "counted": 700,
    "abovePct": 47.57142857142857,
    "belowPct": 52.42857142857142
  },
  "sma200": {
    "above": 392,
    "below": 252,
    "counted": 644,
    "abovePct": 60.86956521739131,
    "belowPct": 39.130434782608695
  }
}