{
  "t": 1769099246488,
  "sampleSize": 800,
  "sma50": {
    "above": 456,
    "below": 235,
    "counted": 691,
    "abovePct": 65.99131693198264,
    "belowPct": 34.00868306801736
  },
  "sma200": {
    "above": 434,
    "below": 211,
    "counted": 645,
    "abovePct": 67.28682170542636,
    "belowPct": 32.713178294573645
  }
}