{
  "t": 1770232750713,
  "sampleSize": 800,
  "sma50": {
    "above": 356,
    "below": 333,
    "counted": 689,
    "abovePct": 51.66908563134979,
    "belowPct": 48.33091436865022
  },
  "sma200": {
    "above": 388,
    "below": 262,
    "counted": 650,
    "abovePct": 59.692307692307686,
    "belowPct": 40.30769230769231
  }
}