{
  "t": 1766522284462,
  "sampleSize": 800,
  "sma50": {
    "above": 368,
    "below": 331,
    "counted": 699,
    "abovePct": 52.64663805436338,
    "belowPct": 47.35336194563662
  },
  "sma200": {
    "above": 398,
    "below": 248,
    "counted": 646,
    "abovePct": 61.60990712074303,
    "belowPct": 38.39009287925697
  }
}