{
  "t": 1769451047879,
  "sampleSize": 800,
  "sma50": {
    "above": 454,
    "below": 237,
    "counted": 691,
    "abovePct": 65.70188133140377,
    "belowPct": 34.29811866859624
  },
  "sma200": {
    "above": 415,
    "below": 232,
    "counted": 647,
    "abovePct": 64.14219474497682,
    "belowPct": 35.85780525502319
  }
}