{
  "t": 1765567421847,
  "sampleSize": 800,
  "sma50": {
    "above": 366,
    "below": 334,
    "counted": 700,
    "abovePct": 52.28571428571429,
    "belowPct": 47.714285714285715
  },
  "sma200": {
    "above": 416,
    "below": 228,
    "counted": 644,
    "abovePct": 64.59627329192547,
    "belowPct": 35.40372670807454
  }
}