{
  "t": 1777665230397,
  "sampleSize": 300,
  "sma50": {
    "above": 163,
    "below": 83,
    "counted": 246,
    "abovePct": 66.26016260162602,
    "belowPct": 33.739837398373986
  },
  "sma200": {
    "above": 141,
    "below": 101,
    "counted": 242,
    "abovePct": 58.26446280991735,
    "belowPct": 41.735537190082646
  }
}