{
  "t": 1777411508341,
  "sampleSize": 300,
  "sma50": {
    "above": 150,
    "below": 96,
    "counted": 246,
    "abovePct": 60.97560975609756,
    "belowPct": 39.02439024390244
  },
  "sma200": {
    "above": 133,
    "below": 108,
    "counted": 241,
    "abovePct": 55.18672199170125,
    "belowPct": 44.81327800829876
  }
}