{
  "t": 1764606354412,
  "sampleSize": 800,
  "sma50": {
    "above": 322,
    "below": 379,
    "counted": 701,
    "abovePct": 45.93437945791726,
    "belowPct": 54.06562054208274
  },
  "sma200": {
    "above": 383,
    "below": 261,
    "counted": 644,
    "abovePct": 59.472049689441,
    "belowPct": 40.52795031055901
  }
}