{
  "t": 1773758994334,
  "sampleSize": 300,
  "sma50": {
    "above": 77,
    "below": 171,
    "counted": 248,
    "abovePct": 31.048387096774192,
    "belowPct": 68.95161290322581
  },
  "sma200": {
    "above": 114,
    "below": 124,
    "counted": 238,
    "abovePct": 47.89915966386555,
    "belowPct": 52.10084033613446
  }
}