{
  "t": 1765573465074,
  "sampleSize": 800,
  "sma50": {
    "above": 361,
    "below": 339,
    "counted": 700,
    "abovePct": 51.57142857142857,
    "belowPct": 48.42857142857142
  },
  "sma200": {
    "above": 410,
    "below": 234,
    "counted": 644,
    "abovePct": 63.66459627329193,
    "belowPct": 36.33540372670808
  }
}