{
  "t": 1765294740141,
  "sampleSize": 800,
  "sma50": {
    "above": 347,
    "below": 353,
    "counted": 700,
    "abovePct": 49.57142857142857,
    "belowPct": 50.42857142857143
  },
  "sma200": {
    "above": 409,
    "below": 238,
    "counted": 647,
    "abovePct": 63.214837712519326,
    "belowPct": 36.78516228748068
  }
}