{
  "t": 1762548533543,
  "sampleSize": 800,
  "sma50": {
    "above": 277,
    "below": 428,
    "counted": 705,
    "abovePct": 39.290780141843975,
    "belowPct": 60.709219858156025
  },
  "sma200": {
    "above": 385,
    "below": 256,
    "counted": 641,
    "abovePct": 60.06240249609984,
    "belowPct": 39.93759750390016
  }
}