{
  "t": 1777492857529,
  "sampleSize": 300,
  "sma50": {
    "above": 144,
    "below": 102,
    "counted": 246,
    "abovePct": 58.536585365853654,
    "belowPct": 41.46341463414634
  },
  "sma200": {
    "above": 128,
    "below": 113,
    "counted": 241,
    "abovePct": 53.11203319502075,
    "belowPct": 46.88796680497925
  }
}