{
  "t": 1771865375464,
  "sampleSize": 300,
  "sma50": {
    "above": 131,
    "below": 118,
    "counted": 249,
    "abovePct": 52.610441767068274,
    "belowPct": 47.389558232931726
  },
  "sma200": {
    "above": 144,
    "below": 95,
    "counted": 239,
    "abovePct": 60.25104602510461,
    "belowPct": 39.74895397489539
  }
}