{
  "t": 1767727453892,
  "sampleSize": 800,
  "sma50": {
    "above": 394,
    "below": 292,
    "counted": 686,
    "abovePct": 57.434402332361515,
    "belowPct": 42.565597667638485
  },
  "sma200": {
    "above": 384,
    "below": 254,
    "counted": 638,
    "abovePct": 60.18808777429467,
    "belowPct": 39.811912225705335
  }
}