{
  "t": 1763405615108,
  "sampleSize": 800,
  "sma50": {
    "above": 251,
    "below": 452,
    "counted": 703,
    "abovePct": 35.70412517780939,
    "belowPct": 64.29587482219061
  },
  "sma200": {
    "above": 367,
    "below": 274,
    "counted": 641,
    "abovePct": 57.25429017160687,
    "belowPct": 42.74570982839314
  }
}