{
  "t": 1770322561675,
  "sampleSize": 800,
  "sma50": {
    "above": 327,
    "below": 362,
    "counted": 689,
    "abovePct": 47.46008708272859,
    "belowPct": 52.5399129172714
  },
  "sma200": {
    "above": 385,
    "below": 265,
    "counted": 650,
    "abovePct": 59.23076923076923,
    "belowPct": 40.76923076923077
  }
}