{
  "t": 1767723968579,
  "sampleSize": 800,
  "sma50": {
    "above": 390,
    "below": 302,
    "counted": 692,
    "abovePct": 56.358381502890175,
    "belowPct": 43.641618497109825
  },
  "sma200": {
    "above": 385,
    "below": 259,
    "counted": 644,
    "abovePct": 59.78260869565217,
    "belowPct": 40.21739130434783
  }
}