{
  "t": 1763392077076,
  "sampleSize": 800,
  "sma50": {
    "above": 260,
    "below": 443,
    "counted": 703,
    "abovePct": 36.98435277382646,
    "belowPct": 63.01564722617354
  },
  "sma200": {
    "above": 370,
    "below": 271,
    "counted": 641,
    "abovePct": 57.72230889235569,
    "belowPct": 42.27769110764431
  }
}