{
  "t": 1771444111610,
  "sampleSize": 300,
  "sma50": {
    "above": 139,
    "below": 110,
    "counted": 249,
    "abovePct": 55.82329317269076,
    "belowPct": 44.17670682730924
  },
  "sma200": {
    "above": 151,
    "below": 88,
    "counted": 239,
    "abovePct": 63.17991631799163,
    "belowPct": 36.82008368200837
  }
}