{
  "t": 1764954418622,
  "sampleSize": 800,
  "sma50": {
    "above": 350,
    "below": 351,
    "counted": 701,
    "abovePct": 49.928673323823105,
    "belowPct": 50.07132667617689
  },
  "sma200": {
    "above": 407,
    "below": 241,
    "counted": 648,
    "abovePct": 62.808641975308646,
    "belowPct": 37.191358024691354
  }
}