{
  "t": 1763748529247,
  "sampleSize": 800,
  "sma50": {
    "above": 195,
    "below": 505,
    "counted": 700,
    "abovePct": 27.857142857142858,
    "belowPct": 72.14285714285714
  },
  "sma200": {
    "above": 341,
    "below": 297,
    "counted": 638,
    "abovePct": 53.44827586206896,
    "belowPct": 46.55172413793103
  }
}