{
  "t": 1773078465828,
  "sampleSize": 300,
  "sma50": {
    "above": 57,
    "below": 191,
    "counted": 248,
    "abovePct": 22.983870967741936,
    "belowPct": 77.01612903225806
  },
  "sma200": {
    "above": 119,
    "below": 119,
    "counted": 238,
    "abovePct": 50,
    "belowPct": 50
  }
}