{
  "t": 1762540848793,
  "sampleSize": 800,
  "sma50": {
    "above": 248,
    "below": 456,
    "counted": 704,
    "abovePct": 35.22727272727273,
    "belowPct": 64.77272727272727
  },
  "sma200": {
    "above": 377,
    "below": 265,
    "counted": 642,
    "abovePct": 58.72274143302181,
    "belowPct": 41.27725856697819
  }
}