{
  "t": 1764692757535,
  "sampleSize": 800,
  "sma50": {
    "above": 323,
    "below": 378,
    "counted": 701,
    "abovePct": 46.07703281027104,
    "belowPct": 53.92296718972895
  },
  "sma200": {
    "above": 378,
    "below": 266,
    "counted": 644,
    "abovePct": 58.69565217391305,
    "belowPct": 41.30434782608695
  }
}