{
  "t": 1763151892506,
  "sampleSize": 800,
  "sma50": {
    "above": 266,
    "below": 438,
    "counted": 704,
    "abovePct": 37.784090909090914,
    "belowPct": 62.21590909090909
  },
  "sma200": {
    "above": 374,
    "below": 268,
    "counted": 642,
    "abovePct": 58.25545171339564,
    "belowPct": 41.74454828660436
  }
}