{
  "t": 1775664062662,
  "sampleSize": 300,
  "sma50": {
    "above": 102,
    "below": 145,
    "counted": 247,
    "abovePct": 41.29554655870445,
    "belowPct": 58.70445344129555
  },
  "sma200": {
    "above": 105,
    "below": 132,
    "counted": 237,
    "abovePct": 44.303797468354425,
    "belowPct": 55.69620253164557
  }
}