{
  "t": 1771354155621,
  "sampleSize": 300,
  "sma50": {
    "above": 141,
    "below": 108,
    "counted": 249,
    "abovePct": 56.62650602409639,
    "belowPct": 43.373493975903614
  },
  "sma200": {
    "above": 147,
    "below": 91,
    "counted": 238,
    "abovePct": 61.76470588235294,
    "belowPct": 38.23529411764706
  }
}