{
  "t": 1766513345989,
  "sampleSize": 800,
  "sma50": {
    "above": 361,
    "below": 338,
    "counted": 699,
    "abovePct": 51.645207439198856,
    "belowPct": 48.354792560801144
  },
  "sma200": {
    "above": 395,
    "below": 251,
    "counted": 646,
    "abovePct": 61.145510835913306,
    "belowPct": 38.85448916408669
  }
}