{
  "t": 1764098624521,
  "sampleSize": 800,
  "sma50": {
    "above": 289,
    "below": 413,
    "counted": 702,
    "abovePct": 41.168091168091166,
    "belowPct": 58.831908831908834
  },
  "sma200": {
    "above": 371,
    "below": 270,
    "counted": 641,
    "abovePct": 57.87831513260531,
    "belowPct": 42.12168486739469
  }
}