{
  "t": 1766501363799,
  "sampleSize": 800,
  "sma50": {
    "above": 363,
    "below": 336,
    "counted": 699,
    "abovePct": 51.931330472103,
    "belowPct": 48.06866952789699
  },
  "sma200": {
    "above": 395,
    "below": 251,
    "counted": 646,
    "abovePct": 61.145510835913306,
    "belowPct": 38.85448916408669
  }
}