{
  "t": 1778004032926,
  "sampleSize": 300,
  "sma50": {
    "above": 165,
    "below": 81,
    "counted": 246,
    "abovePct": 67.07317073170732,
    "belowPct": 32.926829268292686
  },
  "sma200": {
    "above": 140,
    "below": 102,
    "counted": 242,
    "abovePct": 57.85123966942148,
    "belowPct": 42.14876033057851
  }
}