{
  "t": 1778080807052,
  "sampleSize": 300,
  "sma50": {
    "above": 179,
    "below": 66,
    "counted": 245,
    "abovePct": 73.06122448979592,
    "belowPct": 26.93877551020408
  },
  "sma200": {
    "above": 145,
    "below": 96,
    "counted": 241,
    "abovePct": 60.16597510373444,
    "belowPct": 39.83402489626556
  }
}