{
  "t": 1766166539393,
  "sampleSize": 800,
  "sma50": {
    "above": 352,
    "below": 348,
    "counted": 700,
    "abovePct": 50.28571428571429,
    "belowPct": 49.714285714285715
  },
  "sma200": {
    "above": 394,
    "below": 253,
    "counted": 647,
    "abovePct": 60.89644513137558,
    "belowPct": 39.10355486862442
  }
}