{
  "t": 1776102770634,
  "sampleSize": 300,
  "sma50": {
    "above": 120,
    "below": 127,
    "counted": 247,
    "abovePct": 48.582995951417004,
    "belowPct": 51.417004048582996
  },
  "sma200": {
    "above": 110,
    "below": 128,
    "counted": 238,
    "abovePct": 46.21848739495798,
    "belowPct": 53.78151260504202
  }
}