{
  "t": 1766158760764,
  "sampleSize": 800,
  "sma50": {
    "above": 346,
    "below": 354,
    "counted": 700,
    "abovePct": 49.42857142857143,
    "belowPct": 50.57142857142857
  },
  "sma200": {
    "above": 390,
    "below": 257,
    "counted": 647,
    "abovePct": 60.278207109737245,
    "belowPct": 39.721792890262755
  }
}