{
  "t": 1766076299237,
  "sampleSize": 800,
  "sma50": {
    "above": 343,
    "below": 357,
    "counted": 700,
    "abovePct": 49,
    "belowPct": 51
  },
  "sma200": {
    "above": 402,
    "below": 245,
    "counted": 647,
    "abovePct": 62.132921174652246,
    "belowPct": 37.86707882534776
  }
}