{
  "t": 1765227039536,
  "sampleSize": 800,
  "sma50": {
    "above": 341,
    "below": 359,
    "counted": 700,
    "abovePct": 48.714285714285715,
    "belowPct": 51.28571428571429
  },
  "sma200": {
    "above": 401,
    "below": 246,
    "counted": 647,
    "abovePct": 61.97836166924265,
    "belowPct": 38.02163833075734
  }
}