{
  "t": 1776869978092,
  "sampleSize": 300,
  "sma50": {
    "above": 157,
    "below": 90,
    "counted": 247,
    "abovePct": 63.56275303643725,
    "belowPct": 36.43724696356275
  },
  "sma200": {
    "above": 134,
    "below": 107,
    "counted": 241,
    "abovePct": 55.601659751037346,
    "belowPct": 44.398340248962654
  }
}