{
  "t": 1762537745117,
  "sampleSize": 800,
  "sma50": {
    "above": 235,
    "below": 469,
    "counted": 704,
    "abovePct": 33.38068181818182,
    "belowPct": 66.61931818181817
  },
  "sma200": {
    "above": 371,
    "below": 271,
    "counted": 642,
    "abovePct": 57.78816199376947,
    "belowPct": 42.21183800623053
  }
}