{
  "t": 1771861667199,
  "sampleSize": 300,
  "sma50": {
    "above": 139,
    "below": 110,
    "counted": 249,
    "abovePct": 55.82329317269076,
    "belowPct": 44.17670682730924
  },
  "sma200": {
    "above": 145,
    "below": 94,
    "counted": 239,
    "abovePct": 60.66945606694561,
    "belowPct": 39.33054393305439
  }
}