{
  "t": 1768942100228,
  "sampleSize": 800,
  "sma50": {
    "above": 398,
    "below": 295,
    "counted": 693,
    "abovePct": 57.43145743145743,
    "belowPct": 42.56854256854257
  },
  "sma200": {
    "above": 393,
    "below": 254,
    "counted": 647,
    "abovePct": 60.741885625966,
    "belowPct": 39.258114374034
  }
}