{
  "t": 1769455495894,
  "sampleSize": 800,
  "sma50": {
    "above": 458,
    "below": 233,
    "counted": 691,
    "abovePct": 66.28075253256151,
    "belowPct": 33.71924746743849
  },
  "sma200": {
    "above": 418,
    "below": 229,
    "counted": 647,
    "abovePct": 64.60587326120556,
    "belowPct": 35.394126738794434
  }
}