{
  "t": 1769113549433,
  "sampleSize": 800,
  "sma50": {
    "above": 453,
    "below": 238,
    "counted": 691,
    "abovePct": 65.55716353111433,
    "belowPct": 34.44283646888567
  },
  "sma200": {
    "above": 430,
    "below": 216,
    "counted": 646,
    "abovePct": 66.56346749226006,
    "belowPct": 33.43653250773993
  }
}