{
  "t": 1780090525601,
  "sampleSize": 300,
  "sma50": {
    "above": 158,
    "below": 91,
    "counted": 249,
    "abovePct": 63.45381526104418,
    "belowPct": 36.54618473895582
  },
  "sma200": {
    "above": 137,
    "below": 101,
    "counted": 238,
    "abovePct": 57.56302521008403,
    "belowPct": 42.436974789915965
  }
}