{
  "t": 1777042651765,
  "sampleSize": 300,
  "sma50": {
    "above": 156,
    "below": 91,
    "counted": 247,
    "abovePct": 63.1578947368421,
    "belowPct": 36.84210526315789
  },
  "sma200": {
    "above": 139,
    "below": 102,
    "counted": 241,
    "abovePct": 57.676348547717836,
    "belowPct": 42.32365145228216
  }
}