{
  "t": 1769801211293,
  "sampleSize": 800,
  "sma50": {
    "above": 405,
    "below": 285,
    "counted": 690,
    "abovePct": 58.69565217391305,
    "belowPct": 41.30434782608695
  },
  "sma200": {
    "above": 410,
    "below": 240,
    "counted": 650,
    "abovePct": 63.07692307692307,
    "belowPct": 36.92307692307693
  }
}