{
  "t": 1769197042483,
  "sampleSize": 800,
  "sma50": {
    "above": 451,
    "below": 240,
    "counted": 691,
    "abovePct": 65.26772793053546,
    "belowPct": 34.73227206946454
  },
  "sma200": {
    "above": 422,
    "below": 225,
    "counted": 647,
    "abovePct": 65.2241112828439,
    "belowPct": 34.77588871715611
  }
}