{
  "t": 1778689380365,
  "sampleSize": 300,
  "sma50": {
    "above": 150,
    "below": 95,
    "counted": 245,
    "abovePct": 61.224489795918366,
    "belowPct": 38.775510204081634
  },
  "sma200": {
    "above": 135,
    "below": 107,
    "counted": 242,
    "abovePct": 55.78512396694215,
    "belowPct": 44.214876033057855
  }
}