{
  "t": 1768927710018,
  "sampleSize": 800,
  "sma50": {
    "above": 423,
    "below": 270,
    "counted": 693,
    "abovePct": 61.038961038961034,
    "belowPct": 38.961038961038966
  },
  "sma200": {
    "above": 402,
    "below": 245,
    "counted": 647,
    "abovePct": 62.132921174652246,
    "belowPct": 37.86707882534776
  }
}