{
  "t": 1767732616859,
  "sampleSize": 800,
  "sma50": {
    "above": 399,
    "below": 295,
    "counted": 694,
    "abovePct": 57.49279538904899,
    "belowPct": 42.50720461095101
  },
  "sma200": {
    "above": 392,
    "below": 254,
    "counted": 646,
    "abovePct": 60.681114551083596,
    "belowPct": 39.318885448916404
  }
}