{
  "t": 1765227875929,
  "sampleSize": 800,
  "sma50": {
    "above": 340,
    "below": 361,
    "counted": 701,
    "abovePct": 48.502139800285306,
    "belowPct": 51.497860199714694
  },
  "sma200": {
    "above": 399,
    "below": 249,
    "counted": 648,
    "abovePct": 61.57407407407407,
    "belowPct": 38.425925925925924
  }
}