{
  "t": 1773326911104,
  "sampleSize": 300,
  "sma50": {
    "above": 57,
    "below": 191,
    "counted": 248,
    "abovePct": 22.983870967741936,
    "belowPct": 77.01612903225806
  },
  "sma200": {
    "above": 110,
    "below": 128,
    "counted": 238,
    "abovePct": 46.21848739495798,
    "belowPct": 53.78151260504202
  }
}