{
  "t": 1764794365925,
  "sampleSize": 800,
  "sma50": {
    "above": 336,
    "below": 365,
    "counted": 701,
    "abovePct": 47.93152639087018,
    "belowPct": 52.06847360912982
  },
  "sma200": {
    "above": 399,
    "below": 247,
    "counted": 646,
    "abovePct": 61.76470588235294,
    "belowPct": 38.23529411764706
  }
}