{
  "t": 1772034645440,
  "sampleSize": 300,
  "sma50": {
    "above": 138,
    "below": 111,
    "counted": 249,
    "abovePct": 55.42168674698795,
    "belowPct": 44.57831325301205
  },
  "sma200": {
    "above": 147,
    "below": 92,
    "counted": 239,
    "abovePct": 61.50627615062761,
    "belowPct": 38.49372384937239
  }
}