{
  "t": 1777571739954,
  "sampleSize": 300,
  "sma50": {
    "above": 155,
    "below": 91,
    "counted": 246,
    "abovePct": 63.00813008130082,
    "belowPct": 36.99186991869919
  },
  "sma200": {
    "above": 139,
    "below": 103,
    "counted": 242,
    "abovePct": 57.438016528925615,
    "belowPct": 42.561983471074385
  }
}