{
  "t": 1766435897133,
  "sampleSize": 800,
  "sma50": {
    "above": 371,
    "below": 328,
    "counted": 699,
    "abovePct": 53.0758226037196,
    "belowPct": 46.924177396280406
  },
  "sma200": {
    "above": 395,
    "below": 251,
    "counted": 646,
    "abovePct": 61.145510835913306,
    "belowPct": 38.85448916408669
  }
}