{
  "t": 1764966314109,
  "sampleSize": 800,
  "sma50": {
    "above": 355,
    "below": 346,
    "counted": 701,
    "abovePct": 50.641940085592005,
    "belowPct": 49.35805991440799
  },
  "sma200": {
    "above": 411,
    "below": 237,
    "counted": 648,
    "abovePct": 63.42592592592593,
    "belowPct": 36.574074074074076
  }
}