{
  "t": 1778535036443,
  "sampleSize": 300,
  "sma50": {
    "above": 160,
    "below": 85,
    "counted": 245,
    "abovePct": 65.3061224489796,
    "belowPct": 34.69387755102041
  },
  "sma200": {
    "above": 141,
    "below": 101,
    "counted": 242,
    "abovePct": 58.26446280991735,
    "belowPct": 41.735537190082646
  }
}