{
  "t": 1772462841422,
  "sampleSize": 300,
  "sma50": {
    "above": 115,
    "below": 134,
    "counted": 249,
    "abovePct": 46.1847389558233,
    "belowPct": 53.81526104417671
  },
  "sma200": {
    "above": 139,
    "below": 100,
    "counted": 239,
    "abovePct": 58.15899581589959,
    "belowPct": 41.84100418410041
  }
}