{
  "t": 1764696389480,
  "sampleSize": 800,
  "sma50": {
    "above": 321,
    "below": 380,
    "counted": 701,
    "abovePct": 45.79172610556348,
    "belowPct": 54.20827389443652
  },
  "sma200": {
    "above": 380,
    "below": 264,
    "counted": 644,
    "abovePct": 59.006211180124225,
    "belowPct": 40.993788819875775
  }
}