{
  "t": 1782926229768,
  "sampleSize": 300,
  "sma50": {
    "above": 139,
    "below": 116,
    "counted": 255,
    "abovePct": 54.509803921568626,
    "belowPct": 45.490196078431374
  },
  "sma200": {
    "above": 122,
    "below": 90,
    "counted": 212,
    "abovePct": 57.54716981132076,
    "belowPct": 42.45283018867924
  }
}