{
  "t": 1767110849413,
  "sampleSize": 800,
  "sma50": {
    "above": 372,
    "below": 326,
    "counted": 698,
    "abovePct": 53.29512893982808,
    "belowPct": 46.70487106017192
  },
  "sma200": {
    "above": 393,
    "below": 252,
    "counted": 645,
    "abovePct": 60.93023255813953,
    "belowPct": 39.06976744186046
  }
}