{
  "t": 1763758152140,
  "sampleSize": 800,
  "sma50": {
    "above": 200,
    "below": 503,
    "counted": 703,
    "abovePct": 28.449502133712663,
    "belowPct": 71.55049786628734
  },
  "sma200": {
    "above": 350,
    "below": 291,
    "counted": 641,
    "abovePct": 54.60218408736349,
    "belowPct": 45.39781591263651
  }
}