{
  "t": 1762878335677,
  "sampleSize": 800,
  "sma50": {
    "above": 319,
    "below": 385,
    "counted": 704,
    "abovePct": 45.3125,
    "belowPct": 54.6875
  },
  "sma200": {
    "above": 395,
    "below": 247,
    "counted": 642,
    "abovePct": 61.52647975077882,
    "belowPct": 38.47352024922118
  }
}