{
  "t": 1768249522639,
  "sampleSize": 800,
  "sma50": {
    "above": 438,
    "below": 256,
    "counted": 694,
    "abovePct": 63.112391930835734,
    "belowPct": 36.887608069164266
  },
  "sma200": {
    "above": 409,
    "below": 238,
    "counted": 647,
    "abovePct": 63.214837712519326,
    "belowPct": 36.78516228748068
  }
}