{
  "t": 1764795882140,
  "sampleSize": 800,
  "sma50": {
    "above": 338,
    "below": 363,
    "counted": 701,
    "abovePct": 48.21683309557774,
    "belowPct": 51.78316690442225
  },
  "sma200": {
    "above": 396,
    "below": 250,
    "counted": 646,
    "abovePct": 61.30030959752322,
    "belowPct": 38.69969040247678
  }
}