{
  "t": 1764350632162,
  "sampleSize": 800,
  "sma50": {
    "above": 337,
    "below": 364,
    "counted": 701,
    "abovePct": 48.074179743223965,
    "belowPct": 51.925820256776035
  },
  "sma200": {
    "above": 394,
    "below": 249,
    "counted": 643,
    "abovePct": 61.27527216174183,
    "belowPct": 38.72472783825817
  }
}