{
  "t": 1767025527207,
  "sampleSize": 800,
  "sma50": {
    "above": 370,
    "below": 329,
    "counted": 699,
    "abovePct": 52.93276108726752,
    "belowPct": 47.06723891273247
  },
  "sma200": {
    "above": 392,
    "below": 254,
    "counted": 646,
    "abovePct": 60.681114551083596,
    "belowPct": 39.318885448916404
  }
}