{
  "t": 1763494456998,
  "sampleSize": 800,
  "sma50": {
    "above": 213,
    "below": 490,
    "counted": 703,
    "abovePct": 30.29871977240398,
    "belowPct": 69.70128022759602
  },
  "sma200": {
    "above": 361,
    "below": 280,
    "counted": 641,
    "abovePct": 56.31825273010921,
    "belowPct": 43.6817472698908
  }
}