{
  "t": 1773164860732,
  "sampleSize": 300,
  "sma50": {
    "above": 92,
    "below": 156,
    "counted": 248,
    "abovePct": 37.096774193548384,
    "belowPct": 62.903225806451616
  },
  "sma200": {
    "above": 132,
    "below": 106,
    "counted": 238,
    "abovePct": 55.46218487394958,
    "belowPct": 44.537815126050425
  }
}