{
  "t": 1781804158470,
  "sampleSize": 300,
  "sma50": {
    "above": 138,
    "below": 115,
    "counted": 253,
    "abovePct": 54.54545454545454,
    "belowPct": 45.45454545454545
  },
  "sma200": {
    "above": 119,
    "below": 92,
    "counted": 211,
    "abovePct": 56.39810426540285,
    "belowPct": 43.60189573459716
  }
}