{
  "t": 1767022715355,
  "sampleSize": 800,
  "sma50": {
    "above": 371,
    "below": 328,
    "counted": 699,
    "abovePct": 53.0758226037196,
    "belowPct": 46.924177396280406
  },
  "sma200": {
    "above": 392,
    "below": 254,
    "counted": 646,
    "abovePct": 60.681114551083596,
    "belowPct": 39.318885448916404
  }
}