{
  "t": 1764092986260,
  "sampleSize": 800,
  "sma50": {
    "above": 286,
    "below": 416,
    "counted": 702,
    "abovePct": 40.74074074074074,
    "belowPct": 59.25925925925925
  },
  "sma200": {
    "above": 371,
    "below": 269,
    "counted": 640,
    "abovePct": 57.96875,
    "belowPct": 42.03125
  }
}