{
  "t": 1777497889313,
  "sampleSize": 300,
  "sma50": {
    "above": 142,
    "below": 104,
    "counted": 246,
    "abovePct": 57.72357723577236,
    "belowPct": 42.27642276422765
  },
  "sma200": {
    "above": 128,
    "below": 113,
    "counted": 241,
    "abovePct": 53.11203319502075,
    "belowPct": 46.88796680497925
  }
}