{
  "t": 1768845175959,
  "sampleSize": 800,
  "sma50": {
    "above": 446,
    "below": 246,
    "counted": 692,
    "abovePct": 64.45086705202311,
    "belowPct": 35.54913294797688
  },
  "sma200": {
    "above": 417,
    "below": 227,
    "counted": 644,
    "abovePct": 64.75155279503106,
    "belowPct": 35.24844720496895
  }
}