{
  "t": 1764354352826,
  "sampleSize": 800,
  "sma50": {
    "above": 337,
    "below": 364,
    "counted": 701,
    "abovePct": 48.074179743223965,
    "belowPct": 51.925820256776035
  },
  "sma200": {
    "above": 392,
    "below": 251,
    "counted": 643,
    "abovePct": 60.9642301710731,
    "belowPct": 39.0357698289269
  }
}