{
  "t": 1777056492354,
  "sampleSize": 300,
  "sma50": {
    "above": 157,
    "below": 90,
    "counted": 247,
    "abovePct": 63.56275303643725,
    "belowPct": 36.43724696356275
  },
  "sma200": {
    "above": 140,
    "below": 101,
    "counted": 241,
    "abovePct": 58.09128630705395,
    "belowPct": 41.90871369294606
  }
}