{
  "t": 1767636614569,
  "sampleSize": 800,
  "sma50": {
    "above": 389,
    "below": 305,
    "counted": 694,
    "abovePct": 56.05187319884726,
    "belowPct": 43.94812680115274
  },
  "sma200": {
    "above": 390,
    "below": 255,
    "counted": 645,
    "abovePct": 60.46511627906976,
    "belowPct": 39.53488372093023
  }
}