{
  "t": 1769457030455,
  "sampleSize": 800,
  "sma50": {
    "above": 455,
    "below": 236,
    "counted": 691,
    "abovePct": 65.8465991316932,
    "belowPct": 34.1534008683068
  },
  "sma200": {
    "above": 417,
    "below": 230,
    "counted": 647,
    "abovePct": 64.45131375579598,
    "belowPct": 35.54868624420402
  }
}