{
  "t": 1767642540239,
  "sampleSize": 800,
  "sma50": {
    "above": 394,
    "below": 300,
    "counted": 694,
    "abovePct": 56.77233429394812,
    "belowPct": 43.22766570605187
  },
  "sma200": {
    "above": 390,
    "below": 255,
    "counted": 645,
    "abovePct": 60.46511627906976,
    "belowPct": 39.53488372093023
  }
}