{
  "t": 1763578380588,
  "sampleSize": 800,
  "sma50": {
    "above": 199,
    "below": 504,
    "counted": 703,
    "abovePct": 28.3072546230441,
    "belowPct": 71.6927453769559
  },
  "sma200": {
    "above": 350,
    "below": 291,
    "counted": 641,
    "abovePct": 54.60218408736349,
    "belowPct": 45.39781591263651
  }
}