{
  "t": 1769191798402,
  "sampleSize": 800,
  "sma50": {
    "above": 444,
    "below": 247,
    "counted": 691,
    "abovePct": 64.25470332850941,
    "belowPct": 35.74529667149059
  },
  "sma200": {
    "above": 423,
    "below": 224,
    "counted": 647,
    "abovePct": 65.37867078825347,
    "belowPct": 34.62132921174652
  }
}