{
  "t": 1774637339771,
  "sampleSize": 300,
  "sma50": {
    "above": 41,
    "below": 207,
    "counted": 248,
    "abovePct": 16.532258064516128,
    "belowPct": 83.46774193548387
  },
  "sma200": {
    "above": 76,
    "below": 162,
    "counted": 238,
    "abovePct": 31.932773109243694,
    "belowPct": 68.0672268907563
  }
}