{
  "t": 1764171451543,
  "sampleSize": 800,
  "sma50": {
    "above": 323,
    "below": 379,
    "counted": 702,
    "abovePct": 46.01139601139601,
    "belowPct": 53.98860398860399
  },
  "sma200": {
    "above": 382,
    "below": 261,
    "counted": 643,
    "abovePct": 59.40902021772939,
    "belowPct": 40.59097978227061
  }
}