{
  "t": 1768939252393,
  "sampleSize": 800,
  "sma50": {
    "above": 397,
    "below": 296,
    "counted": 693,
    "abovePct": 57.287157287157285,
    "belowPct": 42.712842712842715
  },
  "sma200": {
    "above": 392,
    "below": 255,
    "counted": 647,
    "abovePct": 60.58732612055642,
    "belowPct": 39.41267387944359
  }
}