{
  "t": 1765480055651,
  "sampleSize": 800,
  "sma50": {
    "above": 388,
    "below": 312,
    "counted": 700,
    "abovePct": 55.42857142857143,
    "belowPct": 44.57142857142857
  },
  "sma200": {
    "above": 418,
    "below": 226,
    "counted": 644,
    "abovePct": 64.90683229813664,
    "belowPct": 35.09316770186335
  }
}