{
  "t": 1764601645031,
  "sampleSize": 800,
  "sma50": {
    "above": 323,
    "below": 378,
    "counted": 701,
    "abovePct": 46.07703281027104,
    "belowPct": 53.92296718972895
  },
  "sma200": {
    "above": 384,
    "below": 260,
    "counted": 644,
    "abovePct": 59.62732919254658,
    "belowPct": 40.37267080745342
  }
}