{
  "t": 1765299312346,
  "sampleSize": 800,
  "sma50": {
    "above": 357,
    "below": 343,
    "counted": 700,
    "abovePct": 51,
    "belowPct": 49
  },
  "sma200": {
    "above": 413,
    "below": 234,
    "counted": 647,
    "abovePct": 63.83307573415765,
    "belowPct": 36.16692426584235
  }
}