{
  "t": 1766424255116,
  "sampleSize": 800,
  "sma50": {
    "above": 367,
    "below": 332,
    "counted": 699,
    "abovePct": 52.5035765379113,
    "belowPct": 47.4964234620887
  },
  "sma200": {
    "above": 397,
    "below": 249,
    "counted": 646,
    "abovePct": 61.45510835913313,
    "belowPct": 38.54489164086687
  }
}