{
  "t": 1767208994804,
  "sampleSize": 800,
  "sma50": {
    "above": 359,
    "below": 338,
    "counted": 697,
    "abovePct": 51.50645624103299,
    "belowPct": 48.493543758967
  },
  "sma200": {
    "above": 381,
    "below": 263,
    "counted": 644,
    "abovePct": 59.161490683229815,
    "belowPct": 40.838509316770185
  }
}