{
  "t": 1762892692210,
  "sampleSize": 800,
  "sma50": {
    "above": 329,
    "below": 375,
    "counted": 704,
    "abovePct": 46.73295454545455,
    "belowPct": 53.26704545454546
  },
  "sma200": {
    "above": 399,
    "below": 243,
    "counted": 642,
    "abovePct": 62.149532710280376,
    "belowPct": 37.850467289719624
  }
}