{
  "t": 1768492558266,
  "sampleSize": 800,
  "sma50": {
    "above": 452,
    "below": 240,
    "counted": 692,
    "abovePct": 65.3179190751445,
    "belowPct": 34.68208092485549
  },
  "sma200": {
    "above": 420,
    "below": 225,
    "counted": 645,
    "abovePct": 65.11627906976744,
    "belowPct": 34.883720930232556
  }
}