{
  "t": 1764968671184,
  "sampleSize": 800,
  "sma50": {
    "above": 349,
    "below": 352,
    "counted": 701,
    "abovePct": 49.78601997146933,
    "belowPct": 50.21398002853067
  },
  "sma200": {
    "above": 406,
    "below": 242,
    "counted": 648,
    "abovePct": 62.65432098765432,
    "belowPct": 37.34567901234568
  }
}