{
  "t": 1764348006914,
  "sampleSize": 800,
  "sma50": {
    "above": 336,
    "below": 365,
    "counted": 701,
    "abovePct": 47.93152639087018,
    "belowPct": 52.06847360912982
  },
  "sma200": {
    "above": 394,
    "below": 249,
    "counted": 643,
    "abovePct": 61.27527216174183,
    "belowPct": 38.72472783825817
  }
}