{
  "t": 1775760589291,
  "sampleSize": 300,
  "sma50": {
    "above": 109,
    "below": 138,
    "counted": 247,
    "abovePct": 44.12955465587044,
    "belowPct": 55.87044534412956
  },
  "sma200": {
    "above": 110,
    "below": 127,
    "counted": 237,
    "abovePct": 46.41350210970464,
    "belowPct": 53.58649789029536
  }
}