{
  "t": 1775509976611,
  "sampleSize": 300,
  "sma50": {
    "above": 62,
    "below": 186,
    "counted": 248,
    "abovePct": 25,
    "belowPct": 75
  },
  "sma200": {
    "above": 89,
    "below": 149,
    "counted": 238,
    "abovePct": 37.39495798319328,
    "belowPct": 62.60504201680672
  }
}