{
  "t": 1762881852070,
  "sampleSize": 800,
  "sma50": {
    "above": 318,
    "below": 386,
    "counted": 704,
    "abovePct": 45.17045454545455,
    "belowPct": 54.82954545454546
  },
  "sma200": {
    "above": 396,
    "below": 246,
    "counted": 642,
    "abovePct": 61.6822429906542,
    "belowPct": 38.31775700934579
  }
}