{
  "t": 1765309742677,
  "sampleSize": 800,
  "sma50": {
    "above": 352,
    "below": 348,
    "counted": 700,
    "abovePct": 50.28571428571429,
    "belowPct": 49.714285714285715
  },
  "sma200": {
    "above": 403,
    "below": 244,
    "counted": 647,
    "abovePct": 62.287480680061826,
    "belowPct": 37.712519319938174
  }
}