{
  "t": 1766500594475,
  "sampleSize": 800,
  "sma50": {
    "above": 361,
    "below": 338,
    "counted": 699,
    "abovePct": 51.645207439198856,
    "belowPct": 48.354792560801144
  },
  "sma200": {
    "above": 394,
    "below": 252,
    "counted": 646,
    "abovePct": 60.99071207430341,
    "belowPct": 39.0092879256966
  }
}