{
  "t": 1766414176573,
  "sampleSize": 800,
  "sma50": {
    "above": 357,
    "below": 342,
    "counted": 699,
    "abovePct": 51.072961373390555,
    "belowPct": 48.927038626609445
  },
  "sma200": {
    "above": 392,
    "below": 254,
    "counted": 646,
    "abovePct": 60.681114551083596,
    "belowPct": 39.318885448916404
  }
}