{
  "t": 1765377496607,
  "sampleSize": 800,
  "sma50": {
    "above": 350,
    "below": 350,
    "counted": 700,
    "abovePct": 50,
    "belowPct": 50
  },
  "sma200": {
    "above": 403,
    "below": 244,
    "counted": 647,
    "abovePct": 62.287480680061826,
    "belowPct": 37.712519319938174
  }
}