{
  "t": 1772052373173,
  "sampleSize": 300,
  "sma50": {
    "above": 145,
    "below": 104,
    "counted": 249,
    "abovePct": 58.23293172690763,
    "belowPct": 41.76706827309237
  },
  "sma200": {
    "above": 149,
    "below": 90,
    "counted": 239,
    "abovePct": 62.34309623430963,
    "belowPct": 37.65690376569037
  }
}