{
  "t": 1765477668546,
  "sampleSize": 800,
  "sma50": {
    "above": 384,
    "below": 316,
    "counted": 700,
    "abovePct": 54.85714285714286,
    "belowPct": 45.14285714285714
  },
  "sma200": {
    "above": 419,
    "below": 225,
    "counted": 644,
    "abovePct": 65.06211180124224,
    "belowPct": 34.93788819875777
  }
}