{
  "t": 1777564921374,
  "sampleSize": 300,
  "sma50": {
    "above": 157,
    "below": 90,
    "counted": 247,
    "abovePct": 63.56275303643725,
    "belowPct": 36.43724696356275
  },
  "sma200": {
    "above": 138,
    "below": 105,
    "counted": 243,
    "abovePct": 56.79012345679012,
    "belowPct": 43.20987654320987
  }
}