{
  "t": 1775832470113,
  "sampleSize": 300,
  "sma50": {
    "above": 115,
    "below": 131,
    "counted": 246,
    "abovePct": 46.7479674796748,
    "belowPct": 53.2520325203252
  },
  "sma200": {
    "above": 109,
    "below": 127,
    "counted": 236,
    "abovePct": 46.186440677966104,
    "belowPct": 53.813559322033896
  }
}