{
  "t": 1780004375357,
  "sampleSize": 300,
  "sma50": {
    "above": 157,
    "below": 96,
    "counted": 253,
    "abovePct": 62.055335968379445,
    "belowPct": 37.94466403162055
  },
  "sma200": {
    "above": 144,
    "below": 98,
    "counted": 242,
    "abovePct": 59.50413223140496,
    "belowPct": 40.49586776859504
  }
}