{
  "t": 1764949816141,
  "sampleSize": 800,
  "sma50": {
    "above": 364,
    "below": 337,
    "counted": 701,
    "abovePct": 51.925820256776035,
    "belowPct": 48.074179743223965
  },
  "sma200": {
    "above": 410,
    "below": 238,
    "counted": 648,
    "abovePct": 63.27160493827161,
    "belowPct": 36.7283950617284
  }
}