{
  "t": 1768841943921,
  "sampleSize": 800,
  "sma50": {
    "above": 446,
    "below": 247,
    "counted": 693,
    "abovePct": 64.35786435786436,
    "belowPct": 35.64213564213564
  },
  "sma200": {
    "above": 417,
    "below": 228,
    "counted": 645,
    "abovePct": 64.65116279069767,
    "belowPct": 35.348837209302324
  }
}