{
  "t": 1770743375347,
  "sampleSize": 800,
  "sma50": {
    "above": 410,
    "below": 279,
    "counted": 689,
    "abovePct": 59.50653120464441,
    "belowPct": 40.49346879535559
  },
  "sma200": {
    "above": 410,
    "below": 241,
    "counted": 651,
    "abovePct": 62.98003072196621,
    "belowPct": 37.01996927803379
  }
}