{
  "t": 1768589206106,
  "sampleSize": 800,
  "sma50": {
    "above": 455,
    "below": 238,
    "counted": 693,
    "abovePct": 65.65656565656566,
    "belowPct": 34.34343434343434
  },
  "sma200": {
    "above": 419,
    "below": 226,
    "counted": 645,
    "abovePct": 64.96124031007751,
    "belowPct": 35.038759689922486
  }
}