{
  "t": 1770411418266,
  "sampleSize": 800,
  "sma50": {
    "above": 378,
    "below": 311,
    "counted": 689,
    "abovePct": 54.862119013062404,
    "belowPct": 45.13788098693759
  },
  "sma200": {
    "above": 393,
    "below": 256,
    "counted": 649,
    "abovePct": 60.55469953775039,
    "belowPct": 39.44530046224962
  }
}