{
  "t": 1763759048682,
  "sampleSize": 800,
  "sma50": {
    "above": 198,
    "below": 505,
    "counted": 703,
    "abovePct": 28.165007112375534,
    "belowPct": 71.83499288762447
  },
  "sma200": {
    "above": 348,
    "below": 293,
    "counted": 641,
    "abovePct": 54.29017160686428,
    "belowPct": 45.70982839313572
  }
}