{
  "t": 1763048213232,
  "sampleSize": 800,
  "sma50": {
    "above": 306,
    "below": 398,
    "counted": 704,
    "abovePct": 43.465909090909086,
    "belowPct": 56.53409090909091
  },
  "sma200": {
    "above": 389,
    "below": 253,
    "counted": 642,
    "abovePct": 60.59190031152648,
    "belowPct": 39.40809968847352
  }
}