{
  "t": 1767982202826,
  "sampleSize": 800,
  "sma50": {
    "above": 436,
    "below": 258,
    "counted": 694,
    "abovePct": 62.824207492795395,
    "belowPct": 37.17579250720461
  },
  "sma200": {
    "above": 404,
    "below": 241,
    "counted": 645,
    "abovePct": 62.63565891472869,
    "belowPct": 37.36434108527132
  }
}