{
  "t": 1769115971495,
  "sampleSize": 800,
  "sma50": {
    "above": 449,
    "below": 242,
    "counted": 691,
    "abovePct": 64.97829232995659,
    "belowPct": 35.02170767004342
  },
  "sma200": {
    "above": 432,
    "below": 214,
    "counted": 646,
    "abovePct": 66.87306501547987,
    "belowPct": 33.126934984520126
  }
}