{
  "t": 1763408951764,
  "sampleSize": 800,
  "sma50": {
    "above": 228,
    "below": 475,
    "counted": 703,
    "abovePct": 32.432432432432435,
    "belowPct": 67.56756756756756
  },
  "sma200": {
    "above": 361,
    "below": 280,
    "counted": 641,
    "abovePct": 56.31825273010921,
    "belowPct": 43.6817472698908
  }
}