{
  "t": 1768581873096,
  "sampleSize": 800,
  "sma50": {
    "above": 452,
    "below": 241,
    "counted": 693,
    "abovePct": 65.22366522366522,
    "belowPct": 34.77633477633478
  },
  "sma200": {
    "above": 417,
    "below": 228,
    "counted": 645,
    "abovePct": 64.65116279069767,
    "belowPct": 35.348837209302324
  }
}