{
  "t": 1763649356721,
  "sampleSize": 800,
  "sma50": {
    "above": 221,
    "below": 482,
    "counted": 703,
    "abovePct": 31.436699857752487,
    "belowPct": 68.56330014224751
  },
  "sma200": {
    "above": 367,
    "below": 274,
    "counted": 641,
    "abovePct": 57.25429017160687,
    "belowPct": 42.74570982839314
  }
}