{
  "t": 1770648340231,
  "sampleSize": 800,
  "sma50": {
    "above": 376,
    "below": 313,
    "counted": 689,
    "abovePct": 54.57184325108854,
    "belowPct": 45.42815674891146
  },
  "sma200": {
    "above": 394,
    "below": 256,
    "counted": 650,
    "abovePct": 60.61538461538461,
    "belowPct": 39.38461538461539
  }
}