{
  "t": 1770401973177,
  "sampleSize": 800,
  "sma50": {
    "above": 373,
    "below": 316,
    "counted": 689,
    "abovePct": 54.13642960812772,
    "belowPct": 45.86357039187228
  },
  "sma200": {
    "above": 400,
    "below": 249,
    "counted": 649,
    "abovePct": 61.63328197226502,
    "belowPct": 38.366718027734976
  }
}