{
  "t": 1767109829653,
  "sampleSize": 800,
  "sma50": {
    "above": 365,
    "below": 333,
    "counted": 698,
    "abovePct": 52.29226361031518,
    "belowPct": 47.70773638968481
  },
  "sma200": {
    "above": 390,
    "below": 255,
    "counted": 645,
    "abovePct": 60.46511627906976,
    "belowPct": 39.53488372093023
  }
}