{
  "t": 1781209096014,
  "sampleSize": 300,
  "sma50": {
    "above": 137,
    "below": 114,
    "counted": 251,
    "abovePct": 54.581673306772906,
    "belowPct": 45.41832669322709
  },
  "sma200": {
    "above": 120,
    "below": 91,
    "counted": 211,
    "abovePct": 56.872037914691944,
    "belowPct": 43.127962085308056
  }
}