{
  "t": 1764959140043,
  "sampleSize": 800,
  "sma50": {
    "above": 351,
    "below": 350,
    "counted": 701,
    "abovePct": 50.07132667617689,
    "belowPct": 49.928673323823105
  },
  "sma200": {
    "above": 406,
    "below": 242,
    "counted": 648,
    "abovePct": 62.65432098765432,
    "belowPct": 37.34567901234568
  }
}