{
  "t": 1764102303041,
  "sampleSize": 800,
  "sma50": {
    "above": 290,
    "below": 412,
    "counted": 702,
    "abovePct": 41.31054131054131,
    "belowPct": 58.68945868945868
  },
  "sma200": {
    "above": 368,
    "below": 273,
    "counted": 641,
    "abovePct": 57.41029641185648,
    "belowPct": 42.58970358814352
  }
}