{
  "t": 1770304674339,
  "sampleSize": 800,
  "sma50": {
    "above": 348,
    "below": 341,
    "counted": 689,
    "abovePct": 50.50798258345428,
    "belowPct": 49.49201741654572
  },
  "sma200": {
    "above": 388,
    "below": 262,
    "counted": 650,
    "abovePct": 59.692307692307686,
    "belowPct": 40.30769230769231
  }
}