{
  "t": 1763145762453,
  "sampleSize": 800,
  "sma50": {
    "above": 260,
    "below": 444,
    "counted": 704,
    "abovePct": 36.93181818181818,
    "belowPct": 63.06818181818182
  },
  "sma200": {
    "above": 375,
    "below": 267,
    "counted": 642,
    "abovePct": 58.41121495327103,
    "belowPct": 41.58878504672897
  }
}