{
  "t": 1767903927488,
  "sampleSize": 800,
  "sma50": {
    "above": 417,
    "below": 277,
    "counted": 694,
    "abovePct": 60.086455331412104,
    "belowPct": 39.913544668587896
  },
  "sma200": {
    "above": 404,
    "below": 242,
    "counted": 646,
    "abovePct": 62.538699690402474,
    "belowPct": 37.461300309597526
  }
}