{
  "t": 1777562195911,
  "sampleSize": 300,
  "sma50": {
    "above": 150,
    "below": 96,
    "counted": 246,
    "abovePct": 60.97560975609756,
    "belowPct": 39.02439024390244
  },
  "sma200": {
    "above": 136,
    "below": 106,
    "counted": 242,
    "abovePct": 56.19834710743802,
    "belowPct": 43.80165289256198
  }
}