{
  "t": 1778526639769,
  "sampleSize": 300,
  "sma50": {
    "above": 163,
    "below": 81,
    "counted": 244,
    "abovePct": 66.80327868852459,
    "belowPct": 33.19672131147541
  },
  "sma200": {
    "above": 141,
    "below": 100,
    "counted": 241,
    "abovePct": 58.50622406639005,
    "belowPct": 41.49377593360996
  }
}