{
  "t": 1767195438132,
  "sampleSize": 800,
  "sma50": {
    "above": 349,
    "below": 348,
    "counted": 697,
    "abovePct": 50.07173601147776,
    "belowPct": 49.92826398852224
  },
  "sma200": {
    "above": 379,
    "below": 265,
    "counted": 644,
    "abovePct": 58.850931677018636,
    "belowPct": 41.14906832298137
  }
}