{
  "t": 1782853653210,
  "sampleSize": 300,
  "sma50": {
    "above": 139,
    "below": 116,
    "counted": 255,
    "abovePct": 54.509803921568626,
    "belowPct": 45.490196078431374
  },
  "sma200": {
    "above": 124,
    "below": 88,
    "counted": 212,
    "abovePct": 58.490566037735846,
    "belowPct": 41.509433962264154
  }
}