{
  "t": 1777575374568,
  "sampleSize": 300,
  "sma50": {
    "above": 157,
    "below": 89,
    "counted": 246,
    "abovePct": 63.82113821138211,
    "belowPct": 36.17886178861789
  },
  "sma200": {
    "above": 138,
    "below": 104,
    "counted": 242,
    "abovePct": 57.02479338842975,
    "belowPct": 42.97520661157025
  }
}