{
  "t": 1766515516425,
  "sampleSize": 800,
  "sma50": {
    "above": 364,
    "below": 335,
    "counted": 699,
    "abovePct": 52.07439198855508,
    "belowPct": 47.92560801144492
  },
  "sma200": {
    "above": 396,
    "below": 250,
    "counted": 646,
    "abovePct": 61.30030959752322,
    "belowPct": 38.69969040247678
  }
}