{
  "t": 1765468355134,
  "sampleSize": 800,
  "sma50": {
    "above": 369,
    "below": 331,
    "counted": 700,
    "abovePct": 52.714285714285715,
    "belowPct": 47.285714285714285
  },
  "sma200": {
    "above": 410,
    "below": 234,
    "counted": 644,
    "abovePct": 63.66459627329193,
    "belowPct": 36.33540372670808
  }
}