{
  "t": 1777305879020,
  "sampleSize": 300,
  "sma50": {
    "above": 155,
    "below": 92,
    "counted": 247,
    "abovePct": 62.75303643724697,
    "belowPct": 37.24696356275304
  },
  "sma200": {
    "above": 135,
    "below": 107,
    "counted": 242,
    "abovePct": 55.78512396694215,
    "belowPct": 44.214876033057855
  }
}