{
  "t": 1769537794277,
  "sampleSize": 800,
  "sma50": {
    "above": 456,
    "below": 235,
    "counted": 691,
    "abovePct": 65.99131693198264,
    "belowPct": 34.00868306801736
  },
  "sma200": {
    "above": 417,
    "below": 233,
    "counted": 650,
    "abovePct": 64.15384615384615,
    "belowPct": 35.84615384615385
  }
}