{
  "t": 1782922797649,
  "sampleSize": 300,
  "sma50": {
    "above": 142,
    "below": 113,
    "counted": 255,
    "abovePct": 55.68627450980392,
    "belowPct": 44.31372549019608
  },
  "sma200": {
    "above": 124,
    "below": 88,
    "counted": 212,
    "abovePct": 58.490566037735846,
    "belowPct": 41.509433962264154
  }
}