{
  "t": 1765572612779,
  "sampleSize": 800,
  "sma50": {
    "above": 363,
    "below": 337,
    "counted": 700,
    "abovePct": 51.857142857142854,
    "belowPct": 48.142857142857146
  },
  "sma200": {
    "above": 408,
    "below": 236,
    "counted": 644,
    "abovePct": 63.35403726708074,
    "belowPct": 36.64596273291926
  }
}