{
  "t": 1767202632843,
  "sampleSize": 800,
  "sma50": {
    "above": 349,
    "below": 348,
    "counted": 697,
    "abovePct": 50.07173601147776,
    "belowPct": 49.92826398852224
  },
  "sma200": {
    "above": 380,
    "below": 264,
    "counted": 644,
    "abovePct": 59.006211180124225,
    "belowPct": 40.993788819875775
  }
}