{
  "t": 1778699343121,
  "sampleSize": 300,
  "sma50": {
    "above": 153,
    "below": 92,
    "counted": 245,
    "abovePct": 62.44897959183674,
    "belowPct": 37.55102040816327
  },
  "sma200": {
    "above": 139,
    "below": 103,
    "counted": 242,
    "abovePct": 57.438016528925615,
    "belowPct": 42.561983471074385
  }
}