{
  "t": 1778187152819,
  "sampleSize": 300,
  "sma50": {
    "above": 170,
    "below": 75,
    "counted": 245,
    "abovePct": 69.38775510204081,
    "belowPct": 30.612244897959183
  },
  "sma200": {
    "above": 142,
    "below": 100,
    "counted": 242,
    "abovePct": 58.67768595041323,
    "belowPct": 41.32231404958678
  }
}