{
  "t": 1768422295105,
  "sampleSize": 800,
  "sma50": {
    "above": 433,
    "below": 261,
    "counted": 694,
    "abovePct": 62.39193083573487,
    "belowPct": 37.60806916426513
  },
  "sma200": {
    "above": 408,
    "below": 239,
    "counted": 647,
    "abovePct": 63.06027820710973,
    "belowPct": 36.93972179289026
  }
}