{
  "t": 1776974089666,
  "sampleSize": 300,
  "sma50": {
    "above": 150,
    "below": 97,
    "counted": 247,
    "abovePct": 60.72874493927125,
    "belowPct": 39.27125506072874
  },
  "sma200": {
    "above": 136,
    "below": 105,
    "counted": 241,
    "abovePct": 56.43153526970954,
    "belowPct": 43.56846473029046
  }
}