{
  "t": 1762541427105,
  "sampleSize": 800,
  "sma50": {
    "above": 251,
    "below": 454,
    "counted": 705,
    "abovePct": 35.60283687943262,
    "belowPct": 64.39716312056738
  },
  "sma200": {
    "above": 374,
    "below": 267,
    "counted": 641,
    "abovePct": 58.34633385335414,
    "belowPct": 41.65366614664587
  }
}