{
  "t": 1778871799603,
  "sampleSize": 300,
  "sma50": {
    "above": 138,
    "below": 112,
    "counted": 250,
    "abovePct": 55.2,
    "belowPct": 44.800000000000004
  },
  "sma200": {
    "above": 130,
    "below": 112,
    "counted": 242,
    "abovePct": 53.71900826446281,
    "belowPct": 46.28099173553719
  }
}