{
  "t": 1781205886219,
  "sampleSize": 300,
  "sma50": {
    "above": 135,
    "below": 116,
    "counted": 251,
    "abovePct": 53.78486055776892,
    "belowPct": 46.21513944223107
  },
  "sma200": {
    "above": 119,
    "below": 92,
    "counted": 211,
    "abovePct": 56.39810426540285,
    "belowPct": 43.60189573459716
  }
}