{
  "t": 1770391085797,
  "sampleSize": 800,
  "sma50": {
    "above": 349,
    "below": 340,
    "counted": 689,
    "abovePct": 50.653120464441216,
    "belowPct": 49.34687953555878
  },
  "sma200": {
    "above": 393,
    "below": 256,
    "counted": 649,
    "abovePct": 60.55469953775039,
    "belowPct": 39.44530046224962
  }
}