{
  "t": 1766432072474,
  "sampleSize": 800,
  "sma50": {
    "above": 366,
    "below": 333,
    "counted": 699,
    "abovePct": 52.36051502145923,
    "belowPct": 47.63948497854077
  },
  "sma200": {
    "above": 395,
    "below": 251,
    "counted": 646,
    "abovePct": 61.145510835913306,
    "belowPct": 38.85448916408669
  }
}