{
  "t": 1764015913162,
  "sampleSize": 800,
  "sma50": {
    "above": 232,
    "below": 470,
    "counted": 702,
    "abovePct": 33.04843304843305,
    "belowPct": 66.95156695156696
  },
  "sma200": {
    "above": 362,
    "below": 278,
    "counted": 640,
    "abovePct": 56.56250000000001,
    "belowPct": 43.4375
  }
}