{
  "t": 1762980549123,
  "sampleSize": 800,
  "sma50": {
    "above": 334,
    "below": 370,
    "counted": 704,
    "abovePct": 47.44318181818182,
    "belowPct": 52.55681818181818
  },
  "sma200": {
    "above": 400,
    "below": 242,
    "counted": 642,
    "abovePct": 62.30529595015576,
    "belowPct": 37.69470404984423
  }
}