{
  "t": 1779119213647,
  "sampleSize": 300,
  "sma50": {
    "above": 139,
    "below": 114,
    "counted": 253,
    "abovePct": 54.9407114624506,
    "belowPct": 45.059288537549406
  },
  "sma200": {
    "above": 131,
    "below": 111,
    "counted": 242,
    "abovePct": 54.132231404958674,
    "belowPct": 45.867768595041326
  }
}