{
  "t": 1779311467902,
  "sampleSize": 300,
  "sma50": {
    "above": 147,
    "below": 106,
    "counted": 253,
    "abovePct": 58.10276679841897,
    "belowPct": 41.89723320158103
  },
  "sma200": {
    "above": 135,
    "below": 107,
    "counted": 242,
    "abovePct": 55.78512396694215,
    "belowPct": 44.214876033057855
  }
}