{
  "t": 1765394665993,
  "sampleSize": 800,
  "sma50": {
    "above": 363,
    "below": 337,
    "counted": 700,
    "abovePct": 51.857142857142854,
    "belowPct": 48.142857142857146
  },
  "sma200": {
    "above": 405,
    "below": 242,
    "counted": 647,
    "abovePct": 62.59659969088099,
    "belowPct": 37.403400309119014
  }
}