{
  "t": 1782235065361,
  "sampleSize": 300,
  "sma50": {
    "above": 134,
    "below": 120,
    "counted": 254,
    "abovePct": 52.75590551181102,
    "belowPct": 47.24409448818898
  },
  "sma200": {
    "above": 116,
    "below": 95,
    "counted": 211,
    "abovePct": 54.976303317535546,
    "belowPct": 45.023696682464454
  }
}