{
  "t": 1764950837463,
  "sampleSize": 800,
  "sma50": {
    "above": 364,
    "below": 337,
    "counted": 701,
    "abovePct": 51.925820256776035,
    "belowPct": 48.074179743223965
  },
  "sma200": {
    "above": 412,
    "below": 236,
    "counted": 648,
    "abovePct": 63.580246913580254,
    "belowPct": 36.41975308641975
  }
}