{
  "t": 1769627634054,
  "sampleSize": 800,
  "sma50": {
    "above": 442,
    "below": 248,
    "counted": 690,
    "abovePct": 64.05797101449275,
    "belowPct": 35.94202898550725
  },
  "sma200": {
    "above": 415,
    "below": 235,
    "counted": 650,
    "abovePct": 63.84615384615384,
    "belowPct": 36.15384615384615
  }
}