{
  "t": 1764190118745,
  "sampleSize": 800,
  "sma50": {
    "above": 336,
    "below": 366,
    "counted": 702,
    "abovePct": 47.863247863247864,
    "belowPct": 52.13675213675214
  },
  "sma200": {
    "above": 383,
    "below": 260,
    "counted": 643,
    "abovePct": 59.56454121306376,
    "belowPct": 40.43545878693624
  }
}