{
  "t": 1763742319140,
  "sampleSize": 800,
  "sma50": {
    "above": 172,
    "below": 526,
    "counted": 698,
    "abovePct": 24.641833810888254,
    "belowPct": 75.35816618911176
  },
  "sma200": {
    "above": 335,
    "below": 301,
    "counted": 636,
    "abovePct": 52.67295597484277,
    "belowPct": 47.327044025157235
  }
}