{
  "t": 1768507647588,
  "sampleSize": 800,
  "sma50": {
    "above": 453,
    "below": 240,
    "counted": 693,
    "abovePct": 65.36796536796537,
    "belowPct": 34.63203463203463
  },
  "sma200": {
    "above": 415,
    "below": 231,
    "counted": 646,
    "abovePct": 64.24148606811146,
    "belowPct": 35.758513931888544
  }
}