{
  "t": 1767204540698,
  "sampleSize": 800,
  "sma50": {
    "above": 348,
    "below": 349,
    "counted": 697,
    "abovePct": 49.92826398852224,
    "belowPct": 50.07173601147776
  },
  "sma200": {
    "above": 380,
    "below": 264,
    "counted": 644,
    "abovePct": 59.006211180124225,
    "belowPct": 40.993788819875775
  }
}