{
  "t": 1767121571789,
  "sampleSize": 800,
  "sma50": {
    "above": 372,
    "below": 326,
    "counted": 698,
    "abovePct": 53.29512893982808,
    "belowPct": 46.70487106017192
  },
  "sma200": {
    "above": 394,
    "below": 251,
    "counted": 645,
    "abovePct": 61.08527131782946,
    "belowPct": 38.91472868217054
  }
}