{
  "t": 1766005490763,
  "sampleSize": 800,
  "sma50": {
    "above": 310,
    "below": 390,
    "counted": 700,
    "abovePct": 44.285714285714285,
    "belowPct": 55.714285714285715
  },
  "sma200": {
    "above": 392,
    "below": 252,
    "counted": 644,
    "abovePct": 60.86956521739131,
    "belowPct": 39.130434782608695
  }
}