{
  "t": 1769525711063,
  "sampleSize": 800,
  "sma50": {
    "above": 457,
    "below": 234,
    "counted": 691,
    "abovePct": 66.13603473227207,
    "belowPct": 33.86396526772793
  },
  "sma200": {
    "above": 416,
    "below": 234,
    "counted": 650,
    "abovePct": 64,
    "belowPct": 36
  }
}