{
  "t": 1763655944387,
  "sampleSize": 800,
  "sma50": {
    "above": 214,
    "below": 489,
    "counted": 703,
    "abovePct": 30.440967283072546,
    "belowPct": 69.55903271692745
  },
  "sma200": {
    "above": 352,
    "below": 289,
    "counted": 641,
    "abovePct": 54.91419656786272,
    "belowPct": 45.08580343213728
  }
}