{
  "t": 1763664920954,
  "sampleSize": 800,
  "sma50": {
    "above": 175,
    "below": 528,
    "counted": 703,
    "abovePct": 24.893314366998577,
    "belowPct": 75.10668563300142
  },
  "sma200": {
    "above": 330,
    "below": 311,
    "counted": 641,
    "abovePct": 51.482059282371296,
    "belowPct": 48.517940717628704
  }
}