{
  "t": 1764686290893,
  "sampleSize": 800,
  "sma50": {
    "above": 329,
    "below": 372,
    "counted": 701,
    "abovePct": 46.932952924393724,
    "belowPct": 53.067047075606276
  },
  "sma200": {
    "above": 386,
    "below": 258,
    "counted": 644,
    "abovePct": 59.93788819875776,
    "belowPct": 40.06211180124223
  }
}