{
  "t": 1765399218777,
  "sampleSize": 800,
  "sma50": {
    "above": 383,
    "below": 317,
    "counted": 700,
    "abovePct": 54.714285714285715,
    "belowPct": 45.285714285714285
  },
  "sma200": {
    "above": 422,
    "below": 225,
    "counted": 647,
    "abovePct": 65.2241112828439,
    "belowPct": 34.77588871715611
  }
}