{
  "t": 1767713957793,
  "sampleSize": 800,
  "sma50": {
    "above": 395,
    "below": 299,
    "counted": 694,
    "abovePct": 56.9164265129683,
    "belowPct": 43.0835734870317
  },
  "sma200": {
    "above": 383,
    "below": 263,
    "counted": 646,
    "abovePct": 59.28792569659442,
    "belowPct": 40.71207430340557
  }
}