{
  "t": 1768943318994,
  "sampleSize": 800,
  "sma50": {
    "above": 397,
    "below": 296,
    "counted": 693,
    "abovePct": 57.287157287157285,
    "belowPct": 42.712842712842715
  },
  "sma200": {
    "above": 393,
    "below": 254,
    "counted": 647,
    "abovePct": 60.741885625966,
    "belowPct": 39.258114374034
  }
}