{
  "t": 1763152627171,
  "sampleSize": 800,
  "sma50": {
    "above": 264,
    "below": 440,
    "counted": 704,
    "abovePct": 37.5,
    "belowPct": 62.5
  },
  "sma200": {
    "above": 375,
    "below": 267,
    "counted": 642,
    "abovePct": 58.41121495327103,
    "belowPct": 41.58878504672897
  }
}