{
  "t": 1765828129136,
  "sampleSize": 800,
  "sma50": {
    "above": 350,
    "below": 350,
    "counted": 700,
    "abovePct": 50,
    "belowPct": 50
  },
  "sma200": {
    "above": 394,
    "below": 249,
    "counted": 643,
    "abovePct": 61.27527216174183,
    "belowPct": 38.72472783825817
  }
}