{
  "t": 1766080293249,
  "sampleSize": 800,
  "sma50": {
    "above": 327,
    "below": 373,
    "counted": 700,
    "abovePct": 46.714285714285715,
    "belowPct": 53.28571428571428
  },
  "sma200": {
    "above": 399,
    "below": 248,
    "counted": 647,
    "abovePct": 61.66924265842349,
    "belowPct": 38.33075734157651
  }
}