{
  "t": 1769542942465,
  "sampleSize": 800,
  "sma50": {
    "above": 457,
    "below": 234,
    "counted": 691,
    "abovePct": 66.13603473227207,
    "belowPct": 33.86396526772793
  },
  "sma200": {
    "above": 423,
    "below": 227,
    "counted": 650,
    "abovePct": 65.07692307692308,
    "belowPct": 34.92307692307692
  }
}