{
  "t": 1772653497981,
  "sampleSize": 300,
  "sma50": {
    "above": 108,
    "below": 140,
    "counted": 248,
    "abovePct": 43.54838709677419,
    "belowPct": 56.451612903225815
  },
  "sma200": {
    "above": 138,
    "below": 100,
    "counted": 238,
    "abovePct": 57.98319327731093,
    "belowPct": 42.016806722689076
  }
}