{
  "t": 1768488663700,
  "sampleSize": 800,
  "sma50": {
    "above": 439,
    "below": 254,
    "counted": 693,
    "abovePct": 63.347763347763355,
    "belowPct": 36.65223665223665
  },
  "sma200": {
    "above": 407,
    "below": 239,
    "counted": 646,
    "abovePct": 63.00309597523219,
    "belowPct": 36.9969040247678
  }
}