{
  "t": 1775144996048,
  "sampleSize": 300,
  "sma50": {
    "above": 56,
    "below": 192,
    "counted": 248,
    "abovePct": 22.58064516129032,
    "belowPct": 77.41935483870968
  },
  "sma200": {
    "above": 90,
    "below": 148,
    "counted": 238,
    "abovePct": 37.81512605042017,
    "belowPct": 62.18487394957983
  }
}