{
  "t": 1775839681533,
  "sampleSize": 300,
  "sma50": {
    "above": 112,
    "below": 135,
    "counted": 247,
    "abovePct": 45.34412955465587,
    "belowPct": 54.655870445344135
  },
  "sma200": {
    "above": 107,
    "below": 130,
    "counted": 237,
    "abovePct": 45.14767932489451,
    "belowPct": 54.85232067510548
  }
}