{
  "t": 1766414903587,
  "sampleSize": 800,
  "sma50": {
    "above": 359,
    "below": 340,
    "counted": 699,
    "abovePct": 51.359084406294706,
    "belowPct": 48.640915593705294
  },
  "sma200": {
    "above": 391,
    "below": 255,
    "counted": 646,
    "abovePct": 60.526315789473685,
    "belowPct": 39.473684210526315
  }
}