{
  "t": 1765386631621,
  "sampleSize": 800,
  "sma50": {
    "above": 360,
    "below": 340,
    "counted": 700,
    "abovePct": 51.42857142857142,
    "belowPct": 48.57142857142857
  },
  "sma200": {
    "above": 405,
    "below": 242,
    "counted": 647,
    "abovePct": 62.59659969088099,
    "belowPct": 37.403400309119014
  }
}