{
  "t": 1781122740795,
  "sampleSize": 300,
  "sma50": {
    "above": 124,
    "below": 126,
    "counted": 250,
    "abovePct": 49.6,
    "belowPct": 50.4
  },
  "sma200": {
    "above": 113,
    "below": 98,
    "counted": 211,
    "abovePct": 53.55450236966824,
    "belowPct": 46.44549763033176
  }
}