{
  "t": 1770734871032,
  "sampleSize": 800,
  "sma50": {
    "above": 397,
    "below": 292,
    "counted": 689,
    "abovePct": 57.61973875181422,
    "belowPct": 42.380261248185775
  },
  "sma200": {
    "above": 400,
    "below": 251,
    "counted": 651,
    "abovePct": 61.44393241167435,
    "belowPct": 38.556067588325654
  }
}