{
  "t": 1767896748042,
  "sampleSize": 800,
  "sma50": {
    "above": 419,
    "below": 275,
    "counted": 694,
    "abovePct": 60.37463976945246,
    "belowPct": 39.62536023054755
  },
  "sma200": {
    "above": 404,
    "below": 242,
    "counted": 646,
    "abovePct": 62.538699690402474,
    "belowPct": 37.461300309597526
  }
}