{
  "t": 1768245873157,
  "sampleSize": 800,
  "sma50": {
    "above": 442,
    "below": 252,
    "counted": 694,
    "abovePct": 63.68876080691642,
    "belowPct": 36.31123919308357
  },
  "sma200": {
    "above": 409,
    "below": 238,
    "counted": 647,
    "abovePct": 63.214837712519326,
    "belowPct": 36.78516228748068
  }
}