{
  "t": 1764690708214,
  "sampleSize": 800,
  "sma50": {
    "above": 333,
    "below": 368,
    "counted": 701,
    "abovePct": 47.50356633380884,
    "belowPct": 52.49643366619116
  },
  "sma200": {
    "above": 384,
    "below": 260,
    "counted": 644,
    "abovePct": 59.62732919254658,
    "belowPct": 40.37267080745342
  }
}