{
  "t": 1767382462309,
  "sampleSize": 800,
  "sma50": {
    "above": 341,
    "below": 354,
    "counted": 695,
    "abovePct": 49.06474820143885,
    "belowPct": 50.935251798561154
  },
  "sma200": {
    "above": 376,
    "below": 269,
    "counted": 645,
    "abovePct": 58.29457364341085,
    "belowPct": 41.70542635658915
  }
}