{
  "t": 1775501335874,
  "sampleSize": 300,
  "sma50": {
    "above": 63,
    "below": 185,
    "counted": 248,
    "abovePct": 25.403225806451612,
    "belowPct": 74.59677419354838
  },
  "sma200": {
    "above": 90,
    "below": 148,
    "counted": 238,
    "abovePct": 37.81512605042017,
    "belowPct": 62.18487394957983
  }
}