{
  "t": 1769784161938,
  "sampleSize": 800,
  "sma50": {
    "above": 426,
    "below": 264,
    "counted": 690,
    "abovePct": 61.73913043478261,
    "belowPct": 38.26086956521739
  },
  "sma200": {
    "above": 408,
    "below": 242,
    "counted": 650,
    "abovePct": 62.76923076923077,
    "belowPct": 37.230769230769226
  }
}