{
  "t": 1776182107833,
  "sampleSize": 300,
  "sma50": {
    "above": 137,
    "below": 110,
    "counted": 247,
    "abovePct": 55.465587044534416,
    "belowPct": 44.534412955465584
  },
  "sma200": {
    "above": 115,
    "below": 124,
    "counted": 239,
    "abovePct": 48.11715481171548,
    "belowPct": 51.88284518828452
  }
}