{
  "t": 1763582847845,
  "sampleSize": 800,
  "sma50": {
    "above": 188,
    "below": 515,
    "counted": 703,
    "abovePct": 26.742532005689903,
    "belowPct": 73.2574679943101
  },
  "sma200": {
    "above": 349,
    "below": 292,
    "counted": 641,
    "abovePct": 54.44617784711389,
    "belowPct": 45.55382215288611
  }
}