{
  "t": 1778613059473,
  "sampleSize": 300,
  "sma50": {
    "above": 160,
    "below": 85,
    "counted": 245,
    "abovePct": 65.3061224489796,
    "belowPct": 34.69387755102041
  },
  "sma200": {
    "above": 142,
    "below": 100,
    "counted": 242,
    "abovePct": 58.67768595041323,
    "belowPct": 41.32231404958678
  }
}