{
  "t": 1764600607962,
  "sampleSize": 800,
  "sma50": {
    "above": 329,
    "below": 372,
    "counted": 701,
    "abovePct": 46.932952924393724,
    "belowPct": 53.067047075606276
  },
  "sma200": {
    "above": 385,
    "below": 259,
    "counted": 644,
    "abovePct": 59.78260869565217,
    "belowPct": 40.21739130434783
  }
}