{
  "t": 1767632113364,
  "sampleSize": 800,
  "sma50": {
    "above": 379,
    "below": 315,
    "counted": 694,
    "abovePct": 54.610951008645536,
    "belowPct": 45.38904899135447
  },
  "sma200": {
    "above": 382,
    "below": 263,
    "counted": 645,
    "abovePct": 59.224806201550386,
    "belowPct": 40.775193798449614
  }
}