{
  "t": 1782493769447,
  "sampleSize": 300,
  "sma50": {
    "above": 133,
    "below": 122,
    "counted": 255,
    "abovePct": 52.156862745098046,
    "belowPct": 47.84313725490196
  },
  "sma200": {
    "above": 117,
    "below": 95,
    "counted": 212,
    "abovePct": 55.188679245283026,
    "belowPct": 44.81132075471698
  }
}