{
  "t": 1769022791893,
  "sampleSize": 800,
  "sma50": {
    "above": 415,
    "below": 277,
    "counted": 692,
    "abovePct": 59.97109826589595,
    "belowPct": 40.028901734104046
  },
  "sma200": {
    "above": 403,
    "below": 243,
    "counted": 646,
    "abovePct": 62.38390092879257,
    "belowPct": 37.61609907120743
  }
}