{
  "t": 1767375431452,
  "sampleSize": 800,
  "sma50": {
    "above": 344,
    "below": 351,
    "counted": 695,
    "abovePct": 49.49640287769784,
    "belowPct": 50.50359712230216
  },
  "sma200": {
    "above": 375,
    "below": 270,
    "counted": 645,
    "abovePct": 58.139534883720934,
    "belowPct": 41.86046511627907
  }
}