{
  "t": 1770129844234,
  "sampleSize": 800,
  "sma50": {
    "above": 403,
    "below": 287,
    "counted": 690,
    "abovePct": 58.405797101449274,
    "belowPct": 41.594202898550726
  },
  "sma200": {
    "above": 413,
    "below": 237,
    "counted": 650,
    "abovePct": 63.53846153846155,
    "belowPct": 36.46153846153846
  }
}