{
  "t": 1770657723816,
  "sampleSize": 800,
  "sma50": {
    "above": 401,
    "below": 288,
    "counted": 689,
    "abovePct": 58.20029027576198,
    "belowPct": 41.79970972423803
  },
  "sma200": {
    "above": 396,
    "below": 254,
    "counted": 650,
    "abovePct": 60.92307692307693,
    "belowPct": 39.07692307692307
  }
}