{
  "t": 1763564870770,
  "sampleSize": 800,
  "sma50": {
    "above": 215,
    "below": 488,
    "counted": 703,
    "abovePct": 30.58321479374111,
    "belowPct": 69.4167852062589
  },
  "sma200": {
    "above": 358,
    "below": 283,
    "counted": 641,
    "abovePct": 55.85023400936038,
    "belowPct": 44.14976599063963
  }
}