{
  "t": 1775238327619,
  "sampleSize": 300,
  "sma50": {
    "above": 56,
    "below": 192,
    "counted": 248,
    "abovePct": 22.58064516129032,
    "belowPct": 77.41935483870968
  },
  "sma200": {
    "above": 88,
    "below": 150,
    "counted": 238,
    "abovePct": 36.97478991596639,
    "belowPct": 63.02521008403361
  }
}