{
  "t": 1766782168196,
  "sampleSize": 800,
  "sma50": {
    "above": 377,
    "below": 322,
    "counted": 699,
    "abovePct": 53.934191702432045,
    "belowPct": 46.065808297567955
  },
  "sma200": {
    "above": 392,
    "below": 254,
    "counted": 646,
    "abovePct": 60.681114551083596,
    "belowPct": 39.318885448916404
  }
}