{
  "t": 1766503502703,
  "sampleSize": 800,
  "sma50": {
    "above": 356,
    "below": 343,
    "counted": 699,
    "abovePct": 50.92989985693849,
    "belowPct": 49.07010014306152
  },
  "sma200": {
    "above": 393,
    "below": 253,
    "counted": 646,
    "abovePct": 60.8359133126935,
    "belowPct": 39.1640866873065
  }
}