{
  "t": 1769202286584,
  "sampleSize": 800,
  "sma50": {
    "above": 447,
    "below": 244,
    "counted": 691,
    "abovePct": 64.6888567293777,
    "belowPct": 35.31114327062229
  },
  "sma200": {
    "above": 424,
    "below": 223,
    "counted": 647,
    "abovePct": 65.53323029366305,
    "belowPct": 34.46676970633694
  }
}