{
  "t": 1779996326536,
  "sampleSize": 300,
  "sma50": {
    "above": 159,
    "below": 90,
    "counted": 249,
    "abovePct": 63.85542168674698,
    "belowPct": 36.144578313253014
  },
  "sma200": {
    "above": 141,
    "below": 97,
    "counted": 238,
    "abovePct": 59.2436974789916,
    "belowPct": 40.7563025210084
  }
}