{
  "t": 1777312450280,
  "sampleSize": 300,
  "sma50": {
    "above": 154,
    "below": 93,
    "counted": 247,
    "abovePct": 62.34817813765182,
    "belowPct": 37.65182186234818
  },
  "sma200": {
    "above": 137,
    "below": 105,
    "counted": 242,
    "abovePct": 56.611570247933884,
    "belowPct": 43.388429752066116
  }
}