{
  "t": 1767123282090,
  "sampleSize": 800,
  "sma50": {
    "above": 369,
    "below": 329,
    "counted": 698,
    "abovePct": 52.865329512893986,
    "belowPct": 47.134670487106014
  },
  "sma200": {
    "above": 396,
    "below": 249,
    "counted": 645,
    "abovePct": 61.395348837209305,
    "belowPct": 38.604651162790695
  }
}