{
  "t": 1767127104508,
  "sampleSize": 800,
  "sma50": {
    "above": 369,
    "below": 329,
    "counted": 698,
    "abovePct": 52.865329512893986,
    "belowPct": 47.134670487106014
  },
  "sma200": {
    "above": 392,
    "below": 253,
    "counted": 645,
    "abovePct": 60.775193798449614,
    "belowPct": 39.224806201550386
  }
}