{
  "t": 1770405524576,
  "sampleSize": 800,
  "sma50": {
    "above": 372,
    "below": 317,
    "counted": 689,
    "abovePct": 53.99129172714079,
    "belowPct": 46.00870827285922
  },
  "sma200": {
    "above": 395,
    "below": 254,
    "counted": 649,
    "abovePct": 60.86286594761171,
    "belowPct": 39.13713405238829
  }
}