{
  "t": 1763406342970,
  "sampleSize": 800,
  "sma50": {
    "above": 244,
    "below": 459,
    "counted": 703,
    "abovePct": 34.70839260312945,
    "belowPct": 65.29160739687056
  },
  "sma200": {
    "above": 365,
    "below": 276,
    "counted": 641,
    "abovePct": 56.94227769110765,
    "belowPct": 43.05772230889235
  }
}