{
  "t": 1772210828857,
  "sampleSize": 300,
  "sma50": {
    "above": 132,
    "below": 117,
    "counted": 249,
    "abovePct": 53.01204819277109,
    "belowPct": 46.98795180722892
  },
  "sma200": {
    "above": 146,
    "below": 93,
    "counted": 239,
    "abovePct": 61.08786610878661,
    "belowPct": 38.912133891213394
  }
}