{
  "t": 1767973212095,
  "sampleSize": 800,
  "sma50": {
    "above": 428,
    "below": 264,
    "counted": 692,
    "abovePct": 61.849710982658955,
    "belowPct": 38.15028901734104
  },
  "sma200": {
    "above": 403,
    "below": 240,
    "counted": 643,
    "abovePct": 62.674961119751174,
    "belowPct": 37.32503888024883
  }
}