{
  "t": 1769198849667,
  "sampleSize": 800,
  "sma50": {
    "above": 447,
    "below": 244,
    "counted": 691,
    "abovePct": 64.6888567293777,
    "belowPct": 35.31114327062229
  },
  "sma200": {
    "above": 419,
    "below": 228,
    "counted": 647,
    "abovePct": 64.76043276661515,
    "belowPct": 35.239567233384854
  }
}