{
  "t": 1765395312953,
  "sampleSize": 800,
  "sma50": {
    "above": 366,
    "below": 334,
    "counted": 700,
    "abovePct": 52.28571428571429,
    "belowPct": 47.714285714285715
  },
  "sma200": {
    "above": 407,
    "below": 240,
    "counted": 647,
    "abovePct": 62.90571870170015,
    "belowPct": 37.09428129829985
  }
}