{
  "t": 1776279217599,
  "sampleSize": 300,
  "sma50": {
    "above": 155,
    "below": 92,
    "counted": 247,
    "abovePct": 62.75303643724697,
    "belowPct": 37.24696356275304
  },
  "sma200": {
    "above": 124,
    "below": 115,
    "counted": 239,
    "abovePct": 51.88284518828452,
    "belowPct": 48.11715481171548
  }
}