{
  "t": 1766087323726,
  "sampleSize": 800,
  "sma50": {
    "above": 321,
    "below": 379,
    "counted": 700,
    "abovePct": 45.857142857142854,
    "belowPct": 54.142857142857146
  },
  "sma200": {
    "above": 394,
    "below": 253,
    "counted": 647,
    "abovePct": 60.89644513137558,
    "belowPct": 39.10355486862442
  }
}