{
  "t": 1769797992514,
  "sampleSize": 800,
  "sma50": {
    "above": 395,
    "below": 295,
    "counted": 690,
    "abovePct": 57.2463768115942,
    "belowPct": 42.7536231884058
  },
  "sma200": {
    "above": 403,
    "below": 247,
    "counted": 650,
    "abovePct": 62,
    "belowPct": 38
  }
}