{
  "t": 1763398498859,
  "sampleSize": 800,
  "sma50": {
    "above": 266,
    "below": 437,
    "counted": 703,
    "abovePct": 37.83783783783784,
    "belowPct": 62.16216216216216
  },
  "sma200": {
    "above": 372,
    "below": 269,
    "counted": 641,
    "abovePct": 58.03432137285491,
    "belowPct": 41.96567862714509
  }
}