{
  "t": 1767978683384,
  "sampleSize": 800,
  "sma50": {
    "above": 437,
    "below": 257,
    "counted": 694,
    "abovePct": 62.96829971181557,
    "belowPct": 37.03170028818444
  },
  "sma200": {
    "above": 402,
    "below": 243,
    "counted": 645,
    "abovePct": 62.32558139534884,
    "belowPct": 37.67441860465116
  }
}