{
  "t": 1771253242345,
  "sampleSize": 300,
  "sma50": {
    "above": 134,
    "below": 115,
    "counted": 249,
    "abovePct": 53.81526104417671,
    "belowPct": 46.1847389558233
  },
  "sma200": {
    "above": 147,
    "below": 91,
    "counted": 238,
    "abovePct": 61.76470588235294,
    "belowPct": 38.23529411764706
  }
}