{
  "t": 1774298836478,
  "sampleSize": 300,
  "sma50": {
    "above": 50,
    "below": 198,
    "counted": 248,
    "abovePct": 20.161290322580644,
    "belowPct": 79.83870967741935
  },
  "sma200": {
    "above": 88,
    "below": 150,
    "counted": 238,
    "abovePct": 36.97478991596639,
    "belowPct": 63.02521008403361
  }
}