{
  "t": 1781902538727,
  "sampleSize": 300,
  "sma50": {
    "above": 141,
    "below": 112,
    "counted": 253,
    "abovePct": 55.73122529644269,
    "belowPct": 44.26877470355731
  },
  "sma200": {
    "above": 119,
    "below": 92,
    "counted": 211,
    "abovePct": 56.39810426540285,
    "belowPct": 43.60189573459716
  }
}