{
  "t": 1769446137961,
  "sampleSize": 800,
  "sma50": {
    "above": 457,
    "below": 234,
    "counted": 691,
    "abovePct": 66.13603473227207,
    "belowPct": 33.86396526772793
  },
  "sma200": {
    "above": 414,
    "below": 233,
    "counted": 647,
    "abovePct": 63.98763523956723,
    "belowPct": 36.01236476043277
  }
}