{
  "t": 1765221847059,
  "sampleSize": 800,
  "sma50": {
    "above": 339,
    "below": 362,
    "counted": 701,
    "abovePct": 48.35948644793152,
    "belowPct": 51.64051355206848
  },
  "sma200": {
    "above": 397,
    "below": 251,
    "counted": 648,
    "abovePct": 61.26543209876543,
    "belowPct": 38.73456790123457
  }
}