{
  "t": 1768509663446,
  "sampleSize": 800,
  "sma50": {
    "above": 448,
    "below": 245,
    "counted": 693,
    "abovePct": 64.64646464646465,
    "belowPct": 35.35353535353536
  },
  "sma200": {
    "above": 416,
    "below": 230,
    "counted": 646,
    "abovePct": 64.39628482972137,
    "belowPct": 35.60371517027864
  }
}