{
  "t": 1768941008662,
  "sampleSize": 800,
  "sma50": {
    "above": 395,
    "below": 298,
    "counted": 693,
    "abovePct": 56.99855699855701,
    "belowPct": 43.001443001443
  },
  "sma200": {
    "above": 395,
    "below": 252,
    "counted": 647,
    "abovePct": 61.051004636785166,
    "belowPct": 38.94899536321484
  }
}