{
  "t": 1769786015697,
  "sampleSize": 800,
  "sma50": {
    "above": 411,
    "below": 279,
    "counted": 690,
    "abovePct": 59.56521739130435,
    "belowPct": 40.43478260869565
  },
  "sma200": {
    "above": 405,
    "below": 245,
    "counted": 650,
    "abovePct": 62.30769230769231,
    "belowPct": 37.69230769230769
  }
}