{
  "t": 1766170574867,
  "sampleSize": 800,
  "sma50": {
    "above": 349,
    "below": 351,
    "counted": 700,
    "abovePct": 49.857142857142854,
    "belowPct": 50.142857142857146
  },
  "sma200": {
    "above": 394,
    "below": 253,
    "counted": 647,
    "abovePct": 60.89644513137558,
    "belowPct": 39.10355486862442
  }
}