{
  "t": 1762542341775,
  "sampleSize": 800,
  "sma50": {
    "above": 247,
    "below": 457,
    "counted": 704,
    "abovePct": 35.08522727272727,
    "belowPct": 64.91477272727273
  },
  "sma200": {
    "above": 376,
    "below": 266,
    "counted": 642,
    "abovePct": 58.56697819314641,
    "belowPct": 41.43302180685358
  }
}