{
  "t": 1763056193842,
  "sampleSize": 800,
  "sma50": {
    "above": 293,
    "below": 411,
    "counted": 704,
    "abovePct": 41.61931818181818,
    "belowPct": 58.38068181818182
  },
  "sma200": {
    "above": 385,
    "below": 257,
    "counted": 642,
    "abovePct": 59.96884735202492,
    "belowPct": 40.03115264797508
  }
}