{
  "t": 1768243618566,
  "sampleSize": 800,
  "sma50": {
    "above": 444,
    "below": 250,
    "counted": 694,
    "abovePct": 63.976945244956774,
    "belowPct": 36.023054755043226
  },
  "sma200": {
    "above": 406,
    "below": 241,
    "counted": 647,
    "abovePct": 62.75115919629057,
    "belowPct": 37.24884080370943
  }
}