{
  "t": 1766421724836,
  "sampleSize": 800,
  "sma50": {
    "above": 368,
    "below": 331,
    "counted": 699,
    "abovePct": 52.64663805436338,
    "belowPct": 47.35336194563662
  },
  "sma200": {
    "above": 397,
    "below": 249,
    "counted": 646,
    "abovePct": 61.45510835913313,
    "belowPct": 38.54489164086687
  }
}