{
  "t": 1779298554744,
  "sampleSize": 300,
  "sma50": {
    "above": 148,
    "below": 105,
    "counted": 253,
    "abovePct": 58.498023715415016,
    "belowPct": 41.50197628458498
  },
  "sma200": {
    "above": 136,
    "below": 106,
    "counted": 242,
    "abovePct": 56.19834710743802,
    "belowPct": 43.80165289256198
  }
}