{
  "t": 1762964753255,
  "sampleSize": 800,
  "sma50": {
    "above": 335,
    "below": 369,
    "counted": 704,
    "abovePct": 47.58522727272727,
    "belowPct": 52.41477272727273
  },
  "sma200": {
    "above": 400,
    "below": 242,
    "counted": 642,
    "abovePct": 62.30529595015576,
    "belowPct": 37.69470404984423
  }
}