{
  "t": 1767039916253,
  "sampleSize": 800,
  "sma50": {
    "above": 370,
    "below": 329,
    "counted": 699,
    "abovePct": 52.93276108726752,
    "belowPct": 47.06723891273247
  },
  "sma200": {
    "above": 390,
    "below": 256,
    "counted": 646,
    "abovePct": 60.371517027863774,
    "belowPct": 39.628482972136226
  }
}