{
  "t": 1767635478220,
  "sampleSize": 800,
  "sma50": {
    "above": 393,
    "below": 301,
    "counted": 694,
    "abovePct": 56.62824207492796,
    "belowPct": 43.371757925072046
  },
  "sma200": {
    "above": 386,
    "below": 259,
    "counted": 645,
    "abovePct": 59.84496124031008,
    "belowPct": 40.15503875968992
  }
}