{
  "t": 1765212175556,
  "sampleSize": 800,
  "sma50": {
    "above": 343,
    "below": 358,
    "counted": 701,
    "abovePct": 48.93009985734665,
    "belowPct": 51.06990014265336
  },
  "sma200": {
    "above": 404,
    "below": 244,
    "counted": 648,
    "abovePct": 62.34567901234568,
    "belowPct": 37.65432098765432
  }
}