{
  "t": 1767212693045,
  "sampleSize": 800,
  "sma50": {
    "above": 337,
    "below": 360,
    "counted": 697,
    "abovePct": 48.35007173601148,
    "belowPct": 51.64992826398852
  },
  "sma200": {
    "above": 373,
    "below": 271,
    "counted": 644,
    "abovePct": 57.919254658385086,
    "belowPct": 42.08074534161491
  }
}