{
  "t": 1774559411968,
  "sampleSize": 300,
  "sma50": {
    "above": 47,
    "below": 201,
    "counted": 248,
    "abovePct": 18.951612903225808,
    "belowPct": 81.04838709677419
  },
  "sma200": {
    "above": 86,
    "below": 152,
    "counted": 238,
    "abovePct": 36.134453781512605,
    "belowPct": 63.86554621848739
  }
}