{
  "t": 1763407391921,
  "sampleSize": 800,
  "sma50": {
    "above": 242,
    "below": 461,
    "counted": 703,
    "abovePct": 34.42389758179232,
    "belowPct": 65.57610241820768
  },
  "sma200": {
    "above": 364,
    "below": 277,
    "counted": 641,
    "abovePct": 56.78627145085804,
    "belowPct": 43.21372854914197
  }
}