{
  "t": 1763667272529,
  "sampleSize": 800,
  "sma50": {
    "above": 172,
    "below": 531,
    "counted": 703,
    "abovePct": 24.466571834992887,
    "belowPct": 75.53342816500711
  },
  "sma200": {
    "above": 329,
    "below": 312,
    "counted": 641,
    "abovePct": 51.326053042121686,
    "belowPct": 48.673946957878314
  }
}