{
  "t": 1778858260055,
  "sampleSize": 300,
  "sma50": {
    "above": 145,
    "below": 102,
    "counted": 247,
    "abovePct": 58.70445344129555,
    "belowPct": 41.29554655870445
  },
  "sma200": {
    "above": 131,
    "below": 111,
    "counted": 242,
    "abovePct": 54.132231404958674,
    "belowPct": 45.867768595041326
  }
}