{
  "t": 1780690256651,
  "sampleSize": 300,
  "sma50": {
    "above": 133,
    "below": 120,
    "counted": 253,
    "abovePct": 52.569169960474305,
    "belowPct": 47.43083003952569
  },
  "sma200": {
    "above": 131,
    "below": 111,
    "counted": 242,
    "abovePct": 54.132231404958674,
    "belowPct": 45.867768595041326
  }
}