{
  "t": 1776201483382,
  "sampleSize": 300,
  "sma50": {
    "above": 140,
    "below": 107,
    "counted": 247,
    "abovePct": 56.68016194331984,
    "belowPct": 43.31983805668016
  },
  "sma200": {
    "above": 117,
    "below": 122,
    "counted": 239,
    "abovePct": 48.95397489539749,
    "belowPct": 51.04602510460251
  }
}