{
  "t": 1764608155926,
  "sampleSize": 800,
  "sma50": {
    "above": 324,
    "below": 377,
    "counted": 701,
    "abovePct": 46.219686162624825,
    "belowPct": 53.78031383737518
  },
  "sma200": {
    "above": 386,
    "below": 258,
    "counted": 644,
    "abovePct": 59.93788819875776,
    "belowPct": 40.06211180124223
  }
}