{
  "t": 1767371140977,
  "sampleSize": 800,
  "sma50": {
    "above": 341,
    "below": 354,
    "counted": 695,
    "abovePct": 49.06474820143885,
    "belowPct": 50.935251798561154
  },
  "sma200": {
    "above": 371,
    "below": 274,
    "counted": 645,
    "abovePct": 57.519379844961236,
    "belowPct": 42.480620155038764
  }
}