{
  "t": 1767124112513,
  "sampleSize": 800,
  "sma50": {
    "above": 370,
    "below": 328,
    "counted": 698,
    "abovePct": 53.00859598853869,
    "belowPct": 46.99140401146132
  },
  "sma200": {
    "above": 394,
    "below": 251,
    "counted": 645,
    "abovePct": 61.08527131782946,
    "belowPct": 38.91472868217054
  }
}