{
  "t": 1766086444910,
  "sampleSize": 800,
  "sma50": {
    "above": 328,
    "below": 372,
    "counted": 700,
    "abovePct": 46.85714285714286,
    "belowPct": 53.142857142857146
  },
  "sma200": {
    "above": 398,
    "below": 249,
    "counted": 647,
    "abovePct": 61.514683153013905,
    "belowPct": 38.48531684698609
  }
}