{
  "t": 1765560258756,
  "sampleSize": 800,
  "sma50": {
    "above": 371,
    "below": 329,
    "counted": 700,
    "abovePct": 53,
    "belowPct": 47
  },
  "sma200": {
    "above": 413,
    "below": 231,
    "counted": 644,
    "abovePct": 64.13043478260869,
    "belowPct": 35.869565217391305
  }
}