{
  "t": 1769444898650,
  "sampleSize": 800,
  "sma50": {
    "above": 459,
    "below": 232,
    "counted": 691,
    "abovePct": 66.42547033285095,
    "belowPct": 33.57452966714906
  },
  "sma200": {
    "above": 415,
    "below": 232,
    "counted": 647,
    "abovePct": 64.14219474497682,
    "belowPct": 35.85780525502319
  }
}