{
  "t": 1762979900493,
  "sampleSize": 800,
  "sma50": {
    "above": 331,
    "below": 373,
    "counted": 704,
    "abovePct": 47.01704545454545,
    "belowPct": 52.98295454545454
  },
  "sma200": {
    "above": 402,
    "below": 240,
    "counted": 642,
    "abovePct": 62.616822429906534,
    "belowPct": 37.38317757009346
  }
}