{
  "t": 1771008496305,
  "sampleSize": 300,
  "sma50": {
    "above": 140,
    "below": 109,
    "counted": 249,
    "abovePct": 56.22489959839358,
    "belowPct": 43.77510040160642
  },
  "sma200": {
    "above": 144,
    "below": 94,
    "counted": 238,
    "abovePct": 60.50420168067227,
    "belowPct": 39.49579831932773
  }
}