{
  "t": 1774543834476,
  "sampleSize": 300,
  "sma50": {
    "above": 47,
    "below": 201,
    "counted": 248,
    "abovePct": 18.951612903225808,
    "belowPct": 81.04838709677419
  },
  "sma200": {
    "above": 89,
    "below": 149,
    "counted": 238,
    "abovePct": 37.39495798319328,
    "belowPct": 62.60504201680672
  }
}