{
  "t": 1764017352336,
  "sampleSize": 800,
  "sma50": {
    "above": 238,
    "below": 464,
    "counted": 702,
    "abovePct": 33.903133903133906,
    "belowPct": 66.0968660968661
  },
  "sma200": {
    "above": 362,
    "below": 278,
    "counted": 640,
    "abovePct": 56.56250000000001,
    "belowPct": 43.4375
  }
}