{
  "t": 1773770087191,
  "sampleSize": 300,
  "sma50": {
    "above": 75,
    "below": 173,
    "counted": 248,
    "abovePct": 30.241935483870968,
    "belowPct": 69.75806451612904
  },
  "sma200": {
    "above": 111,
    "below": 127,
    "counted": 238,
    "abovePct": 46.63865546218487,
    "belowPct": 53.36134453781513
  }
}