{
  "t": 1764082112056,
  "sampleSize": 800,
  "sma50": {
    "above": 251,
    "below": 451,
    "counted": 702,
    "abovePct": 35.75498575498576,
    "belowPct": 64.24501424501425
  },
  "sma200": {
    "above": 362,
    "below": 278,
    "counted": 640,
    "abovePct": 56.56250000000001,
    "belowPct": 43.4375
  }
}