{
  "t": 1765215493703,
  "sampleSize": 800,
  "sma50": {
    "above": 341,
    "below": 360,
    "counted": 701,
    "abovePct": 48.64479315263909,
    "belowPct": 51.35520684736091
  },
  "sma200": {
    "above": 403,
    "below": 245,
    "counted": 648,
    "abovePct": 62.191358024691354,
    "belowPct": 37.808641975308646
  }
}