{
  "t": 1769804935256,
  "sampleSize": 800,
  "sma50": {
    "above": 388,
    "below": 297,
    "counted": 685,
    "abovePct": 56.64233576642336,
    "belowPct": 43.35766423357664
  },
  "sma200": {
    "above": 403,
    "below": 242,
    "counted": 645,
    "abovePct": 62.48062015503876,
    "belowPct": 37.51937984496124
  }
}