{
  "t": 1766432945479,
  "sampleSize": 800,
  "sma50": {
    "above": 366,
    "below": 333,
    "counted": 699,
    "abovePct": 52.36051502145923,
    "belowPct": 47.63948497854077
  },
  "sma200": {
    "above": 394,
    "below": 252,
    "counted": 646,
    "abovePct": 60.99071207430341,
    "belowPct": 39.0092879256966
  }
}