{
  "t": 1769796886892,
  "sampleSize": 800,
  "sma50": {
    "above": 394,
    "below": 296,
    "counted": 690,
    "abovePct": 57.10144927536231,
    "belowPct": 42.89855072463768
  },
  "sma200": {
    "above": 405,
    "below": 245,
    "counted": 650,
    "abovePct": 62.30769230769231,
    "belowPct": 37.69230769230769
  }
}