{
  "t": 1765917552074,
  "sampleSize": 800,
  "sma50": {
    "above": 333,
    "below": 367,
    "counted": 700,
    "abovePct": 47.57142857142857,
    "belowPct": 52.42857142857142
  },
  "sma200": {
    "above": 394,
    "below": 250,
    "counted": 644,
    "abovePct": 61.18012422360248,
    "belowPct": 38.81987577639752
  }
}