{
  "t": 1764620687845,
  "sampleSize": 800,
  "sma50": {
    "above": 322,
    "below": 379,
    "counted": 701,
    "abovePct": 45.93437945791726,
    "belowPct": 54.06562054208274
  },
  "sma200": {
    "above": 386,
    "below": 258,
    "counted": 644,
    "abovePct": 59.93788819875776,
    "belowPct": 40.06211180124223
  }
}