{
  "t": 1769524892887,
  "sampleSize": 800,
  "sma50": {
    "above": 460,
    "below": 231,
    "counted": 691,
    "abovePct": 66.57018813314038,
    "belowPct": 33.42981186685962
  },
  "sma200": {
    "above": 418,
    "below": 232,
    "counted": 650,
    "abovePct": 64.3076923076923,
    "belowPct": 35.69230769230769
  }
}