{
  "t": 1769530353593,
  "sampleSize": 800,
  "sma50": {
    "above": 449,
    "below": 242,
    "counted": 691,
    "abovePct": 64.97829232995659,
    "belowPct": 35.02170767004342
  },
  "sma200": {
    "above": 418,
    "below": 232,
    "counted": 650,
    "abovePct": 64.3076923076923,
    "belowPct": 35.69230769230769
  }
}