{
  "t": 1780940029510,
  "sampleSize": 300,
  "sma50": {
    "above": 132,
    "below": 122,
    "counted": 254,
    "abovePct": 51.96850393700787,
    "belowPct": 48.031496062992126
  },
  "sma200": {
    "above": 129,
    "below": 113,
    "counted": 242,
    "abovePct": 53.30578512396694,
    "belowPct": 46.69421487603306
  }
}