{
  "t": 1765223295143,
  "sampleSize": 800,
  "sma50": {
    "above": 342,
    "below": 359,
    "counted": 701,
    "abovePct": 48.787446504992865,
    "belowPct": 51.21255349500713
  },
  "sma200": {
    "above": 400,
    "below": 248,
    "counted": 648,
    "abovePct": 61.72839506172839,
    "belowPct": 38.2716049382716
  }
}