{
  "t": 1764340525665,
  "sampleSize": 800,
  "sma50": {
    "above": 334,
    "below": 367,
    "counted": 701,
    "abovePct": 47.646219686162624,
    "belowPct": 52.353780313837376
  },
  "sma200": {
    "above": 381,
    "below": 262,
    "counted": 643,
    "abovePct": 59.25349922239502,
    "belowPct": 40.74650077760498
  }
}