{
  "t": 1766775928594,
  "sampleSize": 800,
  "sma50": {
    "above": 378,
    "below": 321,
    "counted": 699,
    "abovePct": 54.077253218884124,
    "belowPct": 45.92274678111588
  },
  "sma200": {
    "above": 396,
    "below": 250,
    "counted": 646,
    "abovePct": 61.30030959752322,
    "belowPct": 38.69969040247678
  }
}