{
  "t": 1766073050545,
  "sampleSize": 800,
  "sma50": {
    "above": 335,
    "below": 365,
    "counted": 700,
    "abovePct": 47.85714285714286,
    "belowPct": 52.142857142857146
  },
  "sma200": {
    "above": 401,
    "below": 246,
    "counted": 647,
    "abovePct": 61.97836166924265,
    "belowPct": 38.02163833075734
  }
}