{
  "t": 1766599738262,
  "sampleSize": 800,
  "sma50": {
    "above": 384,
    "below": 315,
    "counted": 699,
    "abovePct": 54.93562231759657,
    "belowPct": 45.06437768240343
  },
  "sma200": {
    "above": 400,
    "below": 246,
    "counted": 646,
    "abovePct": 61.91950464396285,
    "belowPct": 38.080495356037154
  }
}