{
  "t": 1766505035430,
  "sampleSize": 800,
  "sma50": {
    "above": 360,
    "below": 339,
    "counted": 699,
    "abovePct": 51.50214592274678,
    "belowPct": 48.497854077253216
  },
  "sma200": {
    "above": 392,
    "below": 254,
    "counted": 646,
    "abovePct": 60.681114551083596,
    "belowPct": 39.318885448916404
  }
}