{
  "t": 1762539942547,
  "sampleSize": 800,
  "sma50": {
    "above": 244,
    "below": 460,
    "counted": 704,
    "abovePct": 34.659090909090914,
    "belowPct": 65.3409090909091
  },
  "sma200": {
    "above": 375,
    "below": 267,
    "counted": 642,
    "abovePct": 58.41121495327103,
    "belowPct": 41.58878504672897
  }
}