{
  "t": 1775843270917,
  "sampleSize": 300,
  "sma50": {
    "above": 114,
    "below": 133,
    "counted": 247,
    "abovePct": 46.15384615384615,
    "belowPct": 53.84615384615385
  },
  "sma200": {
    "above": 106,
    "below": 131,
    "counted": 237,
    "abovePct": 44.72573839662447,
    "belowPct": 55.27426160337553
  }
}