{
  "t": 1769697783647,
  "sampleSize": 800,
  "sma50": {
    "above": 439,
    "below": 251,
    "counted": 690,
    "abovePct": 63.6231884057971,
    "belowPct": 36.3768115942029
  },
  "sma200": {
    "above": 418,
    "below": 232,
    "counted": 650,
    "abovePct": 64.3076923076923,
    "belowPct": 35.69230769230769
  }
}