{
  "t": 1765388402512,
  "sampleSize": 800,
  "sma50": {
    "above": 357,
    "below": 343,
    "counted": 700,
    "abovePct": 51,
    "belowPct": 49
  },
  "sma200": {
    "above": 410,
    "below": 237,
    "counted": 647,
    "abovePct": 63.3693972179289,
    "belowPct": 36.6306027820711
  }
}