{
  "t": 1768331228484,
  "sampleSize": 800,
  "sma50": {
    "above": 418,
    "below": 264,
    "counted": 682,
    "abovePct": 61.29032258064516,
    "belowPct": 38.70967741935484
  },
  "sma200": {
    "above": 399,
    "below": 238,
    "counted": 637,
    "abovePct": 62.637362637362635,
    "belowPct": 37.362637362637365
  }
}