{
  "t": 1763133860455,
  "sampleSize": 800,
  "sma50": {
    "above": 248,
    "below": 456,
    "counted": 704,
    "abovePct": 35.22727272727273,
    "belowPct": 64.77272727272727
  },
  "sma200": {
    "above": 370,
    "below": 272,
    "counted": 642,
    "abovePct": 57.63239875389408,
    "belowPct": 42.36760124610592
  }
}