{
  "t": 1774378178323,
  "sampleSize": 300,
  "sma50": {
    "above": 49,
    "below": 199,
    "counted": 248,
    "abovePct": 19.758064516129032,
    "belowPct": 80.24193548387096
  },
  "sma200": {
    "above": 90,
    "below": 148,
    "counted": 238,
    "abovePct": 37.81512605042017,
    "belowPct": 62.18487394957983
  }
}