{
  "t": 1774892933593,
  "sampleSize": 300,
  "sma50": {
    "above": 40,
    "below": 208,
    "counted": 248,
    "abovePct": 16.129032258064516,
    "belowPct": 83.87096774193549
  },
  "sma200": {
    "above": 76,
    "below": 162,
    "counted": 238,
    "abovePct": 31.932773109243694,
    "belowPct": 68.0672268907563
  }
}