{
  "t": 1770835803376,
  "sampleSize": 300,
  "sma50": {
    "above": 149,
    "below": 100,
    "counted": 249,
    "abovePct": 59.83935742971887,
    "belowPct": 40.16064257028113
  },
  "sma200": {
    "above": 149,
    "below": 88,
    "counted": 237,
    "abovePct": 62.869198312236286,
    "belowPct": 37.130801687763714
  }
}