{
  "t": 1769624022143,
  "sampleSize": 800,
  "sma50": {
    "above": 448,
    "below": 242,
    "counted": 690,
    "abovePct": 64.92753623188405,
    "belowPct": 35.07246376811594
  },
  "sma200": {
    "above": 416,
    "below": 234,
    "counted": 650,
    "abovePct": 64,
    "belowPct": 36
  }
}