{
  "t": 1770407942314,
  "sampleSize": 800,
  "sma50": {
    "above": 374,
    "below": 315,
    "counted": 689,
    "abovePct": 54.28156748911466,
    "belowPct": 45.71843251088534
  },
  "sma200": {
    "above": 396,
    "below": 253,
    "counted": 649,
    "abovePct": 61.016949152542374,
    "belowPct": 38.983050847457626
  }
}