{
  "t": 1770044552174,
  "sampleSize": 800,
  "sma50": {
    "above": 386,
    "below": 304,
    "counted": 690,
    "abovePct": 55.94202898550724,
    "belowPct": 44.05797101449275
  },
  "sma200": {
    "above": 405,
    "below": 245,
    "counted": 650,
    "abovePct": 62.30769230769231,
    "belowPct": 37.69230769230769
  }
}