{
  "t": 1766074113432,
  "sampleSize": 800,
  "sma50": {
    "above": 335,
    "below": 365,
    "counted": 700,
    "abovePct": 47.85714285714286,
    "belowPct": 52.142857142857146
  },
  "sma200": {
    "above": 402,
    "below": 245,
    "counted": 647,
    "abovePct": 62.132921174652246,
    "belowPct": 37.86707882534776
  }
}