{
  "t": 1770821155631,
  "sampleSize": 800,
  "sma50": {
    "above": 402,
    "below": 285,
    "counted": 687,
    "abovePct": 58.515283842794766,
    "belowPct": 41.48471615720524
  },
  "sma200": {
    "above": 405,
    "below": 244,
    "counted": 649,
    "abovePct": 62.40369799691834,
    "belowPct": 37.59630200308167
  }
}