{
  "t": 1766416015203,
  "sampleSize": 800,
  "sma50": {
    "above": 360,
    "below": 339,
    "counted": 699,
    "abovePct": 51.50214592274678,
    "belowPct": 48.497854077253216
  },
  "sma200": {
    "above": 394,
    "below": 252,
    "counted": 646,
    "abovePct": 60.99071207430341,
    "belowPct": 39.0092879256966
  }
}