{
  "t": 1767207977980,
  "sampleSize": 800,
  "sma50": {
    "above": 356,
    "below": 341,
    "counted": 697,
    "abovePct": 51.07604017216643,
    "belowPct": 48.92395982783357
  },
  "sma200": {
    "above": 381,
    "below": 263,
    "counted": 644,
    "abovePct": 59.161490683229815,
    "belowPct": 40.838509316770185
  }
}