{
  "t": 1767628318470,
  "sampleSize": 800,
  "sma50": {
    "above": 381,
    "below": 313,
    "counted": 694,
    "abovePct": 54.899135446685875,
    "belowPct": 45.10086455331412
  },
  "sma200": {
    "above": 384,
    "below": 261,
    "counted": 645,
    "abovePct": 59.53488372093023,
    "belowPct": 40.46511627906977
  }
}