{
  "t": 1782490660916,
  "sampleSize": 300,
  "sma50": {
    "above": 135,
    "below": 120,
    "counted": 255,
    "abovePct": 52.94117647058824,
    "belowPct": 47.05882352941176
  },
  "sma200": {
    "above": 118,
    "below": 94,
    "counted": 212,
    "abovePct": 55.660377358490564,
    "belowPct": 44.339622641509436
  }
}