{
  "t": 1763754504573,
  "sampleSize": 800,
  "sma50": {
    "above": 197,
    "below": 496,
    "counted": 693,
    "abovePct": 28.42712842712843,
    "belowPct": 71.57287157287158
  },
  "sma200": {
    "above": 343,
    "below": 289,
    "counted": 632,
    "abovePct": 54.27215189873418,
    "belowPct": 45.72784810126582
  }
}