{
  "t": 1775078157850,
  "sampleSize": 300,
  "sma50": {
    "above": 51,
    "below": 197,
    "counted": 248,
    "abovePct": 20.56451612903226,
    "belowPct": 79.43548387096774
  },
  "sma200": {
    "above": 90,
    "below": 148,
    "counted": 238,
    "abovePct": 37.81512605042017,
    "belowPct": 62.18487394957983
  }
}