{
  "t": 1769543583982,
  "sampleSize": 800,
  "sma50": {
    "above": 457,
    "below": 234,
    "counted": 691,
    "abovePct": 66.13603473227207,
    "belowPct": 33.86396526772793
  },
  "sma200": {
    "above": 421,
    "below": 229,
    "counted": 650,
    "abovePct": 64.76923076923077,
    "belowPct": 35.23076923076923
  }
}