{
  "t": 1767631361272,
  "sampleSize": 800,
  "sma50": {
    "above": 373,
    "below": 321,
    "counted": 694,
    "abovePct": 53.7463976945245,
    "belowPct": 46.2536023054755
  },
  "sma200": {
    "above": 380,
    "below": 265,
    "counted": 645,
    "abovePct": 58.91472868217055,
    "belowPct": 41.08527131782946
  }
}