{
  "t": 1770131043297,
  "sampleSize": 800,
  "sma50": {
    "above": 399,
    "below": 291,
    "counted": 690,
    "abovePct": 57.826086956521735,
    "belowPct": 42.173913043478265
  },
  "sma200": {
    "above": 409,
    "below": 241,
    "counted": 650,
    "abovePct": 62.92307692307693,
    "belowPct": 37.07692307692308
  }
}