{
  "t": 1769442962478,
  "sampleSize": 800,
  "sma50": {
    "above": 457,
    "below": 234,
    "counted": 691,
    "abovePct": 66.13603473227207,
    "belowPct": 33.86396526772793
  },
  "sma200": {
    "above": 416,
    "below": 231,
    "counted": 647,
    "abovePct": 64.2967542503864,
    "belowPct": 35.7032457496136
  }
}