{
  "t": 1768587986922,
  "sampleSize": 800,
  "sma50": {
    "above": 454,
    "below": 239,
    "counted": 693,
    "abovePct": 65.51226551226551,
    "belowPct": 34.48773448773449
  },
  "sma200": {
    "above": 420,
    "below": 225,
    "counted": 645,
    "abovePct": 65.11627906976744,
    "belowPct": 34.883720930232556
  }
}