{
  "t": 1762887926723,
  "sampleSize": 800,
  "sma50": {
    "above": 327,
    "below": 377,
    "counted": 704,
    "abovePct": 46.44886363636363,
    "belowPct": 53.55113636363637
  },
  "sma200": {
    "above": 394,
    "below": 248,
    "counted": 642,
    "abovePct": 61.37071651090342,
    "belowPct": 38.62928348909657
  }
}