{
  "t": 1764960798337,
  "sampleSize": 800,
  "sma50": {
    "above": 354,
    "below": 347,
    "counted": 701,
    "abovePct": 50.499286733238236,
    "belowPct": 49.50071326676177
  },
  "sma200": {
    "above": 409,
    "below": 239,
    "counted": 648,
    "abovePct": 63.117283950617285,
    "belowPct": 36.882716049382715
  }
}