{
  "t": 1772214351121,
  "sampleSize": 300,
  "sma50": {
    "above": 123,
    "below": 126,
    "counted": 249,
    "abovePct": 49.39759036144578,
    "belowPct": 50.602409638554214
  },
  "sma200": {
    "above": 146,
    "below": 93,
    "counted": 239,
    "abovePct": 61.08786610878661,
    "belowPct": 38.912133891213394
  }
}