{
  "t": 1763743868236,
  "sampleSize": 800,
  "sma50": {
    "above": 188,
    "below": 515,
    "counted": 703,
    "abovePct": 26.742532005689903,
    "belowPct": 73.2574679943101
  },
  "sma200": {
    "above": 340,
    "below": 301,
    "counted": 641,
    "abovePct": 53.042121684867396,
    "belowPct": 46.957878315132604
  }
}