{
  "t": 1775504924661,
  "sampleSize": 300,
  "sma50": {
    "above": 63,
    "below": 185,
    "counted": 248,
    "abovePct": 25.403225806451612,
    "belowPct": 74.59677419354838
  },
  "sma200": {
    "above": 88,
    "below": 150,
    "counted": 238,
    "abovePct": 36.97478991596639,
    "belowPct": 63.02521008403361
  }
}