{
  "t": 1767629309208,
  "sampleSize": 800,
  "sma50": {
    "above": 373,
    "below": 321,
    "counted": 694,
    "abovePct": 53.7463976945245,
    "belowPct": 46.2536023054755
  },
  "sma200": {
    "above": 382,
    "below": 263,
    "counted": 645,
    "abovePct": 59.224806201550386,
    "belowPct": 40.775193798449614
  }
}