{
  "t": 1774028740330,
  "sampleSize": 300,
  "sma50": {
    "above": 42,
    "below": 206,
    "counted": 248,
    "abovePct": 16.93548387096774,
    "belowPct": 83.06451612903226
  },
  "sma200": {
    "above": 81,
    "below": 157,
    "counted": 238,
    "abovePct": 34.03361344537815,
    "belowPct": 65.96638655462185
  }
}