{
  "t": 1782317877432,
  "sampleSize": 300,
  "sma50": {
    "above": 140,
    "below": 115,
    "counted": 255,
    "abovePct": 54.90196078431373,
    "belowPct": 45.09803921568628
  },
  "sma200": {
    "above": 122,
    "below": 89,
    "counted": 211,
    "abovePct": 57.81990521327014,
    "belowPct": 42.18009478672986
  }
}