{
  "t": 1768406961671,
  "sampleSize": 800,
  "sma50": {
    "above": 429,
    "below": 265,
    "counted": 694,
    "abovePct": 61.815561959654175,
    "belowPct": 38.18443804034582
  },
  "sma200": {
    "above": 403,
    "below": 244,
    "counted": 647,
    "abovePct": 62.287480680061826,
    "belowPct": 37.712519319938174
  }
}