{
  "t": 1770662963400,
  "sampleSize": 800,
  "sma50": {
    "above": 396,
    "below": 293,
    "counted": 689,
    "abovePct": 57.47460087082729,
    "belowPct": 42.52539912917271
  },
  "sma200": {
    "above": 397,
    "below": 253,
    "counted": 650,
    "abovePct": 61.07692307692307,
    "belowPct": 38.92307692307692
  }
}