{
  "t": 1770671698992,
  "sampleSize": 800,
  "sma50": {
    "above": 399,
    "below": 290,
    "counted": 689,
    "abovePct": 57.9100145137881,
    "belowPct": 42.0899854862119
  },
  "sma200": {
    "above": 401,
    "below": 249,
    "counted": 650,
    "abovePct": 61.69230769230769,
    "belowPct": 38.30769230769231
  }
}