{
  "t": 1763653080297,
  "sampleSize": 800,
  "sma50": {
    "above": 232,
    "below": 471,
    "counted": 703,
    "abovePct": 33.001422475106686,
    "belowPct": 66.9985775248933
  },
  "sma200": {
    "above": 361,
    "below": 280,
    "counted": 641,
    "abovePct": 56.31825273010921,
    "belowPct": 43.6817472698908
  }
}