{
  "t": 1765205373108,
  "sampleSize": 800,
  "sma50": {
    "above": 356,
    "below": 345,
    "counted": 701,
    "abovePct": 50.78459343794579,
    "belowPct": 49.21540656205421
  },
  "sma200": {
    "above": 407,
    "below": 241,
    "counted": 648,
    "abovePct": 62.808641975308646,
    "belowPct": 37.191358024691354
  }
}