{
  "t": 1772657101860,
  "sampleSize": 300,
  "sma50": {
    "above": 109,
    "below": 139,
    "counted": 248,
    "abovePct": 43.95161290322581,
    "belowPct": 56.048387096774185
  },
  "sma200": {
    "above": 138,
    "below": 100,
    "counted": 238,
    "abovePct": 57.98319327731093,
    "belowPct": 42.016806722689076
  }
}