{
  "t": 1763478444552,
  "sampleSize": 800,
  "sma50": {
    "above": 194,
    "below": 508,
    "counted": 702,
    "abovePct": 27.635327635327634,
    "belowPct": 72.36467236467237
  },
  "sma200": {
    "above": 348,
    "below": 292,
    "counted": 640,
    "abovePct": 54.37499999999999,
    "belowPct": 45.625
  }
}