{
  "t": 1780522436644,
  "sampleSize": 300,
  "sma50": {
    "above": 146,
    "below": 107,
    "counted": 253,
    "abovePct": 57.70750988142292,
    "belowPct": 42.29249011857708
  },
  "sma200": {
    "above": 130,
    "below": 112,
    "counted": 242,
    "abovePct": 53.71900826446281,
    "belowPct": 46.28099173553719
  }
}