{
  "t": 1767630357688,
  "sampleSize": 800,
  "sma50": {
    "above": 377,
    "below": 317,
    "counted": 694,
    "abovePct": 54.32276657060518,
    "belowPct": 45.67723342939482
  },
  "sma200": {
    "above": 382,
    "below": 263,
    "counted": 645,
    "abovePct": 59.224806201550386,
    "belowPct": 40.775193798449614
  }
}