{
  "t": 1762894179626,
  "sampleSize": 800,
  "sma50": {
    "above": 334,
    "below": 370,
    "counted": 704,
    "abovePct": 47.44318181818182,
    "belowPct": 52.55681818181818
  },
  "sma200": {
    "above": 397,
    "below": 245,
    "counted": 642,
    "abovePct": 61.838006230529594,
    "belowPct": 38.161993769470406
  }
}