{
  "t": 1769528689694,
  "sampleSize": 800,
  "sma50": {
    "above": 450,
    "below": 241,
    "counted": 691,
    "abovePct": 65.12301013024602,
    "belowPct": 34.87698986975398
  },
  "sma200": {
    "above": 414,
    "below": 236,
    "counted": 650,
    "abovePct": 63.69230769230769,
    "belowPct": 36.30769230769231
  }
}