{
  "t": 1763671703764,
  "sampleSize": 800,
  "sma50": {
    "above": 162,
    "below": 541,
    "counted": 703,
    "abovePct": 23.044096728307252,
    "belowPct": 76.95590327169275
  },
  "sma200": {
    "above": 326,
    "below": 315,
    "counted": 641,
    "abovePct": 50.858034321372855,
    "belowPct": 49.141965678627145
  }
}