{
  "t": 1777065485384,
  "sampleSize": 300,
  "sma50": {
    "above": 155,
    "below": 92,
    "counted": 247,
    "abovePct": 62.75303643724697,
    "belowPct": 37.24696356275304
  },
  "sma200": {
    "above": 139,
    "below": 102,
    "counted": 241,
    "abovePct": 57.676348547717836,
    "belowPct": 42.32365145228216
  }
}