{
  "t": 1763132822380,
  "sampleSize": 800,
  "sma50": {
    "above": 250,
    "below": 454,
    "counted": 704,
    "abovePct": 35.51136363636363,
    "belowPct": 64.48863636363636
  },
  "sma200": {
    "above": 367,
    "below": 275,
    "counted": 642,
    "abovePct": 57.165109034267914,
    "belowPct": 42.834890965732086
  }
}