{
  "t": 1766155768543,
  "sampleSize": 800,
  "sma50": {
    "above": 337,
    "below": 363,
    "counted": 700,
    "abovePct": 48.142857142857146,
    "belowPct": 51.857142857142854
  },
  "sma200": {
    "above": 392,
    "below": 255,
    "counted": 647,
    "abovePct": 60.58732612055642,
    "belowPct": 39.41267387944359
  }
}