{
  "t": 1764777084043,
  "sampleSize": 800,
  "sma50": {
    "above": 325,
    "below": 376,
    "counted": 701,
    "abovePct": 46.3623395149786,
    "belowPct": 53.6376604850214
  },
  "sma200": {
    "above": 388,
    "below": 258,
    "counted": 646,
    "abovePct": 60.06191950464397,
    "belowPct": 39.93808049535604
  }
}