{
  "t": 1765291090222,
  "sampleSize": 800,
  "sma50": {
    "above": 340,
    "below": 360,
    "counted": 700,
    "abovePct": 48.57142857142857,
    "belowPct": 51.42857142857142
  },
  "sma200": {
    "above": 398,
    "below": 249,
    "counted": 647,
    "abovePct": 61.514683153013905,
    "belowPct": 38.48531684698609
  }
}