{
  "t": 1767971243606,
  "sampleSize": 800,
  "sma50": {
    "above": 420,
    "below": 273,
    "counted": 693,
    "abovePct": 60.60606060606061,
    "belowPct": 39.39393939393939
  },
  "sma200": {
    "above": 400,
    "below": 244,
    "counted": 644,
    "abovePct": 62.11180124223602,
    "belowPct": 37.88819875776397
  }
}