{
  "t": 1771017138430,
  "sampleSize": 300,
  "sma50": {
    "above": 136,
    "below": 113,
    "counted": 249,
    "abovePct": 54.61847389558233,
    "belowPct": 45.38152610441767
  },
  "sma200": {
    "above": 145,
    "below": 93,
    "counted": 238,
    "abovePct": 60.924369747899156,
    "belowPct": 39.075630252100844
  }
}