{
  "t": 1763393889923,
  "sampleSize": 800,
  "sma50": {
    "above": 260,
    "below": 443,
    "counted": 703,
    "abovePct": 36.98435277382646,
    "belowPct": 63.01564722617354
  },
  "sma200": {
    "above": 374,
    "below": 267,
    "counted": 641,
    "abovePct": 58.34633385335414,
    "belowPct": 41.65366614664587
  }
}