{
  "t": 1769008301539,
  "sampleSize": 800,
  "sma50": {
    "above": 388,
    "below": 253,
    "counted": 641,
    "abovePct": 60.53042121684867,
    "belowPct": 39.46957878315133
  },
  "sma200": {
    "above": 374,
    "below": 227,
    "counted": 601,
    "abovePct": 62.229617304492514,
    "belowPct": 37.770382695507486
  }
}