{
  "t": 1774968731756,
  "sampleSize": 300,
  "sma50": {
    "above": 45,
    "below": 203,
    "counted": 248,
    "abovePct": 18.14516129032258,
    "belowPct": 81.85483870967742
  },
  "sma200": {
    "above": 81,
    "below": 157,
    "counted": 238,
    "abovePct": 34.03361344537815,
    "belowPct": 65.96638655462185
  }
}