{
  "t": 1773176981771,
  "sampleSize": 300,
  "sma50": {
    "above": 74,
    "below": 174,
    "counted": 248,
    "abovePct": 29.838709677419356,
    "belowPct": 70.16129032258065
  },
  "sma200": {
    "above": 126,
    "below": 112,
    "counted": 238,
    "abovePct": 52.94117647058824,
    "belowPct": 47.05882352941176
  }
}