{
  "t": 1766592463319,
  "sampleSize": 800,
  "sma50": {
    "above": 381,
    "below": 318,
    "counted": 699,
    "abovePct": 54.506437768240346,
    "belowPct": 45.493562231759654
  },
  "sma200": {
    "above": 396,
    "below": 250,
    "counted": 646,
    "abovePct": 61.30030959752322,
    "belowPct": 38.69969040247678
  }
}