{
  "t": 1772045420695,
  "sampleSize": 300,
  "sma50": {
    "above": 143,
    "below": 106,
    "counted": 249,
    "abovePct": 57.42971887550201,
    "belowPct": 42.570281124497996
  },
  "sma200": {
    "above": 148,
    "below": 91,
    "counted": 239,
    "abovePct": 61.92468619246861,
    "belowPct": 38.07531380753138
  }
}