{
  "t": 1767796715232,
  "sampleSize": 800,
  "sma50": {
    "above": 412,
    "below": 282,
    "counted": 694,
    "abovePct": 59.36599423631124,
    "belowPct": 40.63400576368876
  },
  "sma200": {
    "above": 397,
    "below": 249,
    "counted": 646,
    "abovePct": 61.45510835913313,
    "belowPct": 38.54489164086687
  }
}