{
  "t": 1767979582236,
  "sampleSize": 800,
  "sma50": {
    "above": 434,
    "below": 260,
    "counted": 694,
    "abovePct": 62.53602305475504,
    "belowPct": 37.46397694524496
  },
  "sma200": {
    "above": 406,
    "below": 239,
    "counted": 645,
    "abovePct": 62.945736434108525,
    "belowPct": 37.05426356589147
  }
}