{
  "t": 1773954719498,
  "sampleSize": 300,
  "sma50": {
    "above": 54,
    "below": 194,
    "counted": 248,
    "abovePct": 21.774193548387096,
    "belowPct": 78.2258064516129
  },
  "sma200": {
    "above": 91,
    "below": 147,
    "counted": 238,
    "abovePct": 38.23529411764706,
    "belowPct": 61.76470588235294
  }
}