{
  "t": 1763403971481,
  "sampleSize": 800,
  "sma50": {
    "above": 253,
    "below": 450,
    "counted": 703,
    "abovePct": 35.98862019914652,
    "belowPct": 64.01137980085349
  },
  "sma200": {
    "above": 372,
    "below": 269,
    "counted": 641,
    "abovePct": 58.03432137285491,
    "belowPct": 41.96567862714509
  }
}