{
  "t": 1767977024708,
  "sampleSize": 800,
  "sma50": {
    "above": 430,
    "below": 264,
    "counted": 694,
    "abovePct": 61.95965417867435,
    "belowPct": 38.04034582132565
  },
  "sma200": {
    "above": 404,
    "below": 241,
    "counted": 645,
    "abovePct": 62.63565891472869,
    "belowPct": 37.36434108527132
  }
}