{
  "t": 1774381741064,
  "sampleSize": 300,
  "sma50": {
    "above": 49,
    "below": 199,
    "counted": 248,
    "abovePct": 19.758064516129032,
    "belowPct": 80.24193548387096
  },
  "sma200": {
    "above": 88,
    "below": 150,
    "counted": 238,
    "abovePct": 36.97478991596639,
    "belowPct": 63.02521008403361
  }
}