{
  "t": 1767213507865,
  "sampleSize": 800,
  "sma50": {
    "above": 341,
    "below": 356,
    "counted": 697,
    "abovePct": 48.92395982783357,
    "belowPct": 51.07604017216643
  },
  "sma200": {
    "above": 375,
    "below": 269,
    "counted": 644,
    "abovePct": 58.22981366459628,
    "belowPct": 41.77018633540372
  }
}