{
  "t": 1764774468164,
  "sampleSize": 800,
  "sma50": {
    "above": 326,
    "below": 375,
    "counted": 701,
    "abovePct": 46.50499286733238,
    "belowPct": 53.49500713266762
  },
  "sma200": {
    "above": 383,
    "below": 263,
    "counted": 646,
    "abovePct": 59.28792569659442,
    "belowPct": 40.71207430340557
  }
}