{
  "t": 1764882292793,
  "sampleSize": 800,
  "sma50": {
    "above": 353,
    "below": 348,
    "counted": 701,
    "abovePct": 50.35663338088445,
    "belowPct": 49.64336661911555
  },
  "sma200": {
    "above": 408,
    "below": 240,
    "counted": 648,
    "abovePct": 62.96296296296296,
    "belowPct": 37.03703703703704
  }
}