{
  "t": 1776700576656,
  "sampleSize": 300,
  "sma50": {
    "above": 171,
    "below": 76,
    "counted": 247,
    "abovePct": 69.23076923076923,
    "belowPct": 30.76923076923077
  },
  "sma200": {
    "above": 140,
    "below": 101,
    "counted": 241,
    "abovePct": 58.09128630705395,
    "belowPct": 41.90871369294606
  }
}