{
  "t": 1767725166661,
  "sampleSize": 800,
  "sma50": {
    "above": 390,
    "below": 301,
    "counted": 691,
    "abovePct": 56.43994211287988,
    "belowPct": 43.56005788712012
  },
  "sma200": {
    "above": 384,
    "below": 259,
    "counted": 643,
    "abovePct": 59.72006220839814,
    "belowPct": 40.27993779160187
  }
}