{
  "t": 1782151378262,
  "sampleSize": 300,
  "sma50": {
    "above": 141,
    "below": 112,
    "counted": 253,
    "abovePct": 55.73122529644269,
    "belowPct": 44.26877470355731
  },
  "sma200": {
    "above": 121,
    "below": 90,
    "counted": 211,
    "abovePct": 57.345971563981045,
    "belowPct": 42.65402843601896
  }
}