{
  "t": 1765226354505,
  "sampleSize": 800,
  "sma50": {
    "above": 341,
    "below": 360,
    "counted": 701,
    "abovePct": 48.64479315263909,
    "belowPct": 51.35520684736091
  },
  "sma200": {
    "above": 399,
    "below": 249,
    "counted": 648,
    "abovePct": 61.57407407407407,
    "belowPct": 38.425925925925924
  }
}