{
  "t": 1773856252410,
  "sampleSize": 300,
  "sma50": {
    "above": 63,
    "below": 185,
    "counted": 248,
    "abovePct": 25.403225806451612,
    "belowPct": 74.59677419354838
  },
  "sma200": {
    "above": 98,
    "below": 140,
    "counted": 238,
    "abovePct": 41.17647058823529,
    "belowPct": 58.82352941176471
  }
}