{
  "t": 1782242084915,
  "sampleSize": 300,
  "sma50": {
    "above": 129,
    "below": 124,
    "counted": 253,
    "abovePct": 50.988142292490124,
    "belowPct": 49.01185770750988
  },
  "sma200": {
    "above": 114,
    "below": 96,
    "counted": 210,
    "abovePct": 54.285714285714285,
    "belowPct": 45.714285714285715
  }
}