{
  "t": 1773672685872,
  "sampleSize": 300,
  "sma50": {
    "above": 65,
    "below": 183,
    "counted": 248,
    "abovePct": 26.209677419354836,
    "belowPct": 73.79032258064517
  },
  "sma200": {
    "above": 100,
    "below": 138,
    "counted": 238,
    "abovePct": 42.016806722689076,
    "belowPct": 57.98319327731093
  }
}