{
  "t": 1774281016300,
  "sampleSize": 300,
  "sma50": {
    "above": 52,
    "below": 196,
    "counted": 248,
    "abovePct": 20.967741935483872,
    "belowPct": 79.03225806451613
  },
  "sma200": {
    "above": 89,
    "below": 149,
    "counted": 238,
    "abovePct": 37.39495798319328,
    "belowPct": 62.60504201680672
  }
}