{
  "t": 1778606220480,
  "sampleSize": 300,
  "sma50": {
    "above": 155,
    "below": 90,
    "counted": 245,
    "abovePct": 63.26530612244898,
    "belowPct": 36.734693877551024
  },
  "sma200": {
    "above": 138,
    "below": 104,
    "counted": 242,
    "abovePct": 57.02479338842975,
    "belowPct": 42.97520661157025
  }
}