{
  "t": 1764603562048,
  "sampleSize": 800,
  "sma50": {
    "above": 320,
    "below": 381,
    "counted": 701,
    "abovePct": 45.6490727532097,
    "belowPct": 54.350927246790306
  },
  "sma200": {
    "above": 388,
    "below": 256,
    "counted": 644,
    "abovePct": 60.24844720496895,
    "belowPct": 39.75155279503105
  }
}