{
  "t": 1768489723580,
  "sampleSize": 800,
  "sma50": {
    "above": 446,
    "below": 247,
    "counted": 693,
    "abovePct": 64.35786435786436,
    "belowPct": 35.64213564213564
  },
  "sma200": {
    "above": 412,
    "below": 234,
    "counted": 646,
    "abovePct": 63.77708978328174,
    "belowPct": 36.22291021671827
  }
}