{
  "t": 1765571111173,
  "sampleSize": 800,
  "sma50": {
    "above": 364,
    "below": 336,
    "counted": 700,
    "abovePct": 52,
    "belowPct": 48
  },
  "sma200": {
    "above": 411,
    "below": 233,
    "counted": 644,
    "abovePct": 63.81987577639752,
    "belowPct": 36.18012422360248
  }
}