{
  "t": 1769807284000,
  "sampleSize": 800,
  "sma50": {
    "above": 394,
    "below": 296,
    "counted": 690,
    "abovePct": 57.10144927536231,
    "belowPct": 42.89855072463768
  },
  "sma200": {
    "above": 409,
    "below": 241,
    "counted": 650,
    "abovePct": 62.92307692307693,
    "belowPct": 37.07692307692308
  }
}