{
  "t": 1767638783445,
  "sampleSize": 800,
  "sma50": {
    "above": 389,
    "below": 305,
    "counted": 694,
    "abovePct": 56.05187319884726,
    "belowPct": 43.94812680115274
  },
  "sma200": {
    "above": 387,
    "below": 258,
    "counted": 645,
    "abovePct": 60,
    "belowPct": 40
  }
}