{
  "t": 1764780263287,
  "sampleSize": 800,
  "sma50": {
    "above": 330,
    "below": 371,
    "counted": 701,
    "abovePct": 47.07560627674751,
    "belowPct": 52.92439372325249
  },
  "sma200": {
    "above": 388,
    "below": 258,
    "counted": 646,
    "abovePct": 60.06191950464397,
    "belowPct": 39.93808049535604
  }
}