{
  "t": 1765831152330,
  "sampleSize": 800,
  "sma50": {
    "above": 353,
    "below": 347,
    "counted": 700,
    "abovePct": 50.42857142857143,
    "belowPct": 49.57142857142857
  },
  "sma200": {
    "above": 395,
    "below": 248,
    "counted": 643,
    "abovePct": 61.4307931570762,
    "belowPct": 38.56920684292379
  }
}