{
  "t": 1767038832063,
  "sampleSize": 800,
  "sma50": {
    "above": 369,
    "below": 330,
    "counted": 699,
    "abovePct": 52.78969957081545,
    "belowPct": 47.21030042918455
  },
  "sma200": {
    "above": 389,
    "below": 257,
    "counted": 646,
    "abovePct": 60.216718266253864,
    "belowPct": 39.78328173374613
  }
}