{
  "t": 1763486657920,
  "sampleSize": 800,
  "sma50": {
    "above": 194,
    "below": 509,
    "counted": 703,
    "abovePct": 27.59601706970128,
    "belowPct": 72.40398293029871
  },
  "sma200": {
    "above": 352,
    "below": 289,
    "counted": 641,
    "abovePct": 54.91419656786272,
    "belowPct": 45.08580343213728
  }
}