{
  "t": 1764605304449,
  "sampleSize": 800,
  "sma50": {
    "above": 326,
    "below": 375,
    "counted": 701,
    "abovePct": 46.50499286733238,
    "belowPct": 53.49500713266762
  },
  "sma200": {
    "above": 385,
    "below": 259,
    "counted": 644,
    "abovePct": 59.78260869565217,
    "belowPct": 40.21739130434783
  }
}