{
  "t": 1766168750186,
  "sampleSize": 800,
  "sma50": {
    "above": 358,
    "below": 342,
    "counted": 700,
    "abovePct": 51.142857142857146,
    "belowPct": 48.857142857142854
  },
  "sma200": {
    "above": 398,
    "below": 249,
    "counted": 647,
    "abovePct": 61.514683153013905,
    "belowPct": 38.48531684698609
  }
}