{
  "t": 1770844387587,
  "sampleSize": 300,
  "sma50": {
    "above": 152,
    "below": 97,
    "counted": 249,
    "abovePct": 61.044176706827315,
    "belowPct": 38.95582329317269
  },
  "sma200": {
    "above": 152,
    "below": 85,
    "counted": 237,
    "abovePct": 64.13502109704642,
    "belowPct": 35.86497890295359
  }
}