{
  "t": 1768920889003,
  "sampleSize": 800,
  "sma50": {
    "above": 415,
    "below": 278,
    "counted": 693,
    "abovePct": 59.884559884559884,
    "belowPct": 40.115440115440116
  },
  "sma200": {
    "above": 400,
    "below": 247,
    "counted": 647,
    "abovePct": 61.82380216383307,
    "belowPct": 38.17619783616693
  }
}