{
  "t": 1766165037006,
  "sampleSize": 800,
  "sma50": {
    "above": 353,
    "below": 347,
    "counted": 700,
    "abovePct": 50.42857142857143,
    "belowPct": 49.57142857142857
  },
  "sma200": {
    "above": 396,
    "below": 251,
    "counted": 647,
    "abovePct": 61.205564142194746,
    "belowPct": 38.794435857805254
  }
}