{
  "t": 1767643640882,
  "sampleSize": 800,
  "sma50": {
    "above": 397,
    "below": 297,
    "counted": 694,
    "abovePct": 57.20461095100865,
    "belowPct": 42.79538904899135
  },
  "sma200": {
    "above": 390,
    "below": 255,
    "counted": 645,
    "abovePct": 60.46511627906976,
    "belowPct": 39.53488372093023
  }
}