{
  "t": 1774471614828,
  "sampleSize": 300,
  "sma50": {
    "above": 52,
    "below": 196,
    "counted": 248,
    "abovePct": 20.967741935483872,
    "belowPct": 79.03225806451613
  },
  "sma200": {
    "above": 93,
    "below": 145,
    "counted": 238,
    "abovePct": 39.075630252100844,
    "belowPct": 60.924369747899156
  }
}