{
  "t": 1777579153184,
  "sampleSize": 300,
  "sma50": {
    "above": 159,
    "below": 87,
    "counted": 246,
    "abovePct": 64.63414634146342,
    "belowPct": 35.36585365853659
  },
  "sma200": {
    "above": 139,
    "below": 103,
    "counted": 242,
    "abovePct": 57.438016528925615,
    "belowPct": 42.561983471074385
  }
}