{
  "t": 1781560296985,
  "sampleSize": 300,
  "sma50": {
    "above": 146,
    "below": 105,
    "counted": 251,
    "abovePct": 58.16733067729084,
    "belowPct": 41.832669322709165
  },
  "sma200": {
    "above": 120,
    "below": 91,
    "counted": 211,
    "abovePct": 56.872037914691944,
    "belowPct": 43.127962085308056
  }
}