{
  "t": 1773254929013,
  "sampleSize": 300,
  "sma50": {
    "above": 64,
    "below": 184,
    "counted": 248,
    "abovePct": 25.806451612903224,
    "belowPct": 74.19354838709677
  },
  "sma200": {
    "above": 118,
    "below": 120,
    "counted": 238,
    "abovePct": 49.57983193277311,
    "belowPct": 50.42016806722689
  }
}