{
  "t": 1767728971722,
  "sampleSize": 800,
  "sma50": {
    "above": 395,
    "below": 293,
    "counted": 688,
    "abovePct": 57.412790697674424,
    "belowPct": 42.587209302325576
  },
  "sma200": {
    "above": 383,
    "below": 257,
    "counted": 640,
    "abovePct": 59.84374999999999,
    "belowPct": 40.15625
  }
}