{
  "t": 1766597033934,
  "sampleSize": 800,
  "sma50": {
    "above": 386,
    "below": 313,
    "counted": 699,
    "abovePct": 55.22174535050072,
    "belowPct": 44.77825464949928
  },
  "sma200": {
    "above": 400,
    "below": 246,
    "counted": 646,
    "abovePct": 61.91950464396285,
    "belowPct": 38.080495356037154
  }
}