{
  "t": 1764772671072,
  "sampleSize": 800,
  "sma50": {
    "above": 329,
    "below": 372,
    "counted": 701,
    "abovePct": 46.932952924393724,
    "belowPct": 53.067047075606276
  },
  "sma200": {
    "above": 383,
    "below": 262,
    "counted": 645,
    "abovePct": 59.379844961240316,
    "belowPct": 40.62015503875969
  }
}