{
  "t": 1765382919645,
  "sampleSize": 800,
  "sma50": {
    "above": 354,
    "below": 346,
    "counted": 700,
    "abovePct": 50.57142857142857,
    "belowPct": 49.42857142857143
  },
  "sma200": {
    "above": 405,
    "below": 242,
    "counted": 647,
    "abovePct": 62.59659969088099,
    "belowPct": 37.403400309119014
  }
}