{
  "t": 1765481783560,
  "sampleSize": 800,
  "sma50": {
    "above": 390,
    "below": 310,
    "counted": 700,
    "abovePct": 55.714285714285715,
    "belowPct": 44.285714285714285
  },
  "sma200": {
    "above": 418,
    "below": 226,
    "counted": 644,
    "abovePct": 64.90683229813664,
    "belowPct": 35.09316770186335
  }
}