{
  "t": 1767114447541,
  "sampleSize": 800,
  "sma50": {
    "above": 369,
    "below": 329,
    "counted": 698,
    "abovePct": 52.865329512893986,
    "belowPct": 47.134670487106014
  },
  "sma200": {
    "above": 394,
    "below": 251,
    "counted": 645,
    "abovePct": 61.08527131782946,
    "belowPct": 38.91472868217054
  }
}