{
  "t": 1776455390529,
  "sampleSize": 300,
  "sma50": {
    "above": 175,
    "below": 72,
    "counted": 247,
    "abovePct": 70.8502024291498,
    "belowPct": 29.1497975708502
  },
  "sma200": {
    "above": 140,
    "below": 101,
    "counted": 241,
    "abovePct": 58.09128630705395,
    "belowPct": 41.90871369294606
  }
}