{
  "t": 1767890703472,
  "sampleSize": 800,
  "sma50": {
    "above": 403,
    "below": 291,
    "counted": 694,
    "abovePct": 58.06916426512968,
    "belowPct": 41.930835734870314
  },
  "sma200": {
    "above": 400,
    "below": 246,
    "counted": 646,
    "abovePct": 61.91950464396285,
    "belowPct": 38.080495356037154
  }
}