{
  "t": 1768491684478,
  "sampleSize": 800,
  "sma50": {
    "above": 453,
    "below": 241,
    "counted": 694,
    "abovePct": 65.27377521613833,
    "belowPct": 34.72622478386167
  },
  "sma200": {
    "above": 419,
    "below": 228,
    "counted": 647,
    "abovePct": 64.76043276661515,
    "belowPct": 35.239567233384854
  }
}