{
  "t": 1763482078883,
  "sampleSize": 800,
  "sma50": {
    "above": 187,
    "below": 516,
    "counted": 703,
    "abovePct": 26.600284495021338,
    "belowPct": 73.39971550497866
  },
  "sma200": {
    "above": 347,
    "below": 294,
    "counted": 641,
    "abovePct": 54.13416536661466,
    "belowPct": 45.86583463338533
  }
}