{
  "t": 1767294466296,
  "sampleSize": 800,
  "sma50": {
    "above": 334,
    "below": 361,
    "counted": 695,
    "abovePct": 48.05755395683453,
    "belowPct": 51.94244604316547
  },
  "sma200": {
    "above": 375,
    "below": 268,
    "counted": 643,
    "abovePct": 58.320373250388805,
    "belowPct": 41.679626749611195
  }
}