{
  "t": 1777049330262,
  "sampleSize": 300,
  "sma50": {
    "above": 154,
    "below": 93,
    "counted": 247,
    "abovePct": 62.34817813765182,
    "belowPct": 37.65182186234818
  },
  "sma200": {
    "above": 140,
    "below": 101,
    "counted": 241,
    "abovePct": 58.09128630705395,
    "belowPct": 41.90871369294606
  }
}