{
  "t": 1766775296066,
  "sampleSize": 800,
  "sma50": {
    "above": 376,
    "below": 323,
    "counted": 699,
    "abovePct": 53.79113018597997,
    "belowPct": 46.20886981402003
  },
  "sma200": {
    "above": 395,
    "below": 251,
    "counted": 646,
    "abovePct": 61.145510835913306,
    "belowPct": 38.85448916408669
  }
}