{
  "t": 1768921877274,
  "sampleSize": 800,
  "sma50": {
    "above": 407,
    "below": 286,
    "counted": 693,
    "abovePct": 58.730158730158735,
    "belowPct": 41.269841269841265
  },
  "sma200": {
    "above": 403,
    "below": 244,
    "counted": 647,
    "abovePct": 62.287480680061826,
    "belowPct": 37.712519319938174
  }
}