{
  "t": 1764946091193,
  "sampleSize": 800,
  "sma50": {
    "above": 348,
    "below": 353,
    "counted": 701,
    "abovePct": 49.64336661911555,
    "belowPct": 50.35663338088445
  },
  "sma200": {
    "above": 407,
    "below": 241,
    "counted": 648,
    "abovePct": 62.808641975308646,
    "belowPct": 37.191358024691354
  }
}