{
  "t": 1763583877876,
  "sampleSize": 800,
  "sma50": {
    "above": 202,
    "below": 501,
    "counted": 703,
    "abovePct": 28.733997155049785,
    "belowPct": 71.26600284495022
  },
  "sma200": {
    "above": 350,
    "below": 291,
    "counted": 641,
    "abovePct": 54.60218408736349,
    "belowPct": 45.39781591263651
  }
}