{
  "t": 1764788760745,
  "sampleSize": 800,
  "sma50": {
    "above": 337,
    "below": 364,
    "counted": 701,
    "abovePct": 48.074179743223965,
    "belowPct": 51.925820256776035
  },
  "sma200": {
    "above": 397,
    "below": 249,
    "counted": 646,
    "abovePct": 61.45510835913313,
    "belowPct": 38.54489164086687
  }
}