{
  "t": 1765827374185,
  "sampleSize": 800,
  "sma50": {
    "above": 347,
    "below": 353,
    "counted": 700,
    "abovePct": 49.57142857142857,
    "belowPct": 50.42857142857143
  },
  "sma200": {
    "above": 393,
    "below": 250,
    "counted": 643,
    "abovePct": 61.11975116640747,
    "belowPct": 38.88024883359253
  }
}