{
  "t": 1777406529343,
  "sampleSize": 300,
  "sma50": {
    "above": 150,
    "below": 96,
    "counted": 246,
    "abovePct": 60.97560975609756,
    "belowPct": 39.02439024390244
  },
  "sma200": {
    "above": 134,
    "below": 108,
    "counted": 242,
    "abovePct": 55.371900826446286,
    "belowPct": 44.62809917355372
  }
}