{
  "t": 1777399387949,
  "sampleSize": 300,
  "sma50": {
    "above": 150,
    "below": 96,
    "counted": 246,
    "abovePct": 60.97560975609756,
    "belowPct": 39.02439024390244
  },
  "sma200": {
    "above": 132,
    "below": 109,
    "counted": 241,
    "abovePct": 54.77178423236515,
    "belowPct": 45.22821576763486
  }
}