{
  "t": 1763143727960,
  "sampleSize": 800,
  "sma50": {
    "above": 268,
    "below": 436,
    "counted": 704,
    "abovePct": 38.06818181818182,
    "belowPct": 61.93181818181818
  },
  "sma200": {
    "above": 369,
    "below": 273,
    "counted": 642,
    "abovePct": 57.476635514018696,
    "belowPct": 42.523364485981304
  }
}