{
  "t": 1763584516662,
  "sampleSize": 800,
  "sma50": {
    "above": 198,
    "below": 505,
    "counted": 703,
    "abovePct": 28.165007112375534,
    "belowPct": 71.83499288762447
  },
  "sma200": {
    "above": 350,
    "below": 291,
    "counted": 641,
    "abovePct": 54.60218408736349,
    "belowPct": 45.39781591263651
  }
}