{
  "t": 1765915644891,
  "sampleSize": 800,
  "sma50": {
    "above": 323,
    "below": 377,
    "counted": 700,
    "abovePct": 46.14285714285714,
    "belowPct": 53.85714285714286
  },
  "sma200": {
    "above": 392,
    "below": 252,
    "counted": 644,
    "abovePct": 60.86956521739131,
    "belowPct": 39.130434782608695
  }
}