{
  "t": 1779729281084,
  "sampleSize": 300,
  "sma50": {
    "above": 158,
    "below": 95,
    "counted": 253,
    "abovePct": 62.450592885375485,
    "belowPct": 37.54940711462451
  },
  "sma200": {
    "above": 136,
    "below": 106,
    "counted": 242,
    "abovePct": 56.19834710743802,
    "belowPct": 43.80165289256198
  }
}