{
  "t": 1764103095508,
  "sampleSize": 800,
  "sma50": {
    "above": 292,
    "below": 410,
    "counted": 702,
    "abovePct": 41.5954415954416,
    "belowPct": 58.4045584045584
  },
  "sma200": {
    "above": 371,
    "below": 270,
    "counted": 641,
    "abovePct": 57.87831513260531,
    "belowPct": 42.12168486739469
  }
}