{
  "t": 1770659329895,
  "sampleSize": 800,
  "sma50": {
    "above": 399,
    "below": 290,
    "counted": 689,
    "abovePct": 57.9100145137881,
    "belowPct": 42.0899854862119
  },
  "sma200": {
    "above": 397,
    "below": 253,
    "counted": 650,
    "abovePct": 61.07692307692307,
    "belowPct": 38.92307692307692
  }
}