{
  "t": 1763137532914,
  "sampleSize": 800,
  "sma50": {
    "above": 264,
    "below": 440,
    "counted": 704,
    "abovePct": 37.5,
    "belowPct": 62.5
  },
  "sma200": {
    "above": 374,
    "below": 268,
    "counted": 642,
    "abovePct": 58.25545171339564,
    "belowPct": 41.74454828660436
  }
}