{
  "t": 1764694640306,
  "sampleSize": 800,
  "sma50": {
    "above": 317,
    "below": 384,
    "counted": 701,
    "abovePct": 45.22111269614836,
    "belowPct": 54.77888730385164
  },
  "sma200": {
    "above": 379,
    "below": 265,
    "counted": 644,
    "abovePct": 58.850931677018636,
    "belowPct": 41.14906832298137
  }
}