{
  "t": 1765293922448,
  "sampleSize": 800,
  "sma50": {
    "above": 343,
    "below": 357,
    "counted": 700,
    "abovePct": 49,
    "belowPct": 51
  },
  "sma200": {
    "above": 408,
    "below": 239,
    "counted": 647,
    "abovePct": 63.06027820710973,
    "belowPct": 36.93972179289026
  }
}