{
  "t": 1765995968453,
  "sampleSize": 800,
  "sma50": {
    "above": 317,
    "below": 383,
    "counted": 700,
    "abovePct": 45.285714285714285,
    "belowPct": 54.714285714285715
  },
  "sma200": {
    "above": 395,
    "below": 249,
    "counted": 644,
    "abovePct": 61.33540372670807,
    "belowPct": 38.66459627329192
  }
}