{
  "t": 1769539622596,
  "sampleSize": 800,
  "sma50": {
    "above": 456,
    "below": 235,
    "counted": 691,
    "abovePct": 65.99131693198264,
    "belowPct": 34.00868306801736
  },
  "sma200": {
    "above": 422,
    "below": 228,
    "counted": 650,
    "abovePct": 64.92307692307693,
    "belowPct": 35.07692307692308
  }
}