{
  "t": 1779903393133,
  "sampleSize": 300,
  "sma50": {
    "above": 158,
    "below": 95,
    "counted": 253,
    "abovePct": 62.450592885375485,
    "belowPct": 37.54940711462451
  },
  "sma200": {
    "above": 144,
    "below": 98,
    "counted": 242,
    "abovePct": 59.50413223140496,
    "belowPct": 40.49586776859504
  }
}