{
  "t": 1767632926291,
  "sampleSize": 800,
  "sma50": {
    "above": 385,
    "below": 309,
    "counted": 694,
    "abovePct": 55.47550432276657,
    "belowPct": 44.524495677233425
  },
  "sma200": {
    "above": 387,
    "below": 258,
    "counted": 645,
    "abovePct": 60,
    "belowPct": 40
  }
}