{
  "t": 1770220058089,
  "sampleSize": 800,
  "sma50": {
    "above": 379,
    "below": 310,
    "counted": 689,
    "abovePct": 55.00725689404935,
    "belowPct": 44.99274310595066
  },
  "sma200": {
    "above": 400,
    "below": 250,
    "counted": 650,
    "abovePct": 61.53846153846154,
    "belowPct": 38.46153846153847
  }
}