{
  "t": 1769095677028,
  "sampleSize": 800,
  "sma50": {
    "above": 447,
    "below": 244,
    "counted": 691,
    "abovePct": 64.6888567293777,
    "belowPct": 35.31114327062229
  },
  "sma200": {
    "above": 424,
    "below": 221,
    "counted": 645,
    "abovePct": 65.73643410852713,
    "belowPct": 34.26356589147287
  }
}