{
  "t": 1778270247983,
  "sampleSize": 300,
  "sma50": {
    "above": 172,
    "below": 73,
    "counted": 245,
    "abovePct": 70.20408163265306,
    "belowPct": 29.795918367346943
  },
  "sma200": {
    "above": 141,
    "below": 101,
    "counted": 242,
    "abovePct": 58.26446280991735,
    "belowPct": 41.735537190082646
  }
}