{
  "t": 1779826609216,
  "sampleSize": 300,
  "sma50": {
    "above": 153,
    "below": 100,
    "counted": 253,
    "abovePct": 60.47430830039525,
    "belowPct": 39.52569169960474
  },
  "sma200": {
    "above": 144,
    "below": 98,
    "counted": 242,
    "abovePct": 59.50413223140496,
    "belowPct": 40.49586776859504
  }
}