{
  "t": 1765396141699,
  "sampleSize": 800,
  "sma50": {
    "above": 360,
    "below": 339,
    "counted": 699,
    "abovePct": 51.50214592274678,
    "belowPct": 48.497854077253216
  },
  "sma200": {
    "above": 405,
    "below": 241,
    "counted": 646,
    "abovePct": 62.693498452012385,
    "belowPct": 37.306501547987615
  }
}