{
  "t": 1762791953838,
  "sampleSize": 800,
  "sma50": {
    "above": 294,
    "below": 410,
    "counted": 704,
    "abovePct": 41.76136363636363,
    "belowPct": 58.23863636363637
  },
  "sma200": {
    "above": 392,
    "below": 250,
    "counted": 642,
    "abovePct": 61.059190031152646,
    "belowPct": 38.940809968847354
  }
}