{
  "t": 1765224429718,
  "sampleSize": 800,
  "sma50": {
    "above": 338,
    "below": 363,
    "counted": 701,
    "abovePct": 48.21683309557774,
    "belowPct": 51.78316690442225
  },
  "sma200": {
    "above": 397,
    "below": 251,
    "counted": 648,
    "abovePct": 61.26543209876543,
    "belowPct": 38.73456790123457
  }
}