{
  "t": 1763672679200,
  "sampleSize": 800,
  "sma50": {
    "above": 166,
    "below": 537,
    "counted": 703,
    "abovePct": 23.61308677098151,
    "belowPct": 76.38691322901849
  },
  "sma200": {
    "above": 323,
    "below": 318,
    "counted": 641,
    "abovePct": 50.390015600624025,
    "belowPct": 49.609984399375975
  }
}