{
  "t": 1764618569079,
  "sampleSize": 800,
  "sma50": {
    "above": 320,
    "below": 381,
    "counted": 701,
    "abovePct": 45.6490727532097,
    "belowPct": 54.350927246790306
  },
  "sma200": {
    "above": 384,
    "below": 260,
    "counted": 644,
    "abovePct": 59.62732919254658,
    "belowPct": 40.37267080745342
  }
}