{
  "t": 1765550062148,
  "sampleSize": 800,
  "sma50": {
    "above": 396,
    "below": 304,
    "counted": 700,
    "abovePct": 56.57142857142857,
    "belowPct": 43.42857142857143
  },
  "sma200": {
    "above": 423,
    "below": 221,
    "counted": 644,
    "abovePct": 65.6832298136646,
    "belowPct": 34.316770186335404
  }
}