{
  "t": 1775667012898,
  "sampleSize": 300,
  "sma50": {
    "above": 105,
    "below": 142,
    "counted": 247,
    "abovePct": 42.51012145748988,
    "belowPct": 57.48987854251012
  },
  "sma200": {
    "above": 106,
    "below": 131,
    "counted": 237,
    "abovePct": 44.72573839662447,
    "belowPct": 55.27426160337553
  }
}