{
  "t": 1778180802606,
  "sampleSize": 300,
  "sma50": {
    "above": 169,
    "below": 76,
    "counted": 245,
    "abovePct": 68.9795918367347,
    "belowPct": 31.020408163265305
  },
  "sma200": {
    "above": 144,
    "below": 97,
    "counted": 241,
    "abovePct": 59.75103734439834,
    "belowPct": 40.24896265560166
  }
}