{
  "t": 1769536588607,
  "sampleSize": 800,
  "sma50": {
    "above": 454,
    "below": 237,
    "counted": 691,
    "abovePct": 65.70188133140377,
    "belowPct": 34.29811866859624
  },
  "sma200": {
    "above": 416,
    "below": 234,
    "counted": 650,
    "abovePct": 64,
    "belowPct": 36
  }
}