{
  "t": 1764003992259,
  "sampleSize": 800,
  "sma50": {
    "above": 225,
    "below": 477,
    "counted": 702,
    "abovePct": 32.05128205128205,
    "belowPct": 67.94871794871796
  },
  "sma200": {
    "above": 357,
    "below": 283,
    "counted": 640,
    "abovePct": 55.78125000000001,
    "belowPct": 44.21875
  }
}