{
  "t": 1767624680597,
  "sampleSize": 800,
  "sma50": {
    "above": 370,
    "below": 324,
    "counted": 694,
    "abovePct": 53.31412103746398,
    "belowPct": 46.68587896253602
  },
  "sma200": {
    "above": 378,
    "below": 267,
    "counted": 645,
    "abovePct": 58.6046511627907,
    "belowPct": 41.3953488372093
  }
}