{
  "t": 1768595836074,
  "sampleSize": 800,
  "sma50": {
    "above": 445,
    "below": 248,
    "counted": 693,
    "abovePct": 64.21356421356421,
    "belowPct": 35.78643578643579
  },
  "sma200": {
    "above": 414,
    "below": 231,
    "counted": 645,
    "abovePct": 64.18604651162791,
    "belowPct": 35.81395348837209
  }
}