{
  "t": 1768932667098,
  "sampleSize": 800,
  "sma50": {
    "above": 414,
    "below": 279,
    "counted": 693,
    "abovePct": 59.74025974025974,
    "belowPct": 40.25974025974026
  },
  "sma200": {
    "above": 403,
    "below": 244,
    "counted": 647,
    "abovePct": 62.287480680061826,
    "belowPct": 37.712519319938174
  }
}