{
  "t": 1767641773670,
  "sampleSize": 800,
  "sma50": {
    "above": 392,
    "below": 302,
    "counted": 694,
    "abovePct": 56.48414985590778,
    "belowPct": 43.51585014409222
  },
  "sma200": {
    "above": 389,
    "below": 256,
    "counted": 645,
    "abovePct": 60.310077519379846,
    "belowPct": 39.689922480620154
  }
}