{
  "t": 1767374651895,
  "sampleSize": 800,
  "sma50": {
    "above": 346,
    "below": 349,
    "counted": 695,
    "abovePct": 49.7841726618705,
    "belowPct": 50.21582733812949
  },
  "sma200": {
    "above": 375,
    "below": 270,
    "counted": 645,
    "abovePct": 58.139534883720934,
    "belowPct": 41.86046511627907
  }
}