{
  "t": 1764612562194,
  "sampleSize": 800,
  "sma50": {
    "above": 334,
    "below": 367,
    "counted": 701,
    "abovePct": 47.646219686162624,
    "belowPct": 52.353780313837376
  },
  "sma200": {
    "above": 388,
    "below": 256,
    "counted": 644,
    "abovePct": 60.24844720496895,
    "belowPct": 39.75155279503105
  }
}