{
  "t": 1765225512673,
  "sampleSize": 800,
  "sma50": {
    "above": 341,
    "below": 360,
    "counted": 701,
    "abovePct": 48.64479315263909,
    "belowPct": 51.35520684736091
  },
  "sma200": {
    "above": 398,
    "below": 250,
    "counted": 648,
    "abovePct": 61.419753086419746,
    "belowPct": 38.58024691358025
  }
}