{
  "t": 1769458073627,
  "sampleSize": 800,
  "sma50": {
    "above": 459,
    "below": 232,
    "counted": 691,
    "abovePct": 66.42547033285095,
    "belowPct": 33.57452966714906
  },
  "sma200": {
    "above": 418,
    "below": 229,
    "counted": 647,
    "abovePct": 64.60587326120556,
    "belowPct": 35.394126738794434
  }
}