{
  "t": 1766418618052,
  "sampleSize": 800,
  "sma50": {
    "above": 362,
    "below": 337,
    "counted": 699,
    "abovePct": 51.78826895565093,
    "belowPct": 48.21173104434907
  },
  "sma200": {
    "above": 402,
    "below": 244,
    "counted": 646,
    "abovePct": 62.22910216718266,
    "belowPct": 37.77089783281733
  }
}