{
  "t": 1778007392794,
  "sampleSize": 300,
  "sma50": {
    "above": 166,
    "below": 79,
    "counted": 245,
    "abovePct": 67.75510204081633,
    "belowPct": 32.244897959183675
  },
  "sma200": {
    "above": 142,
    "below": 99,
    "counted": 241,
    "abovePct": 58.921161825726145,
    "belowPct": 41.078838174273855
  }
}