{
  "t": 1767637566847,
  "sampleSize": 800,
  "sma50": {
    "above": 388,
    "below": 306,
    "counted": 694,
    "abovePct": 55.907780979827095,
    "belowPct": 44.09221902017291
  },
  "sma200": {
    "above": 389,
    "below": 256,
    "counted": 645,
    "abovePct": 60.310077519379846,
    "belowPct": 39.689922480620154
  }
}