{
  "t": 1770148022382,
  "sampleSize": 800,
  "sma50": {
    "above": 375,
    "below": 314,
    "counted": 689,
    "abovePct": 54.426705370101594,
    "belowPct": 45.573294629898406
  },
  "sma200": {
    "above": 393,
    "below": 256,
    "counted": 649,
    "abovePct": 60.55469953775039,
    "belowPct": 39.44530046224962
  }
}