{
  "t": 1773416840477,
  "sampleSize": 300,
  "sma50": {
    "above": 59,
    "below": 189,
    "counted": 248,
    "abovePct": 23.790322580645164,
    "belowPct": 76.20967741935483
  },
  "sma200": {
    "above": 99,
    "below": 139,
    "counted": 238,
    "abovePct": 41.596638655462186,
    "belowPct": 58.40336134453782
  }
}