{
  "t": 1771429753385,
  "sampleSize": 300,
  "sma50": {
    "above": 138,
    "below": 111,
    "counted": 249,
    "abovePct": 55.42168674698795,
    "belowPct": 44.57831325301205
  },
  "sma200": {
    "above": 150,
    "below": 89,
    "counted": 239,
    "abovePct": 62.76150627615063,
    "belowPct": 37.238493723849366
  }
}