{
  "t": 1769199922999,
  "sampleSize": 800,
  "sma50": {
    "above": 452,
    "below": 239,
    "counted": 691,
    "abovePct": 65.41244573082489,
    "belowPct": 34.58755426917511
  },
  "sma200": {
    "above": 420,
    "below": 227,
    "counted": 647,
    "abovePct": 64.91499227202473,
    "belowPct": 35.08500772797527
  }
}