{
  "t": 1768510364878,
  "sampleSize": 800,
  "sma50": {
    "above": 442,
    "below": 251,
    "counted": 693,
    "abovePct": 63.78066378066378,
    "belowPct": 36.21933621933622
  },
  "sma200": {
    "above": 416,
    "below": 230,
    "counted": 646,
    "abovePct": 64.39628482972137,
    "belowPct": 35.60371517027864
  }
}