{
  "t": 1765213666039,
  "sampleSize": 800,
  "sma50": {
    "above": 339,
    "below": 362,
    "counted": 701,
    "abovePct": 48.35948644793152,
    "belowPct": 51.64051355206848
  },
  "sma200": {
    "above": 400,
    "below": 248,
    "counted": 648,
    "abovePct": 61.72839506172839,
    "belowPct": 38.2716049382716
  }
}