{
  "t": 1767384404505,
  "sampleSize": 800,
  "sma50": {
    "above": 347,
    "below": 348,
    "counted": 695,
    "abovePct": 49.92805755395683,
    "belowPct": 50.07194244604316
  },
  "sma200": {
    "above": 377,
    "below": 268,
    "counted": 645,
    "abovePct": 58.44961240310077,
    "belowPct": 41.55038759689923
  }
}