{
  "t": 1763050074104,
  "sampleSize": 800,
  "sma50": {
    "above": 311,
    "below": 393,
    "counted": 704,
    "abovePct": 44.17613636363637,
    "belowPct": 55.82386363636363
  },
  "sma200": {
    "above": 386,
    "below": 256,
    "counted": 642,
    "abovePct": 60.12461059190031,
    "belowPct": 39.875389408099686
  }
}