{
  "t": 1769021267037,
  "sampleSize": 800,
  "sma50": {
    "above": 419,
    "below": 273,
    "counted": 692,
    "abovePct": 60.54913294797688,
    "belowPct": 39.45086705202312
  },
  "sma200": {
    "above": 401,
    "below": 245,
    "counted": 646,
    "abovePct": 62.07430340557275,
    "belowPct": 37.925696594427244
  }
}