{
  "t": 1766504303372,
  "sampleSize": 800,
  "sma50": {
    "above": 360,
    "below": 339,
    "counted": 699,
    "abovePct": 51.50214592274678,
    "belowPct": 48.497854077253216
  },
  "sma200": {
    "above": 391,
    "below": 255,
    "counted": 646,
    "abovePct": 60.526315789473685,
    "belowPct": 39.473684210526315
  }
}