{
  "t": 1767368305047,
  "sampleSize": 800,
  "sma50": {
    "above": 331,
    "below": 364,
    "counted": 695,
    "abovePct": 47.62589928057554,
    "belowPct": 52.37410071942447
  },
  "sma200": {
    "above": 369,
    "below": 276,
    "counted": 645,
    "abovePct": 57.20930232558139,
    "belowPct": 42.7906976744186
  }
}