{
  "t": 1768592916164,
  "sampleSize": 800,
  "sma50": {
    "above": 449,
    "below": 244,
    "counted": 693,
    "abovePct": 64.79076479076478,
    "belowPct": 35.20923520923521
  },
  "sma200": {
    "above": 415,
    "below": 230,
    "counted": 645,
    "abovePct": 64.34108527131784,
    "belowPct": 35.65891472868217
  }
}