{
  "t": 1772048916926,
  "sampleSize": 300,
  "sma50": {
    "above": 146,
    "below": 103,
    "counted": 249,
    "abovePct": 58.63453815261044,
    "belowPct": 41.365461847389554
  },
  "sma200": {
    "above": 148,
    "below": 91,
    "counted": 239,
    "abovePct": 61.92468619246861,
    "belowPct": 38.07531380753138
  }
}