{
  "t": 1764602699613,
  "sampleSize": 800,
  "sma50": {
    "above": 318,
    "below": 383,
    "counted": 701,
    "abovePct": 45.36376604850214,
    "belowPct": 54.63623395149786
  },
  "sma200": {
    "above": 388,
    "below": 256,
    "counted": 644,
    "abovePct": 60.24844720496895,
    "belowPct": 39.75155279503105
  }
}