{
  "t": 1766163286536,
  "sampleSize": 800,
  "sma50": {
    "above": 350,
    "below": 350,
    "counted": 700,
    "abovePct": 50,
    "belowPct": 50
  },
  "sma200": {
    "above": 395,
    "below": 252,
    "counted": 647,
    "abovePct": 61.051004636785166,
    "belowPct": 38.94899536321484
  }
}