{
  "t": 1782238326055,
  "sampleSize": 300,
  "sma50": {
    "above": 133,
    "below": 121,
    "counted": 254,
    "abovePct": 52.362204724409445,
    "belowPct": 47.63779527559055
  },
  "sma200": {
    "above": 116,
    "below": 95,
    "counted": 211,
    "abovePct": 54.976303317535546,
    "belowPct": 45.023696682464454
  }
}