{
  "t": 1769719525725,
  "sampleSize": 800,
  "sma50": {
    "above": 425,
    "below": 265,
    "counted": 690,
    "abovePct": 61.59420289855072,
    "belowPct": 38.405797101449274
  },
  "sma200": {
    "above": 411,
    "below": 239,
    "counted": 650,
    "abovePct": 63.23076923076923,
    "belowPct": 36.769230769230774
  }
}