{
  "t": 1762544932679,
  "sampleSize": 800,
  "sma50": {
    "above": 263,
    "below": 441,
    "counted": 704,
    "abovePct": 37.35795454545455,
    "belowPct": 62.64204545454546
  },
  "sma200": {
    "above": 385,
    "below": 257,
    "counted": 642,
    "abovePct": 59.96884735202492,
    "belowPct": 40.03115264797508
  }
}