{
  "t": 1770739004288,
  "sampleSize": 800,
  "sma50": {
    "above": 401,
    "below": 288,
    "counted": 689,
    "abovePct": 58.20029027576198,
    "belowPct": 41.79970972423803
  },
  "sma200": {
    "above": 407,
    "below": 244,
    "counted": 651,
    "abovePct": 62.51920122887865,
    "belowPct": 37.48079877112136
  }
}