{
  "t": 1767020837944,
  "sampleSize": 800,
  "sma50": {
    "above": 373,
    "below": 326,
    "counted": 699,
    "abovePct": 53.36194563662375,
    "belowPct": 46.638054363376256
  },
  "sma200": {
    "above": 391,
    "below": 255,
    "counted": 646,
    "abovePct": 60.526315789473685,
    "belowPct": 39.473684210526315
  }
}