{
  "t": 1778522927665,
  "sampleSize": 300,
  "sma50": {
    "above": 164,
    "below": 81,
    "counted": 245,
    "abovePct": 66.93877551020408,
    "belowPct": 33.06122448979592
  },
  "sma200": {
    "above": 142,
    "below": 100,
    "counted": 242,
    "abovePct": 58.67768595041323,
    "belowPct": 41.32231404958678
  }
}