{
  "t": 1768232499953,
  "sampleSize": 800,
  "sma50": {
    "above": 428,
    "below": 266,
    "counted": 694,
    "abovePct": 61.67146974063401,
    "belowPct": 38.328530259366
  },
  "sma200": {
    "above": 405,
    "below": 242,
    "counted": 647,
    "abovePct": 62.59659969088099,
    "belowPct": 37.403400309119014
  }
}