{
  "t": 1770918612152,
  "sampleSize": 300,
  "sma50": {
    "above": 140,
    "below": 109,
    "counted": 249,
    "abovePct": 56.22489959839358,
    "belowPct": 43.77510040160642
  },
  "sma200": {
    "above": 143,
    "below": 94,
    "counted": 237,
    "abovePct": 60.337552742616026,
    "belowPct": 39.66244725738397
  }
}