{
  "t": 1770140930260,
  "sampleSize": 800,
  "sma50": {
    "above": 380,
    "below": 309,
    "counted": 689,
    "abovePct": 55.152394775036285,
    "belowPct": 44.847605224963715
  },
  "sma200": {
    "above": 398,
    "below": 251,
    "counted": 649,
    "abovePct": 61.325115562403695,
    "belowPct": 38.674884437596305
  }
}