{
  "t": 1775580543461,
  "sampleSize": 300,
  "sma50": {
    "above": 64,
    "below": 184,
    "counted": 248,
    "abovePct": 25.806451612903224,
    "belowPct": 74.19354838709677
  },
  "sma200": {
    "above": 88,
    "below": 150,
    "counted": 238,
    "abovePct": 36.97478991596639,
    "belowPct": 63.02521008403361
  }
}