{
  "t": 1767201837135,
  "sampleSize": 800,
  "sma50": {
    "above": 345,
    "below": 352,
    "counted": 697,
    "abovePct": 49.49784791965567,
    "belowPct": 50.50215208034433
  },
  "sma200": {
    "above": 380,
    "below": 264,
    "counted": 644,
    "abovePct": 59.006211180124225,
    "belowPct": 40.993788819875775
  }
}