{
  "t": 1769617805294,
  "sampleSize": 800,
  "sma50": {
    "above": 447,
    "below": 243,
    "counted": 690,
    "abovePct": 64.78260869565217,
    "belowPct": 35.21739130434783
  },
  "sma200": {
    "above": 418,
    "below": 232,
    "counted": 650,
    "abovePct": 64.3076923076923,
    "belowPct": 35.69230769230769
  }
}