{
  "t": 1769708806417,
  "sampleSize": 800,
  "sma50": {
    "above": 429,
    "below": 261,
    "counted": 690,
    "abovePct": 62.17391304347826,
    "belowPct": 37.826086956521735
  },
  "sma200": {
    "above": 411,
    "below": 239,
    "counted": 650,
    "abovePct": 63.23076923076923,
    "belowPct": 36.769230769230774
  }
}