{
  "t": 1765986703369,
  "sampleSize": 800,
  "sma50": {
    "above": 330,
    "below": 370,
    "counted": 700,
    "abovePct": 47.14285714285714,
    "belowPct": 52.85714285714286
  },
  "sma200": {
    "above": 395,
    "below": 249,
    "counted": 644,
    "abovePct": 61.33540372670807,
    "belowPct": 38.66459627329192
  }
}