{
  "t": 1770745064982,
  "sampleSize": 800,
  "sma50": {
    "above": 407,
    "below": 282,
    "counted": 689,
    "abovePct": 59.07111756168359,
    "belowPct": 40.9288824383164
  },
  "sma200": {
    "above": 408,
    "below": 243,
    "counted": 651,
    "abovePct": 62.67281105990783,
    "belowPct": 37.327188940092164
  }
}