{
  "t": 1763487446740,
  "sampleSize": 800,
  "sma50": {
    "above": 193,
    "below": 510,
    "counted": 703,
    "abovePct": 27.453769559032715,
    "belowPct": 72.54623044096729
  },
  "sma200": {
    "above": 353,
    "below": 288,
    "counted": 641,
    "abovePct": 55.07020280811232,
    "belowPct": 44.92979719188768
  }
}