{
  "t": 1772218054311,
  "sampleSize": 300,
  "sma50": {
    "above": 125,
    "below": 124,
    "counted": 249,
    "abovePct": 50.20080321285141,
    "belowPct": 49.79919678714859
  },
  "sma200": {
    "above": 146,
    "below": 93,
    "counted": 239,
    "abovePct": 61.08786610878661,
    "belowPct": 38.912133891213394
  }
}