{
  "t": 1767970231636,
  "sampleSize": 800,
  "sma50": {
    "above": 424,
    "below": 270,
    "counted": 694,
    "abovePct": 61.09510086455331,
    "belowPct": 38.90489913544668
  },
  "sma200": {
    "above": 406,
    "below": 239,
    "counted": 645,
    "abovePct": 62.945736434108525,
    "belowPct": 37.05426356589147
  }
}