{
  "t": 1770407062129,
  "sampleSize": 800,
  "sma50": {
    "above": 372,
    "below": 317,
    "counted": 689,
    "abovePct": 53.99129172714079,
    "belowPct": 46.00870827285922
  },
  "sma200": {
    "above": 396,
    "below": 253,
    "counted": 649,
    "abovePct": 61.016949152542374,
    "belowPct": 38.983050847457626
  }
}