{
  "t": 1775670741993,
  "sampleSize": 300,
  "sma50": {
    "above": 104,
    "below": 143,
    "counted": 247,
    "abovePct": 42.10526315789473,
    "belowPct": 57.89473684210527
  },
  "sma200": {
    "above": 109,
    "below": 128,
    "counted": 237,
    "abovePct": 45.9915611814346,
    "belowPct": 54.008438818565395
  }
}