{
  "t": 1769534796522,
  "sampleSize": 800,
  "sma50": {
    "above": 451,
    "below": 240,
    "counted": 691,
    "abovePct": 65.26772793053546,
    "belowPct": 34.73227206946454
  },
  "sma200": {
    "above": 415,
    "below": 235,
    "counted": 650,
    "abovePct": 63.84615384615384,
    "belowPct": 36.15384615384615
  }
}