{
  "t": 1779485193219,
  "sampleSize": 300,
  "sma50": {
    "above": 152,
    "below": 101,
    "counted": 253,
    "abovePct": 60.079051383399204,
    "belowPct": 39.920948616600796
  },
  "sma200": {
    "above": 136,
    "below": 106,
    "counted": 242,
    "abovePct": 56.19834710743802,
    "belowPct": 43.80165289256198
  }
}