{
  "t": 1779823109886,
  "sampleSize": 300,
  "sma50": {
    "above": 160,
    "below": 93,
    "counted": 253,
    "abovePct": 63.24110671936759,
    "belowPct": 36.75889328063241
  },
  "sma200": {
    "above": 144,
    "below": 98,
    "counted": 242,
    "abovePct": 59.50413223140496,
    "belowPct": 40.49586776859504
  }
}