{
  "t": 1767904806506,
  "sampleSize": 800,
  "sma50": {
    "above": 419,
    "below": 275,
    "counted": 694,
    "abovePct": 60.37463976945246,
    "belowPct": 39.62536023054755
  },
  "sma200": {
    "above": 405,
    "below": 241,
    "counted": 646,
    "abovePct": 62.693498452012385,
    "belowPct": 37.306501547987615
  }
}