{
  "t": 1767366423034,
  "sampleSize": 800,
  "sma50": {
    "above": 343,
    "below": 352,
    "counted": 695,
    "abovePct": 49.35251798561151,
    "belowPct": 50.64748201438849
  },
  "sma200": {
    "above": 377,
    "below": 268,
    "counted": 645,
    "abovePct": 58.44961240310077,
    "belowPct": 41.55038759689923
  }
}