{
  "t": 1767814580423,
  "sampleSize": 800,
  "sma50": {
    "above": 405,
    "below": 289,
    "counted": 694,
    "abovePct": 58.35734870317003,
    "belowPct": 41.64265129682997
  },
  "sma200": {
    "above": 387,
    "below": 259,
    "counted": 646,
    "abovePct": 59.907120743034056,
    "belowPct": 40.092879256965944
  }
}