{
  "t": 1776873362003,
  "sampleSize": 300,
  "sma50": {
    "above": 158,
    "below": 89,
    "counted": 247,
    "abovePct": 63.96761133603239,
    "belowPct": 36.032388663967616
  },
  "sma200": {
    "above": 135,
    "below": 106,
    "counted": 241,
    "abovePct": 56.016597510373444,
    "belowPct": 43.983402489626556
  }
}