{
  "t": 1771876210743,
  "sampleSize": 300,
  "sma50": {
    "above": 128,
    "below": 121,
    "counted": 249,
    "abovePct": 51.40562248995983,
    "belowPct": 48.59437751004016
  },
  "sma200": {
    "above": 144,
    "below": 95,
    "counted": 239,
    "abovePct": 60.25104602510461,
    "belowPct": 39.74895397489539
  }
}