{
  "t": 1773695639657,
  "sampleSize": 300,
  "sma50": {
    "above": 65,
    "below": 183,
    "counted": 248,
    "abovePct": 26.209677419354836,
    "belowPct": 73.79032258064517
  },
  "sma200": {
    "above": 106,
    "below": 132,
    "counted": 238,
    "abovePct": 44.537815126050425,
    "belowPct": 55.46218487394958
  }
}