{
  "t": 1782753778659,
  "sampleSize": 300,
  "sma50": {
    "above": 141,
    "below": 114,
    "counted": 255,
    "abovePct": 55.294117647058826,
    "belowPct": 44.70588235294118
  },
  "sma200": {
    "above": 121,
    "below": 91,
    "counted": 212,
    "abovePct": 57.07547169811321,
    "belowPct": 42.924528301886795
  }
}