{
  "t": 1762873617699,
  "sampleSize": 800,
  "sma50": {
    "above": 318,
    "below": 386,
    "counted": 704,
    "abovePct": 45.17045454545455,
    "belowPct": 54.82954545454546
  },
  "sma200": {
    "above": 390,
    "below": 252,
    "counted": 642,
    "abovePct": 60.747663551401864,
    "belowPct": 39.25233644859813
  }
}