{
  "t": 1768597490106,
  "sampleSize": 800,
  "sma50": {
    "above": 445,
    "below": 248,
    "counted": 693,
    "abovePct": 64.21356421356421,
    "belowPct": 35.78643578643579
  },
  "sma200": {
    "above": 413,
    "below": 232,
    "counted": 645,
    "abovePct": 64.03100775193799,
    "belowPct": 35.968992248062015
  }
}