{
  "t": 1782850398919,
  "sampleSize": 300,
  "sma50": {
    "above": 138,
    "below": 117,
    "counted": 255,
    "abovePct": 54.11764705882353,
    "belowPct": 45.88235294117647
  },
  "sma200": {
    "above": 124,
    "below": 88,
    "counted": 212,
    "abovePct": 58.490566037735846,
    "belowPct": 41.509433962264154
  }
}