{
  "t": 1762960056220,
  "sampleSize": 800,
  "sma50": {
    "above": 340,
    "below": 364,
    "counted": 704,
    "abovePct": 48.29545454545455,
    "belowPct": 51.70454545454546
  },
  "sma200": {
    "above": 402,
    "below": 240,
    "counted": 642,
    "abovePct": 62.616822429906534,
    "belowPct": 37.38317757009346
  }
}