{
  "t": 1764187622674,
  "sampleSize": 800,
  "sma50": {
    "above": 334,
    "below": 368,
    "counted": 702,
    "abovePct": 47.57834757834758,
    "belowPct": 52.42165242165242
  },
  "sma200": {
    "above": 388,
    "below": 255,
    "counted": 643,
    "abovePct": 60.342146189735615,
    "belowPct": 39.657853810264385
  }
}