{
  "t": 1769182859729,
  "sampleSize": 800,
  "sma50": {
    "above": 451,
    "below": 240,
    "counted": 691,
    "abovePct": 65.26772793053546,
    "belowPct": 34.73227206946454
  },
  "sma200": {
    "above": 426,
    "below": 221,
    "counted": 647,
    "abovePct": 65.84234930448223,
    "belowPct": 34.15765069551777
  }
}