{
  "t": 1766072361758,
  "sampleSize": 800,
  "sma50": {
    "above": 333,
    "below": 367,
    "counted": 700,
    "abovePct": 47.57142857142857,
    "belowPct": 52.42857142857142
  },
  "sma200": {
    "above": 401,
    "below": 246,
    "counted": 647,
    "abovePct": 61.97836166924265,
    "belowPct": 38.02163833075734
  }
}