{
  "t": 1764018259880,
  "sampleSize": 800,
  "sma50": {
    "above": 235,
    "below": 467,
    "counted": 702,
    "abovePct": 33.47578347578348,
    "belowPct": 66.52421652421653
  },
  "sma200": {
    "above": 361,
    "below": 279,
    "counted": 640,
    "abovePct": 56.40625,
    "belowPct": 43.59375
  }
}