{
  "t": 1766089478765,
  "sampleSize": 800,
  "sma50": {
    "above": 322,
    "below": 378,
    "counted": 700,
    "abovePct": 46,
    "belowPct": 54
  },
  "sma200": {
    "above": 393,
    "below": 254,
    "counted": 647,
    "abovePct": 60.741885625966,
    "belowPct": 39.258114374034
  }
}