{
  "t": 1762891615992,
  "sampleSize": 800,
  "sma50": {
    "above": 326,
    "below": 378,
    "counted": 704,
    "abovePct": 46.30681818181818,
    "belowPct": 53.69318181818182
  },
  "sma200": {
    "above": 396,
    "below": 246,
    "counted": 642,
    "abovePct": 61.6822429906542,
    "belowPct": 38.31775700934579
  }
}