{
  "t": 1767380171398,
  "sampleSize": 800,
  "sma50": {
    "above": 333,
    "below": 362,
    "counted": 695,
    "abovePct": 47.9136690647482,
    "belowPct": 52.0863309352518
  },
  "sma200": {
    "above": 369,
    "below": 276,
    "counted": 645,
    "abovePct": 57.20930232558139,
    "belowPct": 42.7906976744186
  }
}