{
  "t": 1766591385246,
  "sampleSize": 800,
  "sma50": {
    "above": 376,
    "below": 323,
    "counted": 699,
    "abovePct": 53.79113018597997,
    "belowPct": 46.20886981402003
  },
  "sma200": {
    "above": 394,
    "below": 252,
    "counted": 646,
    "abovePct": 60.99071207430341,
    "belowPct": 39.0092879256966
  }
}