{
  "t": 1777927973440,
  "sampleSize": 300,
  "sma50": {
    "above": 161,
    "below": 84,
    "counted": 245,
    "abovePct": 65.71428571428571,
    "belowPct": 34.285714285714285
  },
  "sma200": {
    "above": 139,
    "below": 102,
    "counted": 241,
    "abovePct": 57.676348547717836,
    "belowPct": 42.32365145228216
  }
}