{
  "t": 1763052054848,
  "sampleSize": 800,
  "sma50": {
    "above": 302,
    "below": 402,
    "counted": 704,
    "abovePct": 42.89772727272727,
    "belowPct": 57.10227272727273
  },
  "sma200": {
    "above": 384,
    "below": 258,
    "counted": 642,
    "abovePct": 59.813084112149525,
    "belowPct": 40.18691588785047
  }
}