{
  "t": 1770235268369,
  "sampleSize": 800,
  "sma50": {
    "above": 367,
    "below": 322,
    "counted": 689,
    "abovePct": 53.26560232220609,
    "belowPct": 46.73439767779391
  },
  "sma200": {
    "above": 394,
    "below": 256,
    "counted": 650,
    "abovePct": 60.61538461538461,
    "belowPct": 39.38461538461539
  }
}