{
  "t": 1768251079135,
  "sampleSize": 800,
  "sma50": {
    "above": 438,
    "below": 256,
    "counted": 694,
    "abovePct": 63.112391930835734,
    "belowPct": 36.887608069164266
  },
  "sma200": {
    "above": 410,
    "below": 237,
    "counted": 647,
    "abovePct": 63.3693972179289,
    "belowPct": 36.6306027820711
  }
}