{
  "t": 1768409147639,
  "sampleSize": 800,
  "sma50": {
    "above": 435,
    "below": 259,
    "counted": 694,
    "abovePct": 62.680115273775215,
    "belowPct": 37.319884726224785
  },
  "sma200": {
    "above": 408,
    "below": 239,
    "counted": 647,
    "abovePct": 63.06027820710973,
    "belowPct": 36.93972179289026
  }
}