{
  "t": 1776444532481,
  "sampleSize": 300,
  "sma50": {
    "above": 179,
    "below": 68,
    "counted": 247,
    "abovePct": 72.46963562753037,
    "belowPct": 27.530364372469634
  },
  "sma200": {
    "above": 143,
    "below": 98,
    "counted": 241,
    "abovePct": 59.33609958506224,
    "belowPct": 40.66390041493776
  }
}