{
  "t": 1767983168125,
  "sampleSize": 800,
  "sma50": {
    "above": 432,
    "below": 262,
    "counted": 694,
    "abovePct": 62.2478386167147,
    "belowPct": 37.752161383285305
  },
  "sma200": {
    "above": 402,
    "below": 243,
    "counted": 645,
    "abovePct": 62.32558139534884,
    "belowPct": 37.67441860465116
  }
}