{
  "t": 1769716516684,
  "sampleSize": 800,
  "sma50": {
    "above": 418,
    "below": 272,
    "counted": 690,
    "abovePct": 60.57971014492753,
    "belowPct": 39.42028985507247
  },
  "sma200": {
    "above": 411,
    "below": 239,
    "counted": 650,
    "abovePct": 63.23076923076923,
    "belowPct": 36.769230769230774
  }
}