{
  "t": 1765308142103,
  "sampleSize": 800,
  "sma50": {
    "above": 349,
    "below": 351,
    "counted": 700,
    "abovePct": 49.857142857142854,
    "belowPct": 50.142857142857146
  },
  "sma200": {
    "above": 404,
    "below": 243,
    "counted": 647,
    "abovePct": 62.442040185471406,
    "belowPct": 37.557959814528594
  }
}