{
  "t": 1763586262487,
  "sampleSize": 800,
  "sma50": {
    "above": 194,
    "below": 509,
    "counted": 703,
    "abovePct": 27.59601706970128,
    "belowPct": 72.40398293029871
  },
  "sma200": {
    "above": 350,
    "below": 291,
    "counted": 641,
    "abovePct": 54.60218408736349,
    "belowPct": 45.39781591263651
  }
}