{
  "t": 1768925479736,
  "sampleSize": 800,
  "sma50": {
    "above": 431,
    "below": 262,
    "counted": 693,
    "abovePct": 62.19336219336219,
    "belowPct": 37.8066378066378
  },
  "sma200": {
    "above": 403,
    "below": 244,
    "counted": 647,
    "abovePct": 62.287480680061826,
    "belowPct": 37.712519319938174
  }
}