{
  "t": 1769545507738,
  "sampleSize": 800,
  "sma50": {
    "above": 461,
    "below": 230,
    "counted": 691,
    "abovePct": 66.71490593342982,
    "belowPct": 33.28509406657019
  },
  "sma200": {
    "above": 420,
    "below": 230,
    "counted": 650,
    "abovePct": 64.61538461538461,
    "belowPct": 35.38461538461539
  }
}