{
  "t": 1766774617960,
  "sampleSize": 800,
  "sma50": {
    "above": 376,
    "below": 323,
    "counted": 699,
    "abovePct": 53.79113018597997,
    "belowPct": 46.20886981402003
  },
  "sma200": {
    "above": 396,
    "below": 250,
    "counted": 646,
    "abovePct": 61.30030959752322,
    "belowPct": 38.69969040247678
  }
}