{
  "t": 1770043416310,
  "sampleSize": 800,
  "sma50": {
    "above": 393,
    "below": 297,
    "counted": 690,
    "abovePct": 56.95652173913044,
    "belowPct": 43.04347826086957
  },
  "sma200": {
    "above": 406,
    "below": 244,
    "counted": 650,
    "abovePct": 62.46153846153846,
    "belowPct": 37.53846153846154
  }
}