{
  "t": 1764867428784,
  "sampleSize": 800,
  "sma50": {
    "above": 348,
    "below": 353,
    "counted": 701,
    "abovePct": 49.64336661911555,
    "belowPct": 50.35663338088445
  },
  "sma200": {
    "above": 400,
    "below": 248,
    "counted": 648,
    "abovePct": 61.72839506172839,
    "belowPct": 38.2716049382716
  }
}