{
  "t": 1767990323106,
  "sampleSize": 800,
  "sma50": {
    "above": 432,
    "below": 262,
    "counted": 694,
    "abovePct": 62.2478386167147,
    "belowPct": 37.752161383285305
  },
  "sma200": {
    "above": 405,
    "below": 240,
    "counted": 645,
    "abovePct": 62.7906976744186,
    "belowPct": 37.2093023255814
  }
}