{
  "t": 1766175904334,
  "sampleSize": 800,
  "sma50": {
    "above": 348,
    "below": 352,
    "counted": 700,
    "abovePct": 49.714285714285715,
    "belowPct": 50.28571428571429
  },
  "sma200": {
    "above": 392,
    "below": 255,
    "counted": 647,
    "abovePct": 60.58732612055642,
    "belowPct": 39.41267387944359
  }
}