{
  "t": 1763146427760,
  "sampleSize": 800,
  "sma50": {
    "above": 259,
    "below": 445,
    "counted": 704,
    "abovePct": 36.78977272727273,
    "belowPct": 63.21022727272727
  },
  "sma200": {
    "above": 375,
    "below": 267,
    "counted": 642,
    "abovePct": 58.41121495327103,
    "belowPct": 41.58878504672897
  }
}