{
  "t": 1774021635679,
  "sampleSize": 300,
  "sma50": {
    "above": 44,
    "below": 204,
    "counted": 248,
    "abovePct": 17.741935483870968,
    "belowPct": 82.25806451612904
  },
  "sma200": {
    "above": 82,
    "below": 156,
    "counted": 238,
    "abovePct": 34.45378151260504,
    "belowPct": 65.54621848739495
  }
}