{
  "t": 1782919567263,
  "sampleSize": 300,
  "sma50": {
    "above": 140,
    "below": 115,
    "counted": 255,
    "abovePct": 54.90196078431373,
    "belowPct": 45.09803921568628
  },
  "sma200": {
    "above": 122,
    "below": 90,
    "counted": 212,
    "abovePct": 57.54716981132076,
    "belowPct": 42.45283018867924
  }
}