{
  "t": 1766177403662,
  "sampleSize": 800,
  "sma50": {
    "above": 346,
    "below": 354,
    "counted": 700,
    "abovePct": 49.42857142857143,
    "belowPct": 50.57142857142857
  },
  "sma200": {
    "above": 394,
    "below": 253,
    "counted": 647,
    "abovePct": 60.89644513137558,
    "belowPct": 39.10355486862442
  }
}