{
  "t": 1765813226344,
  "sampleSize": 800,
  "sma50": {
    "above": 361,
    "below": 339,
    "counted": 700,
    "abovePct": 51.57142857142857,
    "belowPct": 48.42857142857142
  },
  "sma200": {
    "above": 392,
    "below": 251,
    "counted": 643,
    "abovePct": 60.9642301710731,
    "belowPct": 39.0357698289269
  }
}