{
  "t": 1768333762199,
  "sampleSize": 800,
  "sma50": {
    "above": 420,
    "below": 268,
    "counted": 688,
    "abovePct": 61.04651162790697,
    "belowPct": 38.95348837209303
  },
  "sma200": {
    "above": 399,
    "below": 243,
    "counted": 642,
    "abovePct": 62.149532710280376,
    "belowPct": 37.850467289719624
  }
}