{
  "t": 1767728137105,
  "sampleSize": 800,
  "sma50": {
    "above": 400,
    "below": 294,
    "counted": 694,
    "abovePct": 57.636887608069166,
    "belowPct": 42.363112391930834
  },
  "sma200": {
    "above": 388,
    "below": 258,
    "counted": 646,
    "abovePct": 60.06191950464397,
    "belowPct": 39.93808049535604
  }
}