{
  "t": 1764880773879,
  "sampleSize": 800,
  "sma50": {
    "above": 348,
    "below": 353,
    "counted": 701,
    "abovePct": 49.64336661911555,
    "belowPct": 50.35663338088445
  },
  "sma200": {
    "above": 404,
    "below": 244,
    "counted": 648,
    "abovePct": 62.34567901234568,
    "belowPct": 37.65432098765432
  }
}