{
  "t": 1782418556832,
  "sampleSize": 300,
  "sma50": {
    "above": 131,
    "below": 124,
    "counted": 255,
    "abovePct": 51.37254901960784,
    "belowPct": 48.627450980392155
  },
  "sma200": {
    "above": 116,
    "below": 96,
    "counted": 212,
    "abovePct": 54.71698113207547,
    "belowPct": 45.28301886792453
  }
}