{
  "t": 1769527700925,
  "sampleSize": 800,
  "sma50": {
    "above": 450,
    "below": 241,
    "counted": 691,
    "abovePct": 65.12301013024602,
    "belowPct": 34.87698986975398
  },
  "sma200": {
    "above": 418,
    "below": 232,
    "counted": 650,
    "abovePct": 64.3076923076923,
    "belowPct": 35.69230769230769
  }
}