{
  "t": 1764181521123,
  "sampleSize": 800,
  "sma50": {
    "above": 333,
    "below": 369,
    "counted": 702,
    "abovePct": 47.43589743589743,
    "belowPct": 52.56410256410257
  },
  "sma200": {
    "above": 385,
    "below": 258,
    "counted": 643,
    "abovePct": 59.87558320373251,
    "belowPct": 40.1244167962675
  }
}