{
  "t": 1774284590879,
  "sampleSize": 300,
  "sma50": {
    "above": 51,
    "below": 197,
    "counted": 248,
    "abovePct": 20.56451612903226,
    "belowPct": 79.43548387096774
  },
  "sma200": {
    "above": 86,
    "below": 152,
    "counted": 238,
    "abovePct": 36.134453781512605,
    "belowPct": 63.86554621848739
  }
}