{
  "t": 1778878184525,
  "sampleSize": 300,
  "sma50": {
    "above": 137,
    "below": 114,
    "counted": 251,
    "abovePct": 54.581673306772906,
    "belowPct": 45.41832669322709
  },
  "sma200": {
    "above": 130,
    "below": 112,
    "counted": 242,
    "abovePct": 53.71900826446281,
    "belowPct": 46.28099173553719
  }
}