{
  "t": 1764007759438,
  "sampleSize": 800,
  "sma50": {
    "above": 231,
    "below": 471,
    "counted": 702,
    "abovePct": 32.9059829059829,
    "belowPct": 67.09401709401709
  },
  "sma200": {
    "above": 363,
    "below": 277,
    "counted": 640,
    "abovePct": 56.71874999999999,
    "belowPct": 43.28125
  }
}