{
  "t": 1767718694658,
  "sampleSize": 800,
  "sma50": {
    "above": 389,
    "below": 305,
    "counted": 694,
    "abovePct": 56.05187319884726,
    "belowPct": 43.94812680115274
  },
  "sma200": {
    "above": 384,
    "below": 262,
    "counted": 646,
    "abovePct": 59.44272445820433,
    "belowPct": 40.55727554179567
  }
}