{
  "t": 1762889667443,
  "sampleSize": 800,
  "sma50": {
    "above": 329,
    "below": 375,
    "counted": 704,
    "abovePct": 46.73295454545455,
    "belowPct": 53.26704545454546
  },
  "sma200": {
    "above": 397,
    "below": 245,
    "counted": 642,
    "abovePct": 61.838006230529594,
    "belowPct": 38.161993769470406
  }
}