{
  "t": 1763065497753,
  "sampleSize": 800,
  "sma50": {
    "above": 282,
    "below": 422,
    "counted": 704,
    "abovePct": 40.05681818181818,
    "belowPct": 59.94318181818182
  },
  "sma200": {
    "above": 376,
    "below": 266,
    "counted": 642,
    "abovePct": 58.56697819314641,
    "belowPct": 41.43302180685358
  }
}