{
  "t": 1762787247544,
  "sampleSize": 800,
  "sma50": {
    "above": 301,
    "below": 403,
    "counted": 704,
    "abovePct": 42.75568181818182,
    "belowPct": 57.24431818181818
  },
  "sma200": {
    "above": 397,
    "below": 245,
    "counted": 642,
    "abovePct": 61.838006230529594,
    "belowPct": 38.161993769470406
  }
}