{
  "t": 1779999531645,
  "sampleSize": 300,
  "sma50": {
    "above": 156,
    "below": 97,
    "counted": 253,
    "abovePct": 61.6600790513834,
    "belowPct": 38.3399209486166
  },
  "sma200": {
    "above": 144,
    "below": 98,
    "counted": 242,
    "abovePct": 59.50413223140496,
    "belowPct": 40.49586776859504
  }
}