{
  "t": 1772128215150,
  "sampleSize": 300,
  "sma50": {
    "above": 136,
    "below": 113,
    "counted": 249,
    "abovePct": 54.61847389558233,
    "belowPct": 45.38152610441767
  },
  "sma200": {
    "above": 152,
    "below": 87,
    "counted": 239,
    "abovePct": 63.59832635983263,
    "belowPct": 36.40167364016737
  }
}