{
  "t": 1768586975233,
  "sampleSize": 800,
  "sma50": {
    "above": 456,
    "below": 237,
    "counted": 693,
    "abovePct": 65.80086580086581,
    "belowPct": 34.1991341991342
  },
  "sma200": {
    "above": 418,
    "below": 227,
    "counted": 645,
    "abovePct": 64.8062015503876,
    "belowPct": 35.1937984496124
  }
}