{
  "t": 1768501084169,
  "sampleSize": 800,
  "sma50": {
    "above": 460,
    "below": 233,
    "counted": 693,
    "abovePct": 66.37806637806638,
    "belowPct": 33.62193362193362
  },
  "sma200": {
    "above": 417,
    "below": 229,
    "counted": 646,
    "abovePct": 64.55108359133128,
    "belowPct": 35.44891640866873
  }
}