{
  "t": 1763411119599,
  "sampleSize": 800,
  "sma50": {
    "above": 220,
    "below": 483,
    "counted": 703,
    "abovePct": 31.29445234708393,
    "belowPct": 68.70554765291608
  },
  "sma200": {
    "above": 358,
    "below": 283,
    "counted": 641,
    "abovePct": 55.85023400936038,
    "belowPct": 44.14976599063963
  }
}