{
  "t": 1769698873617,
  "sampleSize": 800,
  "sma50": {
    "above": 433,
    "below": 257,
    "counted": 690,
    "abovePct": 62.7536231884058,
    "belowPct": 37.2463768115942
  },
  "sma200": {
    "above": 415,
    "below": 235,
    "counted": 650,
    "abovePct": 63.84615384615384,
    "belowPct": 36.15384615384615
  }
}