{
  "t": 1769109920947,
  "sampleSize": 800,
  "sma50": {
    "above": 451,
    "below": 240,
    "counted": 691,
    "abovePct": 65.26772793053546,
    "belowPct": 34.73227206946454
  },
  "sma200": {
    "above": 432,
    "below": 214,
    "counted": 646,
    "abovePct": 66.87306501547987,
    "belowPct": 33.126934984520126
  }
}