{
  "t": 1767207351162,
  "sampleSize": 800,
  "sma50": {
    "above": 353,
    "below": 344,
    "counted": 697,
    "abovePct": 50.64562410329986,
    "belowPct": 49.35437589670014
  },
  "sma200": {
    "above": 381,
    "below": 263,
    "counted": 644,
    "abovePct": 59.161490683229815,
    "belowPct": 40.838509316770185
  }
}