{
  "t": 1774896563836,
  "sampleSize": 300,
  "sma50": {
    "above": 39,
    "below": 209,
    "counted": 248,
    "abovePct": 15.725806451612904,
    "belowPct": 84.2741935483871
  },
  "sma200": {
    "above": 75,
    "below": 163,
    "counted": 238,
    "abovePct": 31.512605042016805,
    "belowPct": 68.4873949579832
  }
}