{
  "t": 1766771345089,
  "sampleSize": 800,
  "sma50": {
    "above": 376,
    "below": 323,
    "counted": 699,
    "abovePct": 53.79113018597997,
    "belowPct": 46.20886981402003
  },
  "sma200": {
    "above": 399,
    "below": 247,
    "counted": 646,
    "abovePct": 61.76470588235294,
    "belowPct": 38.23529411764706
  }
}