{
  "t": 1768410638050,
  "sampleSize": 800,
  "sma50": {
    "above": 432,
    "below": 262,
    "counted": 694,
    "abovePct": 62.2478386167147,
    "belowPct": 37.752161383285305
  },
  "sma200": {
    "above": 406,
    "below": 241,
    "counted": 647,
    "abovePct": 62.75115919629057,
    "belowPct": 37.24884080370943
  }
}