{
  "t": 1765901299212,
  "sampleSize": 800,
  "sma50": {
    "above": 338,
    "below": 362,
    "counted": 700,
    "abovePct": 48.285714285714285,
    "belowPct": 51.714285714285715
  },
  "sma200": {
    "above": 391,
    "below": 253,
    "counted": 644,
    "abovePct": 60.71428571428571,
    "belowPct": 39.285714285714285
  }
}