{
  "t": 1770394656057,
  "sampleSize": 800,
  "sma50": {
    "above": 367,
    "below": 322,
    "counted": 689,
    "abovePct": 53.26560232220609,
    "belowPct": 46.73439767779391
  },
  "sma200": {
    "above": 394,
    "below": 255,
    "counted": 649,
    "abovePct": 60.708782742681045,
    "belowPct": 39.29121725731895
  }
}