{
  "t": 1771440536483,
  "sampleSize": 300,
  "sma50": {
    "above": 145,
    "below": 104,
    "counted": 249,
    "abovePct": 58.23293172690763,
    "belowPct": 41.76706827309237
  },
  "sma200": {
    "above": 150,
    "below": 89,
    "counted": 239,
    "abovePct": 62.76150627615063,
    "belowPct": 37.238493723849366
  }
}