{
  "t": 1764792441120,
  "sampleSize": 800,
  "sma50": {
    "above": 339,
    "below": 362,
    "counted": 701,
    "abovePct": 48.35948644793152,
    "belowPct": 51.64051355206848
  },
  "sma200": {
    "above": 397,
    "below": 249,
    "counted": 646,
    "abovePct": 61.45510835913313,
    "belowPct": 38.54489164086687
  }
}