{
  "t": 1777302890451,
  "sampleSize": 300,
  "sma50": {
    "above": 156,
    "below": 90,
    "counted": 246,
    "abovePct": 63.41463414634146,
    "belowPct": 36.58536585365854
  },
  "sma200": {
    "above": 138,
    "below": 103,
    "counted": 241,
    "abovePct": 57.26141078838174,
    "belowPct": 42.738589211618255
  }
}