{
  "t": 1777322981451,
  "sampleSize": 300,
  "sma50": {
    "above": 149,
    "below": 97,
    "counted": 246,
    "abovePct": 60.56910569105691,
    "belowPct": 39.43089430894309
  },
  "sma200": {
    "above": 136,
    "below": 105,
    "counted": 241,
    "abovePct": 56.43153526970954,
    "belowPct": 43.56846473029046
  }
}