{
  "t": 1781717490701,
  "sampleSize": 300,
  "sma50": {
    "above": 151,
    "below": 102,
    "counted": 253,
    "abovePct": 59.683794466403164,
    "belowPct": 40.316205533596836
  },
  "sma200": {
    "above": 126,
    "below": 85,
    "counted": 211,
    "abovePct": 59.71563981042654,
    "belowPct": 40.28436018957346
  }
}