{
  "t": 1766160470192,
  "sampleSize": 800,
  "sma50": {
    "above": 347,
    "below": 353,
    "counted": 700,
    "abovePct": 49.57142857142857,
    "belowPct": 50.42857142857143
  },
  "sma200": {
    "above": 390,
    "below": 257,
    "counted": 647,
    "abovePct": 60.278207109737245,
    "belowPct": 39.721792890262755
  }
}