{
  "t": 1769027433635,
  "sampleSize": 800,
  "sma50": {
    "above": 429,
    "below": 263,
    "counted": 692,
    "abovePct": 61.994219653179194,
    "belowPct": 38.00578034682081
  },
  "sma200": {
    "above": 407,
    "below": 239,
    "counted": 646,
    "abovePct": 63.00309597523219,
    "belowPct": 36.9969040247678
  }
}