{
  "t": 1763390191588,
  "sampleSize": 800,
  "sma50": {
    "above": 260,
    "below": 443,
    "counted": 703,
    "abovePct": 36.98435277382646,
    "belowPct": 63.01564722617354
  },
  "sma200": {
    "above": 369,
    "below": 272,
    "counted": 641,
    "abovePct": 57.56630265210608,
    "belowPct": 42.43369734789392
  }
}