{
  "t": 1778789247000,
  "sampleSize": 300,
  "sma50": {
    "above": 161,
    "below": 84,
    "counted": 245,
    "abovePct": 65.71428571428571,
    "belowPct": 34.285714285714285
  },
  "sma200": {
    "above": 140,
    "below": 102,
    "counted": 242,
    "abovePct": 57.85123966942148,
    "belowPct": 42.14876033057851
  }
}