{
  "t": 1776178899254,
  "sampleSize": 300,
  "sma50": {
    "above": 138,
    "below": 109,
    "counted": 247,
    "abovePct": 55.87044534412956,
    "belowPct": 44.12955465587044
  },
  "sma200": {
    "above": 115,
    "below": 124,
    "counted": 239,
    "abovePct": 48.11715481171548,
    "belowPct": 51.88284518828452
  }
}