{
  "t": 1774889357668,
  "sampleSize": 300,
  "sma50": {
    "above": 40,
    "below": 208,
    "counted": 248,
    "abovePct": 16.129032258064516,
    "belowPct": 83.87096774193549
  },
  "sma200": {
    "above": 77,
    "below": 161,
    "counted": 238,
    "abovePct": 32.35294117647059,
    "belowPct": 67.64705882352942
  }
}