{
  "t": 1777309411238,
  "sampleSize": 300,
  "sma50": {
    "above": 153,
    "below": 93,
    "counted": 246,
    "abovePct": 62.19512195121951,
    "belowPct": 37.80487804878049
  },
  "sma200": {
    "above": 135,
    "below": 106,
    "counted": 241,
    "abovePct": 56.016597510373444,
    "belowPct": 43.983402489626556
  }
}