{
  "t": 1780594291588,
  "sampleSize": 300,
  "sma50": {
    "above": 150,
    "below": 102,
    "counted": 252,
    "abovePct": 59.523809523809526,
    "belowPct": 40.476190476190474
  },
  "sma200": {
    "above": 135,
    "below": 106,
    "counted": 241,
    "abovePct": 56.016597510373444,
    "belowPct": 43.983402489626556
  }
}