{
  "t": 1767819136466,
  "sampleSize": 800,
  "sma50": {
    "above": 402,
    "below": 292,
    "counted": 694,
    "abovePct": 57.925072046109506,
    "belowPct": 42.07492795389049
  },
  "sma200": {
    "above": 389,
    "below": 257,
    "counted": 646,
    "abovePct": 60.216718266253864,
    "belowPct": 39.78328173374613
  }
}