{
  "t": 1780331185660,
  "sampleSize": 300,
  "sma50": {
    "above": 160,
    "below": 93,
    "counted": 253,
    "abovePct": 63.24110671936759,
    "belowPct": 36.75889328063241
  },
  "sma200": {
    "above": 135,
    "below": 107,
    "counted": 242,
    "abovePct": 55.78512396694215,
    "belowPct": 44.214876033057855
  }
}