{
  "t": 1764005065556,
  "sampleSize": 800,
  "sma50": {
    "above": 222,
    "below": 480,
    "counted": 702,
    "abovePct": 31.62393162393162,
    "belowPct": 68.37606837606837
  },
  "sma200": {
    "above": 359,
    "below": 281,
    "counted": 640,
    "abovePct": 56.09375,
    "belowPct": 43.90625
  }
}