{
  "t": 1771012012815,
  "sampleSize": 300,
  "sma50": {
    "above": 139,
    "below": 110,
    "counted": 249,
    "abovePct": 55.82329317269076,
    "belowPct": 44.17670682730924
  },
  "sma200": {
    "above": 144,
    "below": 94,
    "counted": 238,
    "abovePct": 60.50420168067227,
    "belowPct": 39.49579831932773
  }
}