{
  "t": 1765571906858,
  "sampleSize": 800,
  "sma50": {
    "above": 357,
    "below": 343,
    "counted": 700,
    "abovePct": 51,
    "belowPct": 49
  },
  "sma200": {
    "above": 408,
    "below": 236,
    "counted": 644,
    "abovePct": 63.35403726708074,
    "belowPct": 36.64596273291926
  }
}