{
  "t": 1776793803549,
  "sampleSize": 300,
  "sma50": {
    "above": 159,
    "below": 88,
    "counted": 247,
    "abovePct": 64.37246963562752,
    "belowPct": 35.62753036437247
  },
  "sma200": {
    "above": 135,
    "below": 106,
    "counted": 241,
    "abovePct": 56.016597510373444,
    "belowPct": 43.983402489626556
  }
}