{
  "t": 1763575755029,
  "sampleSize": 800,
  "sma50": {
    "above": 197,
    "below": 506,
    "counted": 703,
    "abovePct": 28.02275960170697,
    "belowPct": 71.97724039829303
  },
  "sma200": {
    "above": 354,
    "below": 287,
    "counted": 641,
    "abovePct": 55.22620904836193,
    "belowPct": 44.77379095163806
  }
}