{
  "t": 1763484917769,
  "sampleSize": 800,
  "sma50": {
    "above": 194,
    "below": 509,
    "counted": 703,
    "abovePct": 27.59601706970128,
    "belowPct": 72.40398293029871
  },
  "sma200": {
    "above": 353,
    "below": 288,
    "counted": 641,
    "abovePct": 55.07020280811232,
    "belowPct": 44.92979719188768
  }
}