{
  "t": 1768502817087,
  "sampleSize": 800,
  "sma50": {
    "above": 464,
    "below": 229,
    "counted": 693,
    "abovePct": 66.95526695526695,
    "belowPct": 33.04473304473304
  },
  "sma200": {
    "above": 419,
    "below": 227,
    "counted": 646,
    "abovePct": 64.86068111455108,
    "belowPct": 35.139318885448915
  }
}