{
  "t": 1766508940978,
  "sampleSize": 800,
  "sma50": {
    "above": 359,
    "below": 340,
    "counted": 699,
    "abovePct": 51.359084406294706,
    "belowPct": 48.640915593705294
  },
  "sma200": {
    "above": 396,
    "below": 250,
    "counted": 646,
    "abovePct": 61.30030959752322,
    "belowPct": 38.69969040247678
  }
}