{
  "t": 1773679821283,
  "sampleSize": 300,
  "sma50": {
    "above": 67,
    "below": 181,
    "counted": 248,
    "abovePct": 27.016129032258064,
    "belowPct": 72.98387096774194
  },
  "sma200": {
    "above": 106,
    "below": 132,
    "counted": 238,
    "abovePct": 44.537815126050425,
    "belowPct": 55.46218487394958
  }
}