{
  "t": 1776355430390,
  "sampleSize": 300,
  "sma50": {
    "above": 149,
    "below": 98,
    "counted": 247,
    "abovePct": 60.32388663967612,
    "belowPct": 39.67611336032389
  },
  "sma200": {
    "above": 128,
    "below": 112,
    "counted": 240,
    "abovePct": 53.333333333333336,
    "belowPct": 46.666666666666664
  }
}