{
  "t": 1768843648441,
  "sampleSize": 800,
  "sma50": {
    "above": 444,
    "below": 243,
    "counted": 687,
    "abovePct": 64.62882096069869,
    "belowPct": 35.37117903930131
  },
  "sma200": {
    "above": 413,
    "below": 226,
    "counted": 639,
    "abovePct": 64.63223787167449,
    "belowPct": 35.36776212832551
  }
}