{
  "t": 1769025373806,
  "sampleSize": 800,
  "sma50": {
    "above": 431,
    "below": 261,
    "counted": 692,
    "abovePct": 62.28323699421965,
    "belowPct": 37.716763005780344
  },
  "sma200": {
    "above": 411,
    "below": 235,
    "counted": 646,
    "abovePct": 63.62229102167183,
    "belowPct": 36.37770897832817
  }
}