{
  "t": 1763671058197,
  "sampleSize": 800,
  "sma50": {
    "above": 164,
    "below": 539,
    "counted": 703,
    "abovePct": 23.32859174964438,
    "belowPct": 76.67140825035563
  },
  "sma200": {
    "above": 327,
    "below": 314,
    "counted": 641,
    "abovePct": 51.014040561622465,
    "belowPct": 48.985959438377535
  }
}