{
  "t": 1763141833628,
  "sampleSize": 800,
  "sma50": {
    "above": 268,
    "below": 436,
    "counted": 704,
    "abovePct": 38.06818181818182,
    "belowPct": 61.93181818181818
  },
  "sma200": {
    "above": 374,
    "below": 268,
    "counted": 642,
    "abovePct": 58.25545171339564,
    "belowPct": 41.74454828660436
  }
}