{
  "t": 1766075169447,
  "sampleSize": 800,
  "sma50": {
    "above": 338,
    "below": 362,
    "counted": 700,
    "abovePct": 48.285714285714285,
    "belowPct": 51.714285714285715
  },
  "sma200": {
    "above": 401,
    "below": 246,
    "counted": 647,
    "abovePct": 61.97836166924265,
    "belowPct": 38.02163833075734
  }
}