{
  "t": 1762801542933,
  "sampleSize": 800,
  "sma50": {
    "above": 321,
    "below": 383,
    "counted": 704,
    "abovePct": 45.596590909090914,
    "belowPct": 54.40340909090909
  },
  "sma200": {
    "above": 396,
    "below": 246,
    "counted": 642,
    "abovePct": 61.6822429906542,
    "belowPct": 38.31775700934579
  }
}