{
  "t": 1770144541389,
  "sampleSize": 800,
  "sma50": {
    "above": 371,
    "below": 318,
    "counted": 689,
    "abovePct": 53.84615384615385,
    "belowPct": 46.15384615384615
  },
  "sma200": {
    "above": 393,
    "below": 256,
    "counted": 649,
    "abovePct": 60.55469953775039,
    "belowPct": 39.44530046224962
  }
}