{
  "t": 1763411813740,
  "sampleSize": 800,
  "sma50": {
    "above": 221,
    "below": 482,
    "counted": 703,
    "abovePct": 31.436699857752487,
    "belowPct": 68.56330014224751
  },
  "sma200": {
    "above": 354,
    "below": 287,
    "counted": 641,
    "abovePct": 55.22620904836193,
    "belowPct": 44.77379095163806
  }
}