{
  "t": 1763139955816,
  "sampleSize": 800,
  "sma50": {
    "above": 269,
    "below": 435,
    "counted": 704,
    "abovePct": 38.21022727272727,
    "belowPct": 61.78977272727273
  },
  "sma200": {
    "above": 373,
    "below": 269,
    "counted": 642,
    "abovePct": 58.09968847352025,
    "belowPct": 41.90031152647975
  }
}