{
  "t": 1765989868116,
  "sampleSize": 800,
  "sma50": {
    "above": 321,
    "below": 379,
    "counted": 700,
    "abovePct": 45.857142857142854,
    "belowPct": 54.142857142857146
  },
  "sma200": {
    "above": 394,
    "below": 250,
    "counted": 644,
    "abovePct": 61.18012422360248,
    "belowPct": 38.81987577639752
  }
}