{
  "t": 1766507148673,
  "sampleSize": 800,
  "sma50": {
    "above": 357,
    "below": 342,
    "counted": 699,
    "abovePct": 51.072961373390555,
    "belowPct": 48.927038626609445
  },
  "sma200": {
    "above": 394,
    "below": 252,
    "counted": 646,
    "abovePct": 60.99071207430341,
    "belowPct": 39.0092879256966
  }
}