{
  "t": 1763057285626,
  "sampleSize": 800,
  "sma50": {
    "above": 293,
    "below": 411,
    "counted": 704,
    "abovePct": 41.61931818181818,
    "belowPct": 58.38068181818182
  },
  "sma200": {
    "above": 382,
    "below": 260,
    "counted": 642,
    "abovePct": 59.50155763239875,
    "belowPct": 40.49844236760124
  }
}