{
  "t": 1764081418144,
  "sampleSize": 800,
  "sma50": {
    "above": 247,
    "below": 455,
    "counted": 702,
    "abovePct": 35.18518518518518,
    "belowPct": 64.81481481481481
  },
  "sma200": {
    "above": 365,
    "below": 275,
    "counted": 640,
    "abovePct": 57.03125,
    "belowPct": 42.96875
  }
}