{
  "t": 1775159315675,
  "sampleSize": 300,
  "sma50": {
    "above": 57,
    "below": 191,
    "counted": 248,
    "abovePct": 22.983870967741936,
    "belowPct": 77.01612903225806
  },
  "sma200": {
    "above": 88,
    "below": 150,
    "counted": 238,
    "abovePct": 36.97478991596639,
    "belowPct": 63.02521008403361
  }
}