{
  "t": 1779224504960,
  "sampleSize": 300,
  "sma50": {
    "above": 137,
    "below": 116,
    "counted": 253,
    "abovePct": 54.1501976284585,
    "belowPct": 45.8498023715415
  },
  "sma200": {
    "above": 130,
    "below": 112,
    "counted": 242,
    "abovePct": 53.71900826446281,
    "belowPct": 46.28099173553719
  }
}