{
  "t": 1762806311699,
  "sampleSize": 800,
  "sma50": {
    "above": 326,
    "below": 378,
    "counted": 704,
    "abovePct": 46.30681818181818,
    "belowPct": 53.69318181818182
  },
  "sma200": {
    "above": 394,
    "below": 248,
    "counted": 642,
    "abovePct": 61.37071651090342,
    "belowPct": 38.62928348909657
  }
}