{
  "t": 1762531339814,
  "sampleSize": 200,
  "sma50": {
    "above": 55,
    "below": 119,
    "counted": 174,
    "abovePct": 31.60919540229885,
    "belowPct": 68.39080459770115
  },
  "sma200": {
    "above": 97,
    "below": 60,
    "counted": 157,
    "abovePct": 61.78343949044586,
    "belowPct": 38.21656050955414
  }
}