{
  "t": 1765998442596,
  "sampleSize": 800,
  "sma50": {
    "above": 318,
    "below": 382,
    "counted": 700,
    "abovePct": 45.42857142857143,
    "belowPct": 54.57142857142857
  },
  "sma200": {
    "above": 395,
    "below": 249,
    "counted": 644,
    "abovePct": 61.33540372670807,
    "belowPct": 38.66459627329192
  }
}