{
  "t": 1781732375543,
  "sampleSize": 300,
  "sma50": {
    "above": 136,
    "below": 117,
    "counted": 253,
    "abovePct": 53.75494071146245,
    "belowPct": 46.24505928853755
  },
  "sma200": {
    "above": 121,
    "below": 90,
    "counted": 211,
    "abovePct": 57.345971563981045,
    "belowPct": 42.65402843601896
  }
}