{
  "t": 1766586940622,
  "sampleSize": 800,
  "sma50": {
    "above": 366,
    "below": 333,
    "counted": 699,
    "abovePct": 52.36051502145923,
    "belowPct": 47.63948497854077
  },
  "sma200": {
    "above": 398,
    "below": 248,
    "counted": 646,
    "abovePct": 61.60990712074303,
    "belowPct": 38.39009287925697
  }
}