{
  "t": 1780076556465,
  "sampleSize": 300,
  "sma50": {
    "above": 162,
    "below": 90,
    "counted": 252,
    "abovePct": 64.28571428571429,
    "belowPct": 35.714285714285715
  },
  "sma200": {
    "above": 141,
    "below": 100,
    "counted": 241,
    "abovePct": 58.50622406639005,
    "belowPct": 41.49377593360996
  }
}