{
  "t": 1768248433734,
  "sampleSize": 800,
  "sma50": {
    "above": 441,
    "below": 253,
    "counted": 694,
    "abovePct": 63.54466858789626,
    "belowPct": 36.455331412103746
  },
  "sma200": {
    "above": 407,
    "below": 240,
    "counted": 647,
    "abovePct": 62.90571870170015,
    "belowPct": 37.09428129829985
  }
}