{
  "t": 1764353311289,
  "sampleSize": 800,
  "sma50": {
    "above": 339,
    "below": 362,
    "counted": 701,
    "abovePct": 48.35948644793152,
    "belowPct": 51.64051355206848
  },
  "sma200": {
    "above": 393,
    "below": 250,
    "counted": 643,
    "abovePct": 61.11975116640747,
    "belowPct": 38.88024883359253
  }
}