{
  "t": 1779916277000,
  "sampleSize": 300,
  "sma50": {
    "above": 157,
    "below": 96,
    "counted": 253,
    "abovePct": 62.055335968379445,
    "belowPct": 37.94466403162055
  },
  "sma200": {
    "above": 141,
    "below": 101,
    "counted": 242,
    "abovePct": 58.26446280991735,
    "belowPct": 41.735537190082646
  }
}