{
  "t": 1763058362421,
  "sampleSize": 800,
  "sma50": {
    "above": 286,
    "below": 418,
    "counted": 704,
    "abovePct": 40.625,
    "belowPct": 59.375
  },
  "sma200": {
    "above": 382,
    "below": 260,
    "counted": 642,
    "abovePct": 59.50155763239875,
    "belowPct": 40.49844236760124
  }
}