{
  "t": 1776719855054,
  "sampleSize": 300,
  "sma50": {
    "above": 169,
    "below": 78,
    "counted": 247,
    "abovePct": 68.42105263157895,
    "belowPct": 31.57894736842105
  },
  "sma200": {
    "above": 139,
    "below": 102,
    "counted": 241,
    "abovePct": 57.676348547717836,
    "belowPct": 42.32365145228216
  }
}