{
  "t": 1768231542126,
  "sampleSize": 800,
  "sma50": {
    "above": 426,
    "below": 268,
    "counted": 694,
    "abovePct": 61.38328530259366,
    "belowPct": 38.61671469740634
  },
  "sma200": {
    "above": 404,
    "below": 243,
    "counted": 647,
    "abovePct": 62.442040185471406,
    "belowPct": 37.557959814528594
  }
}