{
  "t": 1769179157849,
  "sampleSize": 800,
  "sma50": {
    "above": 453,
    "below": 238,
    "counted": 691,
    "abovePct": 65.55716353111433,
    "belowPct": 34.44283646888567
  },
  "sma200": {
    "above": 431,
    "below": 215,
    "counted": 646,
    "abovePct": 66.71826625386997,
    "belowPct": 33.28173374613003
  }
}