{
  "t": 1768577106946,
  "sampleSize": 800,
  "sma50": {
    "above": 450,
    "below": 243,
    "counted": 693,
    "abovePct": 64.93506493506493,
    "belowPct": 35.064935064935064
  },
  "sma200": {
    "above": 416,
    "below": 229,
    "counted": 645,
    "abovePct": 64.49612403100775,
    "belowPct": 35.50387596899225
  }
}