{
  "t": 1768596613674,
  "sampleSize": 800,
  "sma50": {
    "above": 444,
    "below": 249,
    "counted": 693,
    "abovePct": 64.06926406926407,
    "belowPct": 35.93073593073593
  },
  "sma200": {
    "above": 414,
    "below": 231,
    "counted": 645,
    "abovePct": 64.18604651162791,
    "belowPct": 35.81395348837209
  }
}