{
  "t": 1770409984338,
  "sampleSize": 800,
  "sma50": {
    "above": 375,
    "below": 314,
    "counted": 689,
    "abovePct": 54.426705370101594,
    "belowPct": 45.573294629898406
  },
  "sma200": {
    "above": 392,
    "below": 257,
    "counted": 649,
    "abovePct": 60.40061633281972,
    "belowPct": 39.59938366718028
  }
}