{
  "t": 1762879270645,
  "sampleSize": 800,
  "sma50": {
    "above": 316,
    "below": 388,
    "counted": 704,
    "abovePct": 44.88636363636363,
    "belowPct": 55.11363636363637
  },
  "sma200": {
    "above": 394,
    "below": 248,
    "counted": 642,
    "abovePct": 61.37071651090342,
    "belowPct": 38.62928348909657
  }
}