{
  "t": 1765211146710,
  "sampleSize": 800,
  "sma50": {
    "above": 340,
    "below": 361,
    "counted": 701,
    "abovePct": 48.502139800285306,
    "belowPct": 51.497860199714694
  },
  "sma200": {
    "above": 401,
    "below": 247,
    "counted": 648,
    "abovePct": 61.882716049382715,
    "belowPct": 38.117283950617285
  }
}