{
  "t": 1769109006155,
  "sampleSize": 800,
  "sma50": {
    "above": 452,
    "below": 239,
    "counted": 691,
    "abovePct": 65.41244573082489,
    "belowPct": 34.58755426917511
  },
  "sma200": {
    "above": 433,
    "below": 213,
    "counted": 646,
    "abovePct": 67.02786377708978,
    "belowPct": 32.972136222910216
  }
}