{
  "t": 1773413229014,
  "sampleSize": 300,
  "sma50": {
    "above": 60,
    "below": 188,
    "counted": 248,
    "abovePct": 24.193548387096776,
    "belowPct": 75.80645161290323
  },
  "sma200": {
    "above": 101,
    "below": 137,
    "counted": 238,
    "abovePct": 42.436974789915965,
    "belowPct": 57.56302521008403
  }
}