{
  "t": 1762786118531,
  "sampleSize": 800,
  "sma50": {
    "above": 308,
    "below": 396,
    "counted": 704,
    "abovePct": 43.75,
    "belowPct": 56.25
  },
  "sma200": {
    "above": 400,
    "below": 242,
    "counted": 642,
    "abovePct": 62.30529595015576,
    "belowPct": 37.69470404984423
  }
}