{
  "t": 1766172216257,
  "sampleSize": 800,
  "sma50": {
    "above": 352,
    "below": 348,
    "counted": 700,
    "abovePct": 50.28571428571429,
    "belowPct": 49.714285714285715
  },
  "sma200": {
    "above": 392,
    "below": 255,
    "counted": 647,
    "abovePct": 60.58732612055642,
    "belowPct": 39.41267387944359
  }
}