{
  "t": 1777482161434,
  "sampleSize": 300,
  "sma50": {
    "above": 146,
    "below": 101,
    "counted": 247,
    "abovePct": 59.10931174089069,
    "belowPct": 40.89068825910931
  },
  "sma200": {
    "above": 129,
    "below": 113,
    "counted": 242,
    "abovePct": 53.30578512396694,
    "belowPct": 46.69421487603306
  }
}