{
  "t": 1770325760580,
  "sampleSize": 800,
  "sma50": {
    "above": 325,
    "below": 364,
    "counted": 689,
    "abovePct": 47.16981132075472,
    "belowPct": 52.83018867924528
  },
  "sma200": {
    "above": 381,
    "below": 269,
    "counted": 650,
    "abovePct": 58.61538461538461,
    "belowPct": 41.38461538461539
  }
}