{
  "t": 1762976942130,
  "sampleSize": 800,
  "sma50": {
    "above": 336,
    "below": 368,
    "counted": 704,
    "abovePct": 47.72727272727273,
    "belowPct": 52.27272727272727
  },
  "sma200": {
    "above": 400,
    "below": 242,
    "counted": 642,
    "abovePct": 62.30529595015576,
    "belowPct": 37.69470404984423
  }
}