{
  "t": 1763755611112,
  "sampleSize": 800,
  "sma50": {
    "above": 196,
    "below": 504,
    "counted": 700,
    "abovePct": 28.000000000000004,
    "belowPct": 72
  },
  "sma200": {
    "above": 354,
    "below": 285,
    "counted": 639,
    "abovePct": 55.39906103286385,
    "belowPct": 44.60093896713615
  }
}