{
  "t": 1773261903717,
  "sampleSize": 300,
  "sma50": {
    "above": 65,
    "below": 183,
    "counted": 248,
    "abovePct": 26.209677419354836,
    "belowPct": 73.79032258064517
  },
  "sma200": {
    "above": 118,
    "below": 120,
    "counted": 238,
    "abovePct": 49.57983193277311,
    "belowPct": 50.42016806722689
  }
}