{
  "t": 1764088971880,
  "sampleSize": 800,
  "sma50": {
    "above": 276,
    "below": 426,
    "counted": 702,
    "abovePct": 39.31623931623932,
    "belowPct": 60.68376068376068
  },
  "sma200": {
    "above": 372,
    "below": 268,
    "counted": 640,
    "abovePct": 58.12500000000001,
    "belowPct": 41.875
  }
}