{
  "t": 1769630964354,
  "sampleSize": 800,
  "sma50": {
    "above": 447,
    "below": 243,
    "counted": 690,
    "abovePct": 64.78260869565217,
    "belowPct": 35.21739130434783
  },
  "sma200": {
    "above": 414,
    "below": 236,
    "counted": 650,
    "abovePct": 63.69230769230769,
    "belowPct": 36.30769230769231
  }
}