{
  "t": 1772226480445,
  "sampleSize": 300,
  "sma50": {
    "above": 124,
    "below": 125,
    "counted": 249,
    "abovePct": 49.79919678714859,
    "belowPct": 50.20080321285141
  },
  "sma200": {
    "above": 144,
    "below": 95,
    "counted": 239,
    "abovePct": 60.25104602510461,
    "belowPct": 39.74895397489539
  }
}