{
  "t": 1767037707290,
  "sampleSize": 800,
  "sma50": {
    "above": 372,
    "below": 327,
    "counted": 699,
    "abovePct": 53.21888412017167,
    "belowPct": 46.78111587982833
  },
  "sma200": {
    "above": 388,
    "below": 258,
    "counted": 646,
    "abovePct": 60.06191950464397,
    "belowPct": 39.93808049535604
  }
}