{
  "t": 1770668866843,
  "sampleSize": 800,
  "sma50": {
    "above": 394,
    "below": 295,
    "counted": 689,
    "abovePct": 57.18432510885341,
    "belowPct": 42.815674891146585
  },
  "sma200": {
    "above": 400,
    "below": 250,
    "counted": 650,
    "abovePct": 61.53846153846154,
    "belowPct": 38.46153846153847
  }
}