{
  "t": 1767804319492,
  "sampleSize": 800,
  "sma50": {
    "above": 406,
    "below": 288,
    "counted": 694,
    "abovePct": 58.501440922190206,
    "belowPct": 41.4985590778098
  },
  "sma200": {
    "above": 393,
    "below": 253,
    "counted": 646,
    "abovePct": 60.8359133126935,
    "belowPct": 39.1640866873065
  }
}