{
  "t": 1764613610617,
  "sampleSize": 800,
  "sma50": {
    "above": 334,
    "below": 367,
    "counted": 701,
    "abovePct": 47.646219686162624,
    "belowPct": 52.353780313837376
  },
  "sma200": {
    "above": 390,
    "below": 254,
    "counted": 644,
    "abovePct": 60.55900621118012,
    "belowPct": 39.44099378881988
  }
}