{
  "t": 1782423200732,
  "sampleSize": 300,
  "sma50": {
    "above": 132,
    "below": 123,
    "counted": 255,
    "abovePct": 51.76470588235295,
    "belowPct": 48.23529411764706
  },
  "sma200": {
    "above": 116,
    "below": 96,
    "counted": 212,
    "abovePct": 54.71698113207547,
    "belowPct": 45.28301886792453
  }
}