{
  "t": 1767109107188,
  "sampleSize": 800,
  "sma50": {
    "above": 362,
    "below": 336,
    "counted": 698,
    "abovePct": 51.862464183381086,
    "belowPct": 48.13753581661891
  },
  "sma200": {
    "above": 392,
    "below": 253,
    "counted": 645,
    "abovePct": 60.775193798449614,
    "belowPct": 39.224806201550386
  }
}