{
  "t": 1764948327893,
  "sampleSize": 800,
  "sma50": {
    "above": 360,
    "below": 341,
    "counted": 701,
    "abovePct": 51.35520684736091,
    "belowPct": 48.64479315263909
  },
  "sma200": {
    "above": 410,
    "below": 238,
    "counted": 648,
    "abovePct": 63.27160493827161,
    "belowPct": 36.7283950617284
  }
}