{
  "t": 1778775333381,
  "sampleSize": 300,
  "sma50": {
    "above": 157,
    "below": 88,
    "counted": 245,
    "abovePct": 64.08163265306122,
    "belowPct": 35.91836734693877
  },
  "sma200": {
    "above": 140,
    "below": 102,
    "counted": 242,
    "abovePct": 57.85123966942148,
    "belowPct": 42.14876033057851
  }
}