{
  "t": 1769626646955,
  "sampleSize": 800,
  "sma50": {
    "above": 442,
    "below": 248,
    "counted": 690,
    "abovePct": 64.05797101449275,
    "belowPct": 35.94202898550725
  },
  "sma200": {
    "above": 416,
    "below": 234,
    "counted": 650,
    "abovePct": 64,
    "belowPct": 36
  }
}