{
  "t": 1769094687370,
  "sampleSize": 800,
  "sma50": {
    "above": 446,
    "below": 246,
    "counted": 692,
    "abovePct": 64.45086705202311,
    "belowPct": 35.54913294797688
  },
  "sma200": {
    "above": 424,
    "below": 222,
    "counted": 646,
    "abovePct": 65.63467492260062,
    "belowPct": 34.36532507739938
  }
}