{
  "t": 1775750540658,
  "sampleSize": 300,
  "sma50": {
    "above": 106,
    "below": 141,
    "counted": 247,
    "abovePct": 42.91497975708502,
    "belowPct": 57.08502024291497
  },
  "sma200": {
    "above": 108,
    "below": 129,
    "counted": 237,
    "abovePct": 45.56962025316456,
    "belowPct": 54.43037974683544
  }
}