{
  "t": 1767196196965,
  "sampleSize": 800,
  "sma50": {
    "above": 345,
    "below": 352,
    "counted": 697,
    "abovePct": 49.49784791965567,
    "belowPct": 50.50215208034433
  },
  "sma200": {
    "above": 378,
    "below": 266,
    "counted": 644,
    "abovePct": 58.69565217391305,
    "belowPct": 41.30434782608695
  }
}