{
  "t": 1778011159327,
  "sampleSize": 300,
  "sma50": {
    "above": 171,
    "below": 74,
    "counted": 245,
    "abovePct": 69.79591836734694,
    "belowPct": 30.20408163265306
  },
  "sma200": {
    "above": 142,
    "below": 99,
    "counted": 241,
    "abovePct": 58.921161825726145,
    "belowPct": 41.078838174273855
  }
}