{
  "t": 1764096238528,
  "sampleSize": 800,
  "sma50": {
    "above": 288,
    "below": 414,
    "counted": 702,
    "abovePct": 41.02564102564102,
    "belowPct": 58.97435897435898
  },
  "sma200": {
    "above": 371,
    "below": 270,
    "counted": 641,
    "abovePct": 57.87831513260531,
    "belowPct": 42.12168486739469
  }
}