{
  "t": 1781278769437,
  "sampleSize": 300,
  "sma50": {
    "above": 149,
    "below": 102,
    "counted": 251,
    "abovePct": 59.36254980079681,
    "belowPct": 40.63745019920319
  },
  "sma200": {
    "above": 119,
    "below": 92,
    "counted": 211,
    "abovePct": 56.39810426540285,
    "belowPct": 43.60189573459716
  }
}