{
  "t": 1776880188198,
  "sampleSize": 300,
  "sma50": {
    "above": 158,
    "below": 89,
    "counted": 247,
    "abovePct": 63.96761133603239,
    "belowPct": 36.032388663967616
  },
  "sma200": {
    "above": 136,
    "below": 105,
    "counted": 241,
    "abovePct": 56.43153526970954,
    "belowPct": 43.56846473029046
  }
}