{
  "t": 1767801188175,
  "sampleSize": 800,
  "sma50": {
    "above": 399,
    "below": 295,
    "counted": 694,
    "abovePct": 57.49279538904899,
    "belowPct": 42.50720461095101
  },
  "sma200": {
    "above": 389,
    "below": 257,
    "counted": 646,
    "abovePct": 60.216718266253864,
    "belowPct": 39.78328173374613
  }
}