{
  "t": 1778695937940,
  "sampleSize": 300,
  "sma50": {
    "above": 150,
    "below": 95,
    "counted": 245,
    "abovePct": 61.224489795918366,
    "belowPct": 38.775510204081634
  },
  "sma200": {
    "above": 137,
    "below": 105,
    "counted": 242,
    "abovePct": 56.611570247933884,
    "belowPct": 43.388429752066116
  }
}