{
  "t": 1767203326852,
  "sampleSize": 800,
  "sma50": {
    "above": 343,
    "below": 354,
    "counted": 697,
    "abovePct": 49.21090387374462,
    "belowPct": 50.78909612625539
  },
  "sma200": {
    "above": 380,
    "below": 264,
    "counted": 644,
    "abovePct": 59.006211180124225,
    "belowPct": 40.993788819875775
  }
}