{
  "t": 1764174344097,
  "sampleSize": 800,
  "sma50": {
    "above": 332,
    "below": 370,
    "counted": 702,
    "abovePct": 47.293447293447294,
    "belowPct": 52.70655270655271
  },
  "sma200": {
    "above": 384,
    "below": 259,
    "counted": 643,
    "abovePct": 59.72006220839814,
    "belowPct": 40.27993779160187
  }
}