{
  "t": 1768332288627,
  "sampleSize": 800,
  "sma50": {
    "above": 417,
    "below": 266,
    "counted": 683,
    "abovePct": 61.05417276720352,
    "belowPct": 38.94582723279649
  },
  "sma200": {
    "above": 399,
    "below": 239,
    "counted": 638,
    "abovePct": 62.539184952978054,
    "belowPct": 37.460815047021946
  }
}