{
  "t": 1775494072260,
  "sampleSize": 300,
  "sma50": {
    "above": 61,
    "below": 187,
    "counted": 248,
    "abovePct": 24.596774193548388,
    "belowPct": 75.40322580645162
  },
  "sma200": {
    "above": 91,
    "below": 147,
    "counted": 238,
    "abovePct": 38.23529411764706,
    "belowPct": 61.76470588235294
  }
}