{
  "t": 1764949127211,
  "sampleSize": 800,
  "sma50": {
    "above": 361,
    "below": 340,
    "counted": 701,
    "abovePct": 51.497860199714694,
    "belowPct": 48.502139800285306
  },
  "sma200": {
    "above": 414,
    "below": 234,
    "counted": 648,
    "abovePct": 63.888888888888886,
    "belowPct": 36.11111111111111
  }
}