{
  "t": 1777668495457,
  "sampleSize": 300,
  "sma50": {
    "above": 166,
    "below": 80,
    "counted": 246,
    "abovePct": 67.47967479674797,
    "belowPct": 32.52032520325203
  },
  "sma200": {
    "above": 142,
    "below": 100,
    "counted": 242,
    "abovePct": 58.67768595041323,
    "belowPct": 41.32231404958678
  }
}