{
  "t": 1765559192844,
  "sampleSize": 800,
  "sma50": {
    "above": 365,
    "below": 335,
    "counted": 700,
    "abovePct": 52.142857142857146,
    "belowPct": 47.85714285714286
  },
  "sma200": {
    "above": 410,
    "below": 234,
    "counted": 644,
    "abovePct": 63.66459627329193,
    "belowPct": 36.33540372670808
  }
}