{
  "t": 1765986006177,
  "sampleSize": 800,
  "sma50": {
    "above": 339,
    "below": 361,
    "counted": 700,
    "abovePct": 48.42857142857142,
    "belowPct": 51.57142857142857
  },
  "sma200": {
    "above": 395,
    "below": 249,
    "counted": 644,
    "abovePct": 61.33540372670807,
    "belowPct": 38.66459627329192
  }
}