{
  "t": 1769009291430,
  "sampleSize": 800,
  "sma50": {
    "above": 419,
    "below": 274,
    "counted": 693,
    "abovePct": 60.46176046176046,
    "belowPct": 39.53823953823954
  },
  "sma200": {
    "above": 410,
    "below": 237,
    "counted": 647,
    "abovePct": 63.3693972179289,
    "belowPct": 36.6306027820711
  }
}