{
  "t": 1769535845481,
  "sampleSize": 800,
  "sma50": {
    "above": 455,
    "below": 236,
    "counted": 691,
    "abovePct": 65.8465991316932,
    "belowPct": 34.1534008683068
  },
  "sma200": {
    "above": 415,
    "below": 235,
    "counted": 650,
    "abovePct": 63.84615384615384,
    "belowPct": 36.15384615384615
  }
}