{
  "t": 1766436630694,
  "sampleSize": 800,
  "sma50": {
    "above": 369,
    "below": 330,
    "counted": 699,
    "abovePct": 52.78969957081545,
    "belowPct": 47.21030042918455
  },
  "sma200": {
    "above": 391,
    "below": 255,
    "counted": 646,
    "abovePct": 60.526315789473685,
    "belowPct": 39.473684210526315
  }
}