{
  "t": 1769192773722,
  "sampleSize": 800,
  "sma50": {
    "above": 445,
    "below": 246,
    "counted": 691,
    "abovePct": 64.39942112879883,
    "belowPct": 35.60057887120116
  },
  "sma200": {
    "above": 421,
    "below": 226,
    "counted": 647,
    "abovePct": 65.06955177743431,
    "belowPct": 34.93044822256569
  }
}