{
  "t": 1764876260989,
  "sampleSize": 800,
  "sma50": {
    "above": 345,
    "below": 356,
    "counted": 701,
    "abovePct": 49.21540656205421,
    "belowPct": 50.78459343794579
  },
  "sma200": {
    "above": 406,
    "below": 242,
    "counted": 648,
    "abovePct": 62.65432098765432,
    "belowPct": 37.34567901234568
  }
}