{
  "t": 1766159433512,
  "sampleSize": 800,
  "sma50": {
    "above": 347,
    "below": 353,
    "counted": 700,
    "abovePct": 49.57142857142857,
    "belowPct": 50.42857142857143
  },
  "sma200": {
    "above": 389,
    "below": 258,
    "counted": 647,
    "abovePct": 60.123647604327665,
    "belowPct": 39.876352395672335
  }
}