{
  "t": 1762871783649,
  "sampleSize": 800,
  "sma50": {
    "above": 323,
    "below": 381,
    "counted": 704,
    "abovePct": 45.88068181818182,
    "belowPct": 54.11931818181818
  },
  "sma200": {
    "above": 392,
    "below": 250,
    "counted": 642,
    "abovePct": 61.059190031152646,
    "belowPct": 38.940809968847354
  }
}