{
  "t": 1780587663295,
  "sampleSize": 300,
  "sma50": {
    "above": 151,
    "below": 102,
    "counted": 253,
    "abovePct": 59.683794466403164,
    "belowPct": 40.316205533596836
  },
  "sma200": {
    "above": 135,
    "below": 107,
    "counted": 242,
    "abovePct": 55.78512396694215,
    "belowPct": 44.214876033057855
  }
}