{
  "t": 1766161539153,
  "sampleSize": 800,
  "sma50": {
    "above": 353,
    "below": 347,
    "counted": 700,
    "abovePct": 50.42857142857143,
    "belowPct": 49.57142857142857
  },
  "sma200": {
    "above": 392,
    "below": 255,
    "counted": 647,
    "abovePct": 60.58732612055642,
    "belowPct": 39.41267387944359
  }
}