{
  "t": 1770229178707,
  "sampleSize": 800,
  "sma50": {
    "above": 345,
    "below": 344,
    "counted": 689,
    "abovePct": 50.07256894049347,
    "belowPct": 49.92743105950653
  },
  "sma200": {
    "above": 387,
    "below": 263,
    "counted": 650,
    "abovePct": 59.53846153846154,
    "belowPct": 40.46153846153846
  }
}