{
  "t": 1771004797748,
  "sampleSize": 300,
  "sma50": {
    "above": 141,
    "below": 108,
    "counted": 249,
    "abovePct": 56.62650602409639,
    "belowPct": 43.373493975903614
  },
  "sma200": {
    "above": 145,
    "below": 93,
    "counted": 238,
    "abovePct": 60.924369747899156,
    "belowPct": 39.075630252100844
  }
}