{
  "t": 1765222479380,
  "sampleSize": 800,
  "sma50": {
    "above": 342,
    "below": 359,
    "counted": 701,
    "abovePct": 48.787446504992865,
    "belowPct": 51.21255349500713
  },
  "sma200": {
    "above": 398,
    "below": 250,
    "counted": 648,
    "abovePct": 61.419753086419746,
    "belowPct": 38.58024691358025
  }
}