{
  "t": 1771613289147,
  "sampleSize": 300,
  "sma50": {
    "above": 143,
    "below": 106,
    "counted": 249,
    "abovePct": 57.42971887550201,
    "belowPct": 42.570281124497996
  },
  "sma200": {
    "above": 146,
    "below": 93,
    "counted": 239,
    "abovePct": 61.08786610878661,
    "belowPct": 38.912133891213394
  }
}