{
  "t": 1769625076122,
  "sampleSize": 800,
  "sma50": {
    "above": 446,
    "below": 243,
    "counted": 689,
    "abovePct": 64.73149492017417,
    "belowPct": 35.268505079825836
  },
  "sma200": {
    "above": 418,
    "below": 231,
    "counted": 649,
    "abovePct": 64.40677966101694,
    "belowPct": 35.59322033898305
  }
}