{
  "t": 1763149749618,
  "sampleSize": 800,
  "sma50": {
    "above": 268,
    "below": 436,
    "counted": 704,
    "abovePct": 38.06818181818182,
    "belowPct": 61.93181818181818
  },
  "sma200": {
    "above": 376,
    "below": 266,
    "counted": 642,
    "abovePct": 58.56697819314641,
    "belowPct": 41.43302180685358
  }
}