{
  "t": 1767042272159,
  "sampleSize": 800,
  "sma50": {
    "above": 373,
    "below": 326,
    "counted": 699,
    "abovePct": 53.36194563662375,
    "belowPct": 46.638054363376256
  },
  "sma200": {
    "above": 388,
    "below": 258,
    "counted": 646,
    "abovePct": 60.06191950464397,
    "belowPct": 39.93808049535604
  }
}