{
  "t": 1770312068736,
  "sampleSize": 800,
  "sma50": {
    "above": 339,
    "below": 350,
    "counted": 689,
    "abovePct": 49.20174165457185,
    "belowPct": 50.79825834542816
  },
  "sma200": {
    "above": 382,
    "below": 268,
    "counted": 650,
    "abovePct": 58.769230769230774,
    "belowPct": 41.23076923076923
  }
}