{
  "t": 1773436203523,
  "sampleSize": 300,
  "sma50": {
    "above": 58,
    "below": 190,
    "counted": 248,
    "abovePct": 23.387096774193548,
    "belowPct": 76.61290322580645
  },
  "sma200": {
    "above": 97,
    "below": 141,
    "counted": 238,
    "abovePct": 40.7563025210084,
    "belowPct": 59.2436974789916
  }
}