{
  "t": 1767027211759,
  "sampleSize": 800,
  "sma50": {
    "above": 372,
    "below": 327,
    "counted": 699,
    "abovePct": 53.21888412017167,
    "belowPct": 46.78111587982833
  },
  "sma200": {
    "above": 391,
    "below": 255,
    "counted": 646,
    "abovePct": 60.526315789473685,
    "belowPct": 39.473684210526315
  }
}