{
  "t": 1765982301451,
  "sampleSize": 800,
  "sma50": {
    "above": 344,
    "below": 356,
    "counted": 700,
    "abovePct": 49.142857142857146,
    "belowPct": 50.857142857142854
  },
  "sma200": {
    "above": 394,
    "below": 250,
    "counted": 644,
    "abovePct": 61.18012422360248,
    "belowPct": 38.81987577639752
  }
}