{
  "t": 1765478820886,
  "sampleSize": 800,
  "sma50": {
    "above": 385,
    "below": 315,
    "counted": 700,
    "abovePct": 55.00000000000001,
    "belowPct": 45
  },
  "sma200": {
    "above": 417,
    "below": 227,
    "counted": 644,
    "abovePct": 64.75155279503106,
    "belowPct": 35.24844720496895
  }
}