{
  "t": 1778513938024,
  "sampleSize": 300,
  "sma50": {
    "above": 168,
    "below": 77,
    "counted": 245,
    "abovePct": 68.57142857142857,
    "belowPct": 31.428571428571427
  },
  "sma200": {
    "above": 141,
    "below": 101,
    "counted": 242,
    "abovePct": 58.26446280991735,
    "belowPct": 41.735537190082646
  }
}