{
  "t": 1772466436114,
  "sampleSize": 300,
  "sma50": {
    "above": 119,
    "below": 130,
    "counted": 249,
    "abovePct": 47.791164658634536,
    "belowPct": 52.208835341365464
  },
  "sma200": {
    "above": 141,
    "below": 98,
    "counted": 239,
    "abovePct": 58.995815899581594,
    "belowPct": 41.00418410041841
  }
}