{
  "t": 1781540265586,
  "sampleSize": 300,
  "sma50": {
    "above": 147,
    "below": 104,
    "counted": 251,
    "abovePct": 58.56573705179283,
    "belowPct": 41.43426294820717
  },
  "sma200": {
    "above": 122,
    "below": 89,
    "counted": 211,
    "abovePct": 57.81990521327014,
    "belowPct": 42.18009478672986
  }
}