{
  "t": 1773852600793,
  "sampleSize": 300,
  "sma50": {
    "above": 60,
    "below": 188,
    "counted": 248,
    "abovePct": 24.193548387096776,
    "belowPct": 75.80645161290323
  },
  "sma200": {
    "above": 97,
    "below": 141,
    "counted": 238,
    "abovePct": 40.7563025210084,
    "belowPct": 59.2436974789916
  }
}