{
  "t": 1764709479232,
  "sampleSize": 800,
  "sma50": {
    "above": 319,
    "below": 382,
    "counted": 701,
    "abovePct": 45.50641940085592,
    "belowPct": 54.493580599144074
  },
  "sma200": {
    "above": 379,
    "below": 265,
    "counted": 644,
    "abovePct": 58.850931677018636,
    "belowPct": 41.14906832298137
  }
}