{
  "t": 1778703022225,
  "sampleSize": 300,
  "sma50": {
    "above": 153,
    "below": 92,
    "counted": 245,
    "abovePct": 62.44897959183674,
    "belowPct": 37.55102040816327
  },
  "sma200": {
    "above": 136,
    "below": 106,
    "counted": 242,
    "abovePct": 56.19834710743802,
    "belowPct": 43.80165289256198
  }
}