{
  "t": 1776876568538,
  "sampleSize": 300,
  "sma50": {
    "above": 158,
    "below": 89,
    "counted": 247,
    "abovePct": 63.96761133603239,
    "belowPct": 36.032388663967616
  },
  "sma200": {
    "above": 137,
    "below": 104,
    "counted": 241,
    "abovePct": 56.84647302904564,
    "belowPct": 43.15352697095436
  }
}