{
  "t": 1768241413339,
  "sampleSize": 800,
  "sma50": {
    "above": 436,
    "below": 258,
    "counted": 694,
    "abovePct": 62.824207492795395,
    "belowPct": 37.17579250720461
  },
  "sma200": {
    "above": 408,
    "below": 239,
    "counted": 647,
    "abovePct": 63.06027820710973,
    "belowPct": 36.93972179289026
  }
}