{
  "t": 1769017904905,
  "sampleSize": 800,
  "sma50": {
    "above": 404,
    "below": 288,
    "counted": 692,
    "abovePct": 58.38150289017341,
    "belowPct": 41.61849710982659
  },
  "sma200": {
    "above": 401,
    "below": 245,
    "counted": 646,
    "abovePct": 62.07430340557275,
    "belowPct": 37.925696594427244
  }
}