{
  "t": 1765216187157,
  "sampleSize": 800,
  "sma50": {
    "above": 341,
    "below": 360,
    "counted": 701,
    "abovePct": 48.64479315263909,
    "belowPct": 51.35520684736091
  },
  "sma200": {
    "above": 404,
    "below": 244,
    "counted": 648,
    "abovePct": 62.34567901234568,
    "belowPct": 37.65432098765432
  }
}