{
  "t": 1773690565770,
  "sampleSize": 300,
  "sma50": {
    "above": 62,
    "below": 186,
    "counted": 248,
    "abovePct": 25,
    "belowPct": 75
  },
  "sma200": {
    "above": 104,
    "below": 134,
    "counted": 238,
    "abovePct": 43.69747899159664,
    "belowPct": 56.30252100840336
  }
}