{
  "t": 1768574298814,
  "sampleSize": 800,
  "sma50": {
    "above": 454,
    "below": 239,
    "counted": 693,
    "abovePct": 65.51226551226551,
    "belowPct": 34.48773448773449
  },
  "sma200": {
    "above": 415,
    "below": 230,
    "counted": 645,
    "abovePct": 64.34108527131784,
    "belowPct": 35.65891472868217
  }
}