{
  "t": 1765992415918,
  "sampleSize": 800,
  "sma50": {
    "above": 323,
    "below": 377,
    "counted": 700,
    "abovePct": 46.14285714285714,
    "belowPct": 53.85714285714286
  },
  "sma200": {
    "above": 395,
    "below": 249,
    "counted": 644,
    "abovePct": 61.33540372670807,
    "belowPct": 38.66459627329192
  }
}