{
  "t": 1764617088045,
  "sampleSize": 800,
  "sma50": {
    "above": 330,
    "below": 371,
    "counted": 701,
    "abovePct": 47.07560627674751,
    "belowPct": 52.92439372325249
  },
  "sma200": {
    "above": 389,
    "below": 255,
    "counted": 644,
    "abovePct": 60.40372670807454,
    "belowPct": 39.59627329192546
  }
}