{
  "t": 1782331768948,
  "sampleSize": 300,
  "sma50": {
    "above": 129,
    "below": 126,
    "counted": 255,
    "abovePct": 50.588235294117645,
    "belowPct": 49.411764705882355
  },
  "sma200": {
    "above": 121,
    "below": 90,
    "counted": 211,
    "abovePct": 57.345971563981045,
    "belowPct": 42.65402843601896
  }
}