{
  "t": 1779131230487,
  "sampleSize": 300,
  "sma50": {
    "above": 144,
    "below": 109,
    "counted": 253,
    "abovePct": 56.916996047430835,
    "belowPct": 43.08300395256917
  },
  "sma200": {
    "above": 131,
    "below": 111,
    "counted": 242,
    "abovePct": 54.132231404958674,
    "belowPct": 45.867768595041326
  }
}