{
  "t": 1774035856066,
  "sampleSize": 300,
  "sma50": {
    "above": 39,
    "below": 209,
    "counted": 248,
    "abovePct": 15.725806451612904,
    "belowPct": 84.2741935483871
  },
  "sma200": {
    "above": 79,
    "below": 159,
    "counted": 238,
    "abovePct": 33.193277310924366,
    "belowPct": 66.80672268907563
  }
}