{
  "t": 1779473310465,
  "sampleSize": 300,
  "sma50": {
    "above": 153,
    "below": 100,
    "counted": 253,
    "abovePct": 60.47430830039525,
    "belowPct": 39.52569169960474
  },
  "sma200": {
    "above": 137,
    "below": 105,
    "counted": 242,
    "abovePct": 56.611570247933884,
    "belowPct": 43.388429752066116
  }
}