{
  "t": 1775577544738,
  "sampleSize": 300,
  "sma50": {
    "above": 61,
    "below": 187,
    "counted": 248,
    "abovePct": 24.596774193548388,
    "belowPct": 75.40322580645162
  },
  "sma200": {
    "above": 86,
    "below": 152,
    "counted": 238,
    "abovePct": 36.134453781512605,
    "belowPct": 63.86554621848739
  }
}