{
  "t": 1768326873561,
  "sampleSize": 800,
  "sma50": {
    "above": 417,
    "below": 263,
    "counted": 680,
    "abovePct": 61.32352941176471,
    "belowPct": 38.6764705882353
  },
  "sma200": {
    "above": 396,
    "below": 237,
    "counted": 633,
    "abovePct": 62.55924170616114,
    "belowPct": 37.44075829383886
  }
}