{
  "t": 1765906101664,
  "sampleSize": 800,
  "sma50": {
    "above": 328,
    "below": 372,
    "counted": 700,
    "abovePct": 46.85714285714286,
    "belowPct": 53.142857142857146
  },
  "sma200": {
    "above": 393,
    "below": 251,
    "counted": 644,
    "abovePct": 61.024844720496894,
    "belowPct": 38.975155279503106
  }
}