{
  "t": 1782929539735,
  "sampleSize": 300,
  "sma50": {
    "above": 138,
    "below": 117,
    "counted": 255,
    "abovePct": 54.11764705882353,
    "belowPct": 45.88235294117647
  },
  "sma200": {
    "above": 123,
    "below": 89,
    "counted": 212,
    "abovePct": 58.01886792452831,
    "belowPct": 41.9811320754717
  }
}