{
  "t": 1769456331784,
  "sampleSize": 800,
  "sma50": {
    "above": 457,
    "below": 234,
    "counted": 691,
    "abovePct": 66.13603473227207,
    "belowPct": 33.86396526772793
  },
  "sma200": {
    "above": 417,
    "below": 230,
    "counted": 647,
    "abovePct": 64.45131375579598,
    "belowPct": 35.54868624420402
  }
}