{
  "t": 1769029762300,
  "sampleSize": 800,
  "sma50": {
    "above": 435,
    "below": 257,
    "counted": 692,
    "abovePct": 62.861271676300575,
    "belowPct": 37.138728323699425
  },
  "sma200": {
    "above": 413,
    "below": 233,
    "counted": 646,
    "abovePct": 63.93188854489165,
    "belowPct": 36.06811145510836
  }
}