{
  "t": 1762549435414,
  "sampleSize": 800,
  "sma50": {
    "above": 274,
    "below": 430,
    "counted": 704,
    "abovePct": 38.92045454545455,
    "belowPct": 61.07954545454546
  },
  "sma200": {
    "above": 391,
    "below": 251,
    "counted": 642,
    "abovePct": 60.90342679127726,
    "belowPct": 39.09657320872274
  }
}