{
  "t": 1766077896434,
  "sampleSize": 800,
  "sma50": {
    "above": 337,
    "below": 363,
    "counted": 700,
    "abovePct": 48.142857142857146,
    "belowPct": 51.857142857142854
  },
  "sma200": {
    "above": 394,
    "below": 253,
    "counted": 647,
    "abovePct": 60.89644513137558,
    "belowPct": 39.10355486862442
  }
}