{
  "t": 1773676279564,
  "sampleSize": 300,
  "sma50": {
    "above": 68,
    "below": 180,
    "counted": 248,
    "abovePct": 27.419354838709676,
    "belowPct": 72.58064516129032
  },
  "sma200": {
    "above": 108,
    "below": 130,
    "counted": 238,
    "abovePct": 45.378151260504204,
    "belowPct": 54.621848739495796
  }
}