{
  "t": 1767023469144,
  "sampleSize": 800,
  "sma50": {
    "above": 368,
    "below": 331,
    "counted": 699,
    "abovePct": 52.64663805436338,
    "belowPct": 47.35336194563662
  },
  "sma200": {
    "above": 389,
    "below": 257,
    "counted": 646,
    "abovePct": 60.216718266253864,
    "belowPct": 39.78328173374613
  }
}