{
  "t": 1762796928835,
  "sampleSize": 800,
  "sma50": {
    "above": 314,
    "below": 390,
    "counted": 704,
    "abovePct": 44.60227272727273,
    "belowPct": 55.39772727272727
  },
  "sma200": {
    "above": 395,
    "below": 247,
    "counted": 642,
    "abovePct": 61.52647975077882,
    "belowPct": 38.47352024922118
  }
}