{
  "t": 1769795128573,
  "sampleSize": 800,
  "sma50": {
    "above": 396,
    "below": 294,
    "counted": 690,
    "abovePct": 57.391304347826086,
    "belowPct": 42.608695652173914
  },
  "sma200": {
    "above": 402,
    "below": 248,
    "counted": 650,
    "abovePct": 61.846153846153854,
    "belowPct": 38.15384615384615
  }
}