{
  "t": 1766002035195,
  "sampleSize": 800,
  "sma50": {
    "above": 316,
    "below": 384,
    "counted": 700,
    "abovePct": 45.14285714285714,
    "belowPct": 54.85714285714286
  },
  "sma200": {
    "above": 392,
    "below": 252,
    "counted": 644,
    "abovePct": 60.86956521739131,
    "belowPct": 39.130434782608695
  }
}