{
  "t": 1764094154006,
  "sampleSize": 800,
  "sma50": {
    "above": 287,
    "below": 415,
    "counted": 702,
    "abovePct": 40.883190883190885,
    "belowPct": 59.11680911680912
  },
  "sma200": {
    "above": 369,
    "below": 271,
    "counted": 640,
    "abovePct": 57.65625,
    "belowPct": 42.34375
  }
}