{
  "t": 1762876190444,
  "sampleSize": 800,
  "sma50": {
    "above": 314,
    "below": 390,
    "counted": 704,
    "abovePct": 44.60227272727273,
    "belowPct": 55.39772727272727
  },
  "sma200": {
    "above": 393,
    "below": 249,
    "counted": 642,
    "abovePct": 61.21495327102804,
    "belowPct": 38.78504672897196
  }
}