{
  "t": 1763656923638,
  "sampleSize": 800,
  "sma50": {
    "above": 206,
    "below": 497,
    "counted": 703,
    "abovePct": 29.30298719772404,
    "belowPct": 70.69701280227596
  },
  "sma200": {
    "above": 348,
    "below": 293,
    "counted": 641,
    "abovePct": 54.29017160686428,
    "belowPct": 45.70982839313572
  }
}