{
  "t": 1776106395622,
  "sampleSize": 300,
  "sma50": {
    "above": 125,
    "below": 122,
    "counted": 247,
    "abovePct": 50.607287449392715,
    "belowPct": 49.392712550607285
  },
  "sma200": {
    "above": 109,
    "below": 130,
    "counted": 239,
    "abovePct": 45.60669456066946,
    "belowPct": 54.39330543933054
  }
}