{
  "t": 1766003121137,
  "sampleSize": 800,
  "sma50": {
    "above": 314,
    "below": 386,
    "counted": 700,
    "abovePct": 44.857142857142854,
    "belowPct": 55.14285714285714
  },
  "sma200": {
    "above": 390,
    "below": 254,
    "counted": 644,
    "abovePct": 60.55900621118012,
    "belowPct": 39.44099378881988
  }
}