{
  "t": 1764614853376,
  "sampleSize": 800,
  "sma50": {
    "above": 336,
    "below": 365,
    "counted": 701,
    "abovePct": 47.93152639087018,
    "belowPct": 52.06847360912982
  },
  "sma200": {
    "above": 387,
    "below": 257,
    "counted": 644,
    "abovePct": 60.09316770186336,
    "belowPct": 39.90683229813665
  }
}