{
  "t": 1769612108351,
  "sampleSize": 800,
  "sma50": {
    "above": 457,
    "below": 233,
    "counted": 690,
    "abovePct": 66.23188405797102,
    "belowPct": 33.768115942028984
  },
  "sma200": {
    "above": 426,
    "below": 224,
    "counted": 650,
    "abovePct": 65.53846153846153,
    "belowPct": 34.46153846153846
  }
}