{
  "t": 1767215075592,
  "sampleSize": 800,
  "sma50": {
    "above": 339,
    "below": 358,
    "counted": 697,
    "abovePct": 48.63701578192253,
    "belowPct": 51.36298421807748
  },
  "sma200": {
    "above": 376,
    "below": 268,
    "counted": 644,
    "abovePct": 58.38509316770186,
    "belowPct": 41.61490683229814
  }
}