{
  "t": 1767633901659,
  "sampleSize": 800,
  "sma50": {
    "above": 388,
    "below": 305,
    "counted": 693,
    "abovePct": 55.98845598845599,
    "belowPct": 44.01154401154401
  },
  "sma200": {
    "above": 387,
    "below": 257,
    "counted": 644,
    "abovePct": 60.09316770186336,
    "belowPct": 39.90683229813665
  }
}