{
  "t": 1769101907172,
  "sampleSize": 800,
  "sma50": {
    "above": 457,
    "below": 234,
    "counted": 691,
    "abovePct": 66.13603473227207,
    "belowPct": 33.86396526772793
  },
  "sma200": {
    "above": 433,
    "below": 212,
    "counted": 645,
    "abovePct": 67.13178294573643,
    "belowPct": 32.86821705426357
  }
}