{
  "t": 1771526911908,
  "sampleSize": 300,
  "sma50": {
    "above": 138,
    "below": 111,
    "counted": 249,
    "abovePct": 55.42168674698795,
    "belowPct": 44.57831325301205
  },
  "sma200": {
    "above": 148,
    "below": 91,
    "counted": 239,
    "abovePct": 61.92468619246861,
    "belowPct": 38.07531380753138
  }
}