{
  "t": 1765308864462,
  "sampleSize": 800,
  "sma50": {
    "above": 355,
    "below": 345,
    "counted": 700,
    "abovePct": 50.71428571428571,
    "belowPct": 49.28571428571429
  },
  "sma200": {
    "above": 405,
    "below": 242,
    "counted": 647,
    "abovePct": 62.59659969088099,
    "belowPct": 37.403400309119014
  }
}