{
  "t": 1765399927102,
  "sampleSize": 800,
  "sma50": {
    "above": 382,
    "below": 318,
    "counted": 700,
    "abovePct": 54.57142857142857,
    "belowPct": 45.42857142857143
  },
  "sma200": {
    "above": 422,
    "below": 225,
    "counted": 647,
    "abovePct": 65.2241112828439,
    "belowPct": 34.77588871715611
  }
}