{
  "t": 1782248873285,
  "sampleSize": 300,
  "sma50": {
    "above": 131,
    "below": 123,
    "counted": 254,
    "abovePct": 51.574803149606296,
    "belowPct": 48.4251968503937
  },
  "sma200": {
    "above": 115,
    "below": 96,
    "counted": 211,
    "abovePct": 54.502369668246445,
    "belowPct": 45.497630331753555
  }
}