{
  "t": 1764362203685,
  "sampleSize": 800,
  "sma50": {
    "above": 338,
    "below": 363,
    "counted": 701,
    "abovePct": 48.21683309557774,
    "belowPct": 51.78316690442225
  },
  "sma200": {
    "above": 392,
    "below": 251,
    "counted": 643,
    "abovePct": 60.9642301710731,
    "belowPct": 39.0357698289269
  }
}