{
  "t": 1770914991773,
  "sampleSize": 300,
  "sma50": {
    "above": 141,
    "below": 108,
    "counted": 249,
    "abovePct": 56.62650602409639,
    "belowPct": 43.373493975903614
  },
  "sma200": {
    "above": 146,
    "below": 91,
    "counted": 237,
    "abovePct": 61.60337552742617,
    "belowPct": 38.39662447257383
  }
}