{
  "t": 1770832216805,
  "sampleSize": 300,
  "sma50": {
    "above": 149,
    "below": 101,
    "counted": 250,
    "abovePct": 59.599999999999994,
    "belowPct": 40.400000000000006
  },
  "sma200": {
    "above": 150,
    "below": 88,
    "counted": 238,
    "abovePct": 63.02521008403361,
    "belowPct": 36.97478991596639
  }
}