{
  "t": 1762967230382,
  "sampleSize": 800,
  "sma50": {
    "above": 341,
    "below": 363,
    "counted": 704,
    "abovePct": 48.4375,
    "belowPct": 51.5625
  },
  "sma200": {
    "above": 399,
    "below": 243,
    "counted": 642,
    "abovePct": 62.149532710280376,
    "belowPct": 37.850467289719624
  }
}