{
  "t": 1762544059790,
  "sampleSize": 800,
  "sma50": {
    "above": 258,
    "below": 445,
    "counted": 703,
    "abovePct": 36.69985775248933,
    "belowPct": 63.30014224751067
  },
  "sma200": {
    "above": 384,
    "below": 257,
    "counted": 641,
    "abovePct": 59.90639625585024,
    "belowPct": 40.09360374414976
  }
}