{
  "t": 1781119384114,
  "sampleSize": 300,
  "sma50": {
    "above": 128,
    "below": 122,
    "counted": 250,
    "abovePct": 51.2,
    "belowPct": 48.8
  },
  "sma200": {
    "above": 113,
    "below": 98,
    "counted": 211,
    "abovePct": 53.55450236966824,
    "belowPct": 46.44549763033176
  }
}