{
  "t": 1764622131669,
  "sampleSize": 800,
  "sma50": {
    "above": 319,
    "below": 382,
    "counted": 701,
    "abovePct": 45.50641940085592,
    "belowPct": 54.493580599144074
  },
  "sma200": {
    "above": 384,
    "below": 260,
    "counted": 644,
    "abovePct": 59.62732919254658,
    "belowPct": 40.37267080745342
  }
}