{
  "t": 1768405180673,
  "sampleSize": 800,
  "sma50": {
    "above": 433,
    "below": 261,
    "counted": 694,
    "abovePct": 62.39193083573487,
    "belowPct": 37.60806916426513
  },
  "sma200": {
    "above": 407,
    "below": 240,
    "counted": 647,
    "abovePct": 62.90571870170015,
    "belowPct": 37.09428129829985
  }
}