{
  "t": 1765993904712,
  "sampleSize": 800,
  "sma50": {
    "above": 318,
    "below": 382,
    "counted": 700,
    "abovePct": 45.42857142857143,
    "belowPct": 54.57142857142857
  },
  "sma200": {
    "above": 394,
    "below": 250,
    "counted": 644,
    "abovePct": 61.18012422360248,
    "belowPct": 38.81987577639752
  }
}