{
  "t": 1780085903958,
  "sampleSize": 300,
  "sma50": {
    "above": 161,
    "below": 92,
    "counted": 253,
    "abovePct": 63.63636363636363,
    "belowPct": 36.36363636363637
  },
  "sma200": {
    "above": 140,
    "below": 102,
    "counted": 242,
    "abovePct": 57.85123966942148,
    "belowPct": 42.14876033057851
  }
}