{
  "t": 1780502507541,
  "sampleSize": 300,
  "sma50": {
    "above": 147,
    "below": 106,
    "counted": 253,
    "abovePct": 58.10276679841897,
    "belowPct": 41.89723320158103
  },
  "sma200": {
    "above": 132,
    "below": 110,
    "counted": 242,
    "abovePct": 54.54545454545454,
    "belowPct": 45.45454545454545
  }
}