{
  "t": 1767721926059,
  "sampleSize": 800,
  "sma50": {
    "above": 384,
    "below": 297,
    "counted": 681,
    "abovePct": 56.38766519823789,
    "belowPct": 43.61233480176212
  },
  "sma200": {
    "above": 379,
    "below": 254,
    "counted": 633,
    "abovePct": 59.87361769352291,
    "belowPct": 40.12638230647709
  }
}