{
  "t": 1781285183337,
  "sampleSize": 300,
  "sma50": {
    "above": 142,
    "below": 109,
    "counted": 251,
    "abovePct": 56.573705179282875,
    "belowPct": 43.42629482071713
  },
  "sma200": {
    "above": 121,
    "below": 90,
    "counted": 211,
    "abovePct": 57.345971563981045,
    "belowPct": 42.65402843601896
  }
}