{
  "t": 1765984059754,
  "sampleSize": 800,
  "sma50": {
    "above": 344,
    "below": 356,
    "counted": 700,
    "abovePct": 49.142857142857146,
    "belowPct": 50.857142857142854
  },
  "sma200": {
    "above": 399,
    "below": 245,
    "counted": 644,
    "abovePct": 61.95652173913043,
    "belowPct": 38.04347826086957
  }
}