{
  "t": 1772485852114,
  "sampleSize": 300,
  "sma50": {
    "above": 124,
    "below": 125,
    "counted": 249,
    "abovePct": 49.79919678714859,
    "belowPct": 50.20080321285141
  },
  "sma200": {
    "above": 139,
    "below": 100,
    "counted": 239,
    "abovePct": 58.15899581589959,
    "belowPct": 41.84100418410041
  }
}