{
  "t": 1770051221935,
  "sampleSize": 800,
  "sma50": {
    "above": 401,
    "below": 289,
    "counted": 690,
    "abovePct": 58.115942028985515,
    "belowPct": 41.88405797101449
  },
  "sma200": {
    "above": 409,
    "below": 241,
    "counted": 650,
    "abovePct": 62.92307692307693,
    "belowPct": 37.07692307692308
  }
}