{
  "t": 1771519724029,
  "sampleSize": 300,
  "sma50": {
    "above": 140,
    "below": 109,
    "counted": 249,
    "abovePct": 56.22489959839358,
    "belowPct": 43.77510040160642
  },
  "sma200": {
    "above": 150,
    "below": 89,
    "counted": 239,
    "abovePct": 62.76150627615063,
    "belowPct": 37.238493723849366
  }
}