{
  "t": 1765822189175,
  "sampleSize": 800,
  "sma50": {
    "above": 351,
    "below": 349,
    "counted": 700,
    "abovePct": 50.142857142857146,
    "belowPct": 49.857142857142854
  },
  "sma200": {
    "above": 389,
    "below": 254,
    "counted": 643,
    "abovePct": 60.49766718506998,
    "belowPct": 39.502332814930014
  }
}