{
  "t": 1765389047532,
  "sampleSize": 800,
  "sma50": {
    "above": 358,
    "below": 342,
    "counted": 700,
    "abovePct": 51.142857142857146,
    "belowPct": 48.857142857142854
  },
  "sma200": {
    "above": 409,
    "below": 238,
    "counted": 647,
    "abovePct": 63.214837712519326,
    "belowPct": 36.78516228748068
  }
}