{
  "t": 1764958080336,
  "sampleSize": 800,
  "sma50": {
    "above": 355,
    "below": 346,
    "counted": 701,
    "abovePct": 50.641940085592005,
    "belowPct": 49.35805991440799
  },
  "sma200": {
    "above": 409,
    "below": 239,
    "counted": 648,
    "abovePct": 63.117283950617285,
    "belowPct": 36.882716049382715
  }
}