{
  "t": 1763135340311,
  "sampleSize": 800,
  "sma50": {
    "above": 257,
    "below": 447,
    "counted": 704,
    "abovePct": 36.50568181818182,
    "belowPct": 63.49431818181818
  },
  "sma200": {
    "above": 372,
    "below": 270,
    "counted": 642,
    "abovePct": 57.943925233644855,
    "belowPct": 42.05607476635514
  }
}