{
  "t": 1781625956221,
  "sampleSize": 300,
  "sma50": {
    "above": 145,
    "below": 106,
    "counted": 251,
    "abovePct": 57.76892430278885,
    "belowPct": 42.23107569721115
  },
  "sma200": {
    "above": 123,
    "below": 88,
    "counted": 211,
    "abovePct": 58.29383886255924,
    "belowPct": 41.70616113744076
  }
}