{
  "t": 1772722074953,
  "sampleSize": 300,
  "sma50": {
    "above": 96,
    "below": 152,
    "counted": 248,
    "abovePct": 38.70967741935484,
    "belowPct": 61.29032258064516
  },
  "sma200": {
    "above": 132,
    "below": 106,
    "counted": 238,
    "abovePct": 55.46218487394958,
    "belowPct": 44.537815126050425
  }
}