{
  "t": 1765207503590,
  "sampleSize": 800,
  "sma50": {
    "above": 356,
    "below": 345,
    "counted": 701,
    "abovePct": 50.78459343794579,
    "belowPct": 49.21540656205421
  },
  "sma200": {
    "above": 404,
    "below": 244,
    "counted": 648,
    "abovePct": 62.34567901234568,
    "belowPct": 37.65432098765432
  }
}