{
  "t": 1767900259088,
  "sampleSize": 800,
  "sma50": {
    "above": 415,
    "below": 279,
    "counted": 694,
    "abovePct": 59.798270893371765,
    "belowPct": 40.20172910662824
  },
  "sma200": {
    "above": 405,
    "below": 241,
    "counted": 646,
    "abovePct": 62.693498452012385,
    "belowPct": 37.306501547987615
  }
}