{
  "t": 1769718386999,
  "sampleSize": 800,
  "sma50": {
    "above": 419,
    "below": 271,
    "counted": 690,
    "abovePct": 60.72463768115942,
    "belowPct": 39.27536231884058
  },
  "sma200": {
    "above": 412,
    "below": 238,
    "counted": 650,
    "abovePct": 63.38461538461539,
    "belowPct": 36.61538461538461
  }
}