{
  "t": 1766523887740,
  "sampleSize": 800,
  "sma50": {
    "above": 364,
    "below": 335,
    "counted": 699,
    "abovePct": 52.07439198855508,
    "belowPct": 47.92560801144492
  },
  "sma200": {
    "above": 392,
    "below": 254,
    "counted": 646,
    "abovePct": 60.681114551083596,
    "belowPct": 39.318885448916404
  }
}