{
  "t": 1764708630560,
  "sampleSize": 800,
  "sma50": {
    "above": 325,
    "below": 376,
    "counted": 701,
    "abovePct": 46.3623395149786,
    "belowPct": 53.6376604850214
  },
  "sma200": {
    "above": 381,
    "below": 263,
    "counted": 644,
    "abovePct": 59.161490683229815,
    "belowPct": 40.838509316770185
  }
}