{
  "t": 1767889553170,
  "sampleSize": 800,
  "sma50": {
    "above": 405,
    "below": 289,
    "counted": 694,
    "abovePct": 58.35734870317003,
    "belowPct": 41.64265129682997
  },
  "sma200": {
    "above": 397,
    "below": 249,
    "counted": 646,
    "abovePct": 61.45510835913313,
    "belowPct": 38.54489164086687
  }
}