{
  "t": 1763747326457,
  "sampleSize": 800,
  "sma50": {
    "above": 194,
    "below": 505,
    "counted": 699,
    "abovePct": 27.753934191702434,
    "belowPct": 72.24606580829757
  },
  "sma200": {
    "above": 344,
    "below": 294,
    "counted": 638,
    "abovePct": 53.91849529780565,
    "belowPct": 46.08150470219436
  }
}