{
  "t": 1763408063201,
  "sampleSize": 800,
  "sma50": {
    "above": 234,
    "below": 469,
    "counted": 703,
    "abovePct": 33.285917496443815,
    "belowPct": 66.71408250355618
  },
  "sma200": {
    "above": 363,
    "below": 278,
    "counted": 641,
    "abovePct": 56.63026521060842,
    "belowPct": 43.36973478939157
  }
}