{
  "t": 1763055464669,
  "sampleSize": 800,
  "sma50": {
    "above": 298,
    "below": 406,
    "counted": 704,
    "abovePct": 42.32954545454545,
    "belowPct": 57.67045454545454
  },
  "sma200": {
    "above": 385,
    "below": 257,
    "counted": 642,
    "abovePct": 59.96884735202492,
    "belowPct": 40.03115264797508
  }
}