{
  "t": 1762802562987,
  "sampleSize": 800,
  "sma50": {
    "above": 320,
    "below": 384,
    "counted": 704,
    "abovePct": 45.45454545454545,
    "belowPct": 54.54545454545454
  },
  "sma200": {
    "above": 395,
    "below": 247,
    "counted": 642,
    "abovePct": 61.52647975077882,
    "belowPct": 38.47352024922118
  }
}