{
  "t": 1764623063546,
  "sampleSize": 800,
  "sma50": {
    "above": 315,
    "below": 386,
    "counted": 701,
    "abovePct": 44.935805991440795,
    "belowPct": 55.0641940085592
  },
  "sma200": {
    "above": 385,
    "below": 259,
    "counted": 644,
    "abovePct": 59.78260869565217,
    "belowPct": 40.21739130434783
  }
}