{
  "t": 1782936685019,
  "sampleSize": 300,
  "sma50": {
    "above": 137,
    "below": 118,
    "counted": 255,
    "abovePct": 53.72549019607843,
    "belowPct": 46.27450980392157
  },
  "sma200": {
    "above": 122,
    "below": 90,
    "counted": 212,
    "abovePct": 57.54716981132076,
    "belowPct": 42.45283018867924
  }
}