{
  "t": 1769104650649,
  "sampleSize": 800,
  "sma50": {
    "above": 460,
    "below": 230,
    "counted": 690,
    "abovePct": 66.66666666666666,
    "belowPct": 33.33333333333333
  },
  "sma200": {
    "above": 429,
    "below": 215,
    "counted": 644,
    "abovePct": 66.61490683229813,
    "belowPct": 33.38509316770186
  }
}