{
  "t": 1767377349755,
  "sampleSize": 800,
  "sma50": {
    "above": 334,
    "below": 360,
    "counted": 694,
    "abovePct": 48.126801152737755,
    "belowPct": 51.873198847262245
  },
  "sma200": {
    "above": 370,
    "below": 274,
    "counted": 644,
    "abovePct": 57.453416149068325,
    "belowPct": 42.54658385093168
  }
}