{
  "t": 1769093657606,
  "sampleSize": 800,
  "sma50": {
    "above": 447,
    "below": 244,
    "counted": 691,
    "abovePct": 64.6888567293777,
    "belowPct": 35.31114327062229
  },
  "sma200": {
    "above": 422,
    "below": 223,
    "counted": 645,
    "abovePct": 65.42635658914729,
    "belowPct": 34.57364341085271
  }
}