{
  "t": 1762888970547,
  "sampleSize": 800,
  "sma50": {
    "above": 329,
    "below": 375,
    "counted": 704,
    "abovePct": 46.73295454545455,
    "belowPct": 53.26704545454546
  },
  "sma200": {
    "above": 398,
    "below": 244,
    "counted": 642,
    "abovePct": 61.99376947040498,
    "belowPct": 38.006230529595015
  }
}