{
  "t": 1770048735874,
  "sampleSize": 800,
  "sma50": {
    "above": 402,
    "below": 288,
    "counted": 690,
    "abovePct": 58.26086956521739,
    "belowPct": 41.73913043478261
  },
  "sma200": {
    "above": 408,
    "below": 242,
    "counted": 650,
    "abovePct": 62.76923076923077,
    "belowPct": 37.230769230769226
  }
}