{
  "t": 1767036870339,
  "sampleSize": 800,
  "sma50": {
    "above": 371,
    "below": 328,
    "counted": 699,
    "abovePct": 53.0758226037196,
    "belowPct": 46.924177396280406
  },
  "sma200": {
    "above": 389,
    "below": 257,
    "counted": 646,
    "abovePct": 60.216718266253864,
    "belowPct": 39.78328173374613
  }
}