{
  "t": 1769803942113,
  "sampleSize": 800,
  "sma50": {
    "above": 393,
    "below": 295,
    "counted": 688,
    "abovePct": 57.122093023255815,
    "belowPct": 42.877906976744185
  },
  "sma200": {
    "above": 410,
    "below": 238,
    "counted": 648,
    "abovePct": 63.27160493827161,
    "belowPct": 36.7283950617284
  }
}