{
  "t": 1765914542694,
  "sampleSize": 800,
  "sma50": {
    "above": 323,
    "below": 377,
    "counted": 700,
    "abovePct": 46.14285714285714,
    "belowPct": 53.85714285714286
  },
  "sma200": {
    "above": 391,
    "below": 253,
    "counted": 644,
    "abovePct": 60.71428571428571,
    "belowPct": 39.285714285714285
  }
}