{
  "t": 1769615287612,
  "sampleSize": 800,
  "sma50": {
    "above": 450,
    "below": 241,
    "counted": 691,
    "abovePct": 65.12301013024602,
    "belowPct": 34.87698986975398
  },
  "sma200": {
    "above": 421,
    "below": 229,
    "counted": 650,
    "abovePct": 64.76923076923077,
    "belowPct": 35.23076923076923
  }
}