{
  "t": 1778864731985,
  "sampleSize": 300,
  "sma50": {
    "above": 137,
    "below": 113,
    "counted": 250,
    "abovePct": 54.800000000000004,
    "belowPct": 45.2
  },
  "sma200": {
    "above": 131,
    "below": 111,
    "counted": 242,
    "abovePct": 54.132231404958674,
    "belowPct": 45.867768595041326
  }
}