{
  "t": 1764090467394,
  "sampleSize": 800,
  "sma50": {
    "above": 277,
    "below": 425,
    "counted": 702,
    "abovePct": 39.45868945868946,
    "belowPct": 60.541310541310544
  },
  "sma200": {
    "above": 372,
    "below": 268,
    "counted": 640,
    "abovePct": 58.12500000000001,
    "belowPct": 41.875
  }
}