{
  "t": 1771512490000,
  "sampleSize": 300,
  "sma50": {
    "above": 140,
    "below": 109,
    "counted": 249,
    "abovePct": 56.22489959839358,
    "belowPct": 43.77510040160642
  },
  "sma200": {
    "above": 147,
    "below": 92,
    "counted": 239,
    "abovePct": 61.50627615062761,
    "belowPct": 38.49372384937239
  }
}