{
  "t": 1769016425427,
  "sampleSize": 800,
  "sma50": {
    "above": 405,
    "below": 287,
    "counted": 692,
    "abovePct": 58.52601156069365,
    "belowPct": 41.47398843930636
  },
  "sma200": {
    "above": 400,
    "below": 246,
    "counted": 646,
    "abovePct": 61.91950464396285,
    "belowPct": 38.080495356037154
  }
}