{
  "t": 1767731965626,
  "sampleSize": 800,
  "sma50": {
    "above": 401,
    "below": 292,
    "counted": 693,
    "abovePct": 57.86435786435786,
    "belowPct": 42.13564213564214
  },
  "sma200": {
    "above": 389,
    "below": 256,
    "counted": 645,
    "abovePct": 60.310077519379846,
    "belowPct": 39.689922480620154
  }
}