{
  "t": 1765475026775,
  "sampleSize": 800,
  "sma50": {
    "above": 383,
    "below": 317,
    "counted": 700,
    "abovePct": 54.714285714285715,
    "belowPct": 45.285714285714285
  },
  "sma200": {
    "above": 418,
    "below": 226,
    "counted": 644,
    "abovePct": 64.90683229813664,
    "belowPct": 35.09316770186335
  }
}