{
  "t": 1770324349732,
  "sampleSize": 800,
  "sma50": {
    "above": 323,
    "below": 366,
    "counted": 689,
    "abovePct": 46.879535558780844,
    "belowPct": 53.12046444121916
  },
  "sma200": {
    "above": 383,
    "below": 267,
    "counted": 650,
    "abovePct": 58.92307692307692,
    "belowPct": 41.07692307692308
  }
}