{
  "t": 1768506664494,
  "sampleSize": 800,
  "sma50": {
    "above": 454,
    "below": 239,
    "counted": 693,
    "abovePct": 65.51226551226551,
    "belowPct": 34.48773448773449
  },
  "sma200": {
    "above": 419,
    "below": 227,
    "counted": 646,
    "abovePct": 64.86068111455108,
    "belowPct": 35.139318885448915
  }
}