{
  "t": 1781127707687,
  "sampleSize": 300,
  "sma50": {
    "above": 125,
    "below": 125,
    "counted": 250,
    "abovePct": 50,
    "belowPct": 50
  },
  "sma200": {
    "above": 113,
    "below": 98,
    "counted": 211,
    "abovePct": 53.55450236966824,
    "belowPct": 46.44549763033176
  }
}