{
  "t": 1767372079588,
  "sampleSize": 800,
  "sma50": {
    "above": 344,
    "below": 351,
    "counted": 695,
    "abovePct": 49.49640287769784,
    "belowPct": 50.50359712230216
  },
  "sma200": {
    "above": 372,
    "below": 273,
    "counted": 645,
    "abovePct": 57.674418604651166,
    "belowPct": 42.32558139534884
  }
}