{
  "t": 1773251291076,
  "sampleSize": 300,
  "sma50": {
    "above": 62,
    "below": 186,
    "counted": 248,
    "abovePct": 25,
    "belowPct": 75
  },
  "sma200": {
    "above": 116,
    "below": 122,
    "counted": 238,
    "abovePct": 48.739495798319325,
    "belowPct": 51.26050420168067
  }
}