{
  "t": 1764786369520,
  "sampleSize": 800,
  "sma50": {
    "above": 336,
    "below": 365,
    "counted": 701,
    "abovePct": 47.93152639087018,
    "belowPct": 52.06847360912982
  },
  "sma200": {
    "above": 394,
    "below": 252,
    "counted": 646,
    "abovePct": 60.99071207430341,
    "belowPct": 39.0092879256966
  }
}