{
  "t": 1775681251135,
  "sampleSize": 300,
  "sma50": {
    "above": 106,
    "below": 141,
    "counted": 247,
    "abovePct": 42.91497975708502,
    "belowPct": 57.08502024291497
  },
  "sma200": {
    "above": 106,
    "below": 131,
    "counted": 237,
    "abovePct": 44.72573839662447,
    "belowPct": 55.27426160337553
  }
}