{
  "t": 1767364595479,
  "sampleSize": 800,
  "sma50": {
    "above": 338,
    "below": 357,
    "counted": 695,
    "abovePct": 48.63309352517985,
    "belowPct": 51.36690647482014
  },
  "sma200": {
    "above": 377,
    "below": 266,
    "counted": 643,
    "abovePct": 58.63141524105754,
    "belowPct": 41.368584758942454
  }
}