{
  "t": 1772135222213,
  "sampleSize": 300,
  "sma50": {
    "above": 142,
    "below": 107,
    "counted": 249,
    "abovePct": 57.028112449799195,
    "belowPct": 42.971887550200805
  },
  "sma200": {
    "above": 153,
    "below": 86,
    "counted": 239,
    "abovePct": 64.01673640167364,
    "belowPct": 35.98326359832636
  }
}