{
  "t": 1767024474364,
  "sampleSize": 800,
  "sma50": {
    "above": 372,
    "below": 327,
    "counted": 699,
    "abovePct": 53.21888412017167,
    "belowPct": 46.78111587982833
  },
  "sma200": {
    "above": 392,
    "below": 254,
    "counted": 646,
    "abovePct": 60.681114551083596,
    "belowPct": 39.318885448916404
  }
}