{
  "t": 1767036243039,
  "sampleSize": 800,
  "sma50": {
    "above": 366,
    "below": 333,
    "counted": 699,
    "abovePct": 52.36051502145923,
    "belowPct": 47.63948497854077
  },
  "sma200": {
    "above": 388,
    "below": 258,
    "counted": 646,
    "abovePct": 60.06191950464397,
    "belowPct": 39.93808049535604
  }
}