{
  "t": 1775073005212,
  "sampleSize": 300,
  "sma50": {
    "above": 53,
    "below": 195,
    "counted": 248,
    "abovePct": 21.370967741935484,
    "belowPct": 78.62903225806451
  },
  "sma200": {
    "above": 90,
    "below": 148,
    "counted": 238,
    "abovePct": 37.81512605042017,
    "belowPct": 62.18487394957983
  }
}