{
  "t": 1776286069960,
  "sampleSize": 300,
  "sma50": {
    "above": 150,
    "below": 97,
    "counted": 247,
    "abovePct": 60.72874493927125,
    "belowPct": 39.27125506072874
  },
  "sma200": {
    "above": 124,
    "below": 115,
    "counted": 239,
    "abovePct": 51.88284518828452,
    "belowPct": 48.11715481171548
  }
}