{
  "t": 1769438441401,
  "sampleSize": 800,
  "sma50": {
    "above": 457,
    "below": 234,
    "counted": 691,
    "abovePct": 66.13603473227207,
    "belowPct": 33.86396526772793
  },
  "sma200": {
    "above": 418,
    "below": 229,
    "counted": 647,
    "abovePct": 64.60587326120556,
    "belowPct": 35.394126738794434
  }
}