{
  "t": 1764182445273,
  "sampleSize": 800,
  "sma50": {
    "above": 332,
    "below": 370,
    "counted": 702,
    "abovePct": 47.293447293447294,
    "belowPct": 52.70655270655271
  },
  "sma200": {
    "above": 385,
    "below": 258,
    "counted": 643,
    "abovePct": 59.87558320373251,
    "belowPct": 40.1244167962675
  }
}