{
  "t": 1772221420689,
  "sampleSize": 300,
  "sma50": {
    "above": 122,
    "below": 127,
    "counted": 249,
    "abovePct": 48.99598393574297,
    "belowPct": 51.00401606425703
  },
  "sma200": {
    "above": 145,
    "below": 94,
    "counted": 239,
    "abovePct": 60.66945606694561,
    "belowPct": 39.33054393305439
  }
}