{
  "t": 1767206657526,
  "sampleSize": 800,
  "sma50": {
    "above": 353,
    "below": 344,
    "counted": 697,
    "abovePct": 50.64562410329986,
    "belowPct": 49.35437589670014
  },
  "sma200": {
    "above": 380,
    "below": 264,
    "counted": 644,
    "abovePct": 59.006211180124225,
    "belowPct": 40.993788819875775
  }
}