{
  "t": 1763394643534,
  "sampleSize": 800,
  "sma50": {
    "above": 253,
    "below": 450,
    "counted": 703,
    "abovePct": 35.98862019914652,
    "belowPct": 64.01137980085349
  },
  "sma200": {
    "above": 374,
    "below": 267,
    "counted": 641,
    "abovePct": 58.34633385335414,
    "belowPct": 41.65366614664587
  }
}