{
  "t": 1762879964470,
  "sampleSize": 800,
  "sma50": {
    "above": 319,
    "below": 385,
    "counted": 704,
    "abovePct": 45.3125,
    "belowPct": 54.6875
  },
  "sma200": {
    "above": 397,
    "below": 245,
    "counted": 642,
    "abovePct": 61.838006230529594,
    "belowPct": 38.161993769470406
  }
}