{
  "t": 1768922863833,
  "sampleSize": 800,
  "sma50": {
    "above": 427,
    "below": 266,
    "counted": 693,
    "abovePct": 61.61616161616161,
    "belowPct": 38.38383838383838
  },
  "sma200": {
    "above": 400,
    "below": 247,
    "counted": 647,
    "abovePct": 61.82380216383307,
    "belowPct": 38.17619783616693
  }
}