{
  "t": 1764862779665,
  "sampleSize": 800,
  "sma50": {
    "above": 345,
    "below": 356,
    "counted": 701,
    "abovePct": 49.21540656205421,
    "belowPct": 50.78459343794579
  },
  "sma200": {
    "above": 401,
    "below": 247,
    "counted": 648,
    "abovePct": 61.882716049382715,
    "belowPct": 38.117283950617285
  }
}