{
  "t": 1776787016304,
  "sampleSize": 300,
  "sma50": {
    "above": 160,
    "below": 87,
    "counted": 247,
    "abovePct": 64.77732793522267,
    "belowPct": 35.22267206477733
  },
  "sma200": {
    "above": 138,
    "below": 103,
    "counted": 241,
    "abovePct": 57.26141078838174,
    "belowPct": 42.738589211618255
  }
}