{
  "t": 1764778131746,
  "sampleSize": 800,
  "sma50": {
    "above": 325,
    "below": 376,
    "counted": 701,
    "abovePct": 46.3623395149786,
    "belowPct": 53.6376604850214
  },
  "sma200": {
    "above": 389,
    "below": 257,
    "counted": 646,
    "abovePct": 60.216718266253864,
    "belowPct": 39.78328173374613
  }
}