{
  "t": 1766762673660,
  "sampleSize": 800,
  "sma50": {
    "above": 377,
    "below": 322,
    "counted": 699,
    "abovePct": 53.934191702432045,
    "belowPct": 46.065808297567955
  },
  "sma200": {
    "above": 395,
    "below": 251,
    "counted": 646,
    "abovePct": 61.145510835913306,
    "belowPct": 38.85448916408669
  }
}