{
  "t": 1764008762155,
  "sampleSize": 800,
  "sma50": {
    "above": 231,
    "below": 471,
    "counted": 702,
    "abovePct": 32.9059829059829,
    "belowPct": 67.09401709401709
  },
  "sma200": {
    "above": 362,
    "below": 278,
    "counted": 640,
    "abovePct": 56.56250000000001,
    "belowPct": 43.4375
  }
}