{
  "t": 1767105410297,
  "sampleSize": 800,
  "sma50": {
    "above": 374,
    "below": 324,
    "counted": 698,
    "abovePct": 53.581661891117484,
    "belowPct": 46.41833810888252
  },
  "sma200": {
    "above": 390,
    "below": 255,
    "counted": 645,
    "abovePct": 60.46511627906976,
    "belowPct": 39.53488372093023
  }
}