{
  "t": 1769787048140,
  "sampleSize": 800,
  "sma50": {
    "above": 404,
    "below": 286,
    "counted": 690,
    "abovePct": 58.550724637681164,
    "belowPct": 41.449275362318836
  },
  "sma200": {
    "above": 407,
    "below": 243,
    "counted": 650,
    "abovePct": 62.61538461538462,
    "belowPct": 37.38461538461538
  }
}