{
  "t": 1767211605272,
  "sampleSize": 800,
  "sma50": {
    "above": 341,
    "below": 356,
    "counted": 697,
    "abovePct": 48.92395982783357,
    "belowPct": 51.07604017216643
  },
  "sma200": {
    "above": 372,
    "below": 272,
    "counted": 644,
    "abovePct": 57.7639751552795,
    "belowPct": 42.2360248447205
  }
}