{
  "t": 1781032636929,
  "sampleSize": 300,
  "sma50": {
    "above": 135,
    "below": 114,
    "counted": 249,
    "abovePct": 54.21686746987952,
    "belowPct": 45.78313253012048
  },
  "sma200": {
    "above": 117,
    "below": 93,
    "counted": 210,
    "abovePct": 55.714285714285715,
    "belowPct": 44.285714285714285
  }
}