{
  "t": 1764607412534,
  "sampleSize": 800,
  "sma50": {
    "above": 326,
    "below": 375,
    "counted": 701,
    "abovePct": 46.50499286733238,
    "belowPct": 53.49500713266762
  },
  "sma200": {
    "above": 388,
    "below": 256,
    "counted": 644,
    "abovePct": 60.24844720496895,
    "belowPct": 39.75155279503105
  }
}