{
  "t": 1765206448583,
  "sampleSize": 800,
  "sma50": {
    "above": 357,
    "below": 344,
    "counted": 701,
    "abovePct": 50.92724679029958,
    "belowPct": 49.07275320970042
  },
  "sma200": {
    "above": 410,
    "below": 238,
    "counted": 648,
    "abovePct": 63.27160493827161,
    "belowPct": 36.7283950617284
  }
}