{
  "t": 1763739279236,
  "sampleSize": 800,
  "sma50": {
    "above": 165,
    "below": 538,
    "counted": 703,
    "abovePct": 23.470839260312946,
    "belowPct": 76.52916073968706
  },
  "sma200": {
    "above": 337,
    "below": 304,
    "counted": 641,
    "abovePct": 52.574102964118566,
    "belowPct": 47.425897035881434
  }
}