{
  "t": 1766172866958,
  "sampleSize": 800,
  "sma50": {
    "above": 351,
    "below": 349,
    "counted": 700,
    "abovePct": 50.142857142857146,
    "belowPct": 49.857142857142854
  },
  "sma200": {
    "above": 392,
    "below": 255,
    "counted": 647,
    "abovePct": 60.58732612055642,
    "belowPct": 39.41267387944359
  }
}