{
  "t": 1774468044444,
  "sampleSize": 300,
  "sma50": {
    "above": 54,
    "below": 194,
    "counted": 248,
    "abovePct": 21.774193548387096,
    "belowPct": 78.2258064516129
  },
  "sma200": {
    "above": 92,
    "below": 146,
    "counted": 238,
    "abovePct": 38.655462184873954,
    "belowPct": 61.34453781512605
  }
}