{
  "t": 1780946308737,
  "sampleSize": 300,
  "sma50": {
    "above": 134,
    "below": 120,
    "counted": 254,
    "abovePct": 52.75590551181102,
    "belowPct": 47.24409448818898
  },
  "sma200": {
    "above": 128,
    "below": 114,
    "counted": 242,
    "abovePct": 52.892561983471076,
    "belowPct": 47.107438016528924
  }
}