{
  "t": 1763393116669,
  "sampleSize": 800,
  "sma50": {
    "above": 260,
    "below": 443,
    "counted": 703,
    "abovePct": 36.98435277382646,
    "belowPct": 63.01564722617354
  },
  "sma200": {
    "above": 373,
    "below": 268,
    "counted": 641,
    "abovePct": 58.19032761310452,
    "belowPct": 41.80967238689547
  }
}