{
  "t": 1764173234959,
  "sampleSize": 800,
  "sma50": {
    "above": 329,
    "below": 373,
    "counted": 702,
    "abovePct": 46.86609686609687,
    "belowPct": 53.13390313390314
  },
  "sma200": {
    "above": 381,
    "below": 262,
    "counted": 643,
    "abovePct": 59.25349922239502,
    "belowPct": 40.74650077760498
  }
}