{
  "t": 1774630129711,
  "sampleSize": 300,
  "sma50": {
    "above": 46,
    "below": 202,
    "counted": 248,
    "abovePct": 18.548387096774192,
    "belowPct": 81.45161290322581
  },
  "sma200": {
    "above": 82,
    "below": 156,
    "counted": 238,
    "abovePct": 34.45378151260504,
    "belowPct": 65.54621848739495
  }
}