{
  "t": 1766169860281,
  "sampleSize": 800,
  "sma50": {
    "above": 351,
    "below": 349,
    "counted": 700,
    "abovePct": 50.142857142857146,
    "belowPct": 49.857142857142854
  },
  "sma200": {
    "above": 394,
    "below": 253,
    "counted": 647,
    "abovePct": 60.89644513137558,
    "belowPct": 39.10355486862442
  }
}