{
  "t": 1775065694991,
  "sampleSize": 300,
  "sma50": {
    "above": 57,
    "below": 191,
    "counted": 248,
    "abovePct": 22.983870967741936,
    "belowPct": 77.01612903225806
  },
  "sma200": {
    "above": 93,
    "below": 145,
    "counted": 238,
    "abovePct": 39.075630252100844,
    "belowPct": 60.924369747899156
  }
}