{
  "t": 1765985112933,
  "sampleSize": 800,
  "sma50": {
    "above": 345,
    "below": 355,
    "counted": 700,
    "abovePct": 49.28571428571429,
    "belowPct": 50.71428571428571
  },
  "sma200": {
    "above": 401,
    "below": 243,
    "counted": 644,
    "abovePct": 62.267080745341616,
    "belowPct": 37.732919254658384
  }
}