{
  "t": 1766761606916,
  "sampleSize": 800,
  "sma50": {
    "above": 379,
    "below": 320,
    "counted": 699,
    "abovePct": 54.220314735336196,
    "belowPct": 45.779685264663804
  },
  "sma200": {
    "above": 396,
    "below": 250,
    "counted": 646,
    "abovePct": 61.30030959752322,
    "belowPct": 38.69969040247678
  }
}