{
  "t": 1764866654803,
  "sampleSize": 800,
  "sma50": {
    "above": 349,
    "below": 352,
    "counted": 701,
    "abovePct": 49.78601997146933,
    "belowPct": 50.21398002853067
  },
  "sma200": {
    "above": 400,
    "below": 248,
    "counted": 648,
    "abovePct": 61.72839506172839,
    "belowPct": 38.2716049382716
  }
}