{
  "t": 1766783050213,
  "sampleSize": 800,
  "sma50": {
    "above": 385,
    "below": 314,
    "counted": 699,
    "abovePct": 55.07868383404863,
    "belowPct": 44.92131616595136
  },
  "sma200": {
    "above": 397,
    "below": 249,
    "counted": 646,
    "abovePct": 61.45510835913313,
    "belowPct": 38.54489164086687
  }
}