{
  "t": 1775573783662,
  "sampleSize": 300,
  "sma50": {
    "above": 60,
    "below": 187,
    "counted": 247,
    "abovePct": 24.291497975708502,
    "belowPct": 75.7085020242915
  },
  "sma200": {
    "above": 85,
    "below": 152,
    "counted": 237,
    "abovePct": 35.86497890295359,
    "belowPct": 64.13502109704642
  }
}