{
  "t": 1765487111517,
  "sampleSize": 800,
  "sma50": {
    "above": 396,
    "below": 304,
    "counted": 700,
    "abovePct": 56.57142857142857,
    "belowPct": 43.42857142857143
  },
  "sma200": {
    "above": 421,
    "below": 223,
    "counted": 644,
    "abovePct": 65.37267080745342,
    "belowPct": 34.62732919254658
  }
}