{
  "t": 1769803019469,
  "sampleSize": 800,
  "sma50": {
    "above": 395,
    "below": 290,
    "counted": 685,
    "abovePct": 57.66423357664233,
    "belowPct": 42.33576642335766
  },
  "sma200": {
    "above": 408,
    "below": 238,
    "counted": 646,
    "abovePct": 63.1578947368421,
    "belowPct": 36.84210526315789
  }
}