{
  "t": 1767733494941,
  "sampleSize": 800,
  "sma50": {
    "above": 404,
    "below": 290,
    "counted": 694,
    "abovePct": 58.21325648414985,
    "belowPct": 41.78674351585015
  },
  "sma200": {
    "above": 390,
    "below": 256,
    "counted": 646,
    "abovePct": 60.371517027863774,
    "belowPct": 39.628482972136226
  }
}