{
  "t": 1776189197875,
  "sampleSize": 300,
  "sma50": {
    "above": 136,
    "below": 111,
    "counted": 247,
    "abovePct": 55.06072874493927,
    "belowPct": 44.93927125506073
  },
  "sma200": {
    "above": 114,
    "below": 125,
    "counted": 239,
    "abovePct": 47.69874476987448,
    "belowPct": 52.30125523012552
  }
}