{
  "t": 1780435950411,
  "sampleSize": 300,
  "sma50": {
    "above": 156,
    "below": 97,
    "counted": 253,
    "abovePct": 61.6600790513834,
    "belowPct": 38.3399209486166
  },
  "sma200": {
    "above": 136,
    "below": 106,
    "counted": 242,
    "abovePct": 56.19834710743802,
    "belowPct": 43.80165289256198
  }
}