{
  "t": 1770652156307,
  "sampleSize": 800,
  "sma50": {
    "above": 386,
    "below": 303,
    "counted": 689,
    "abovePct": 56.02322206095791,
    "belowPct": 43.97677793904209
  },
  "sma200": {
    "above": 394,
    "below": 256,
    "counted": 650,
    "abovePct": 60.61538461538461,
    "belowPct": 39.38461538461539
  }
}