{
  "t": 1767805768021,
  "sampleSize": 800,
  "sma50": {
    "above": 408,
    "below": 286,
    "counted": 694,
    "abovePct": 58.789625360230545,
    "belowPct": 41.210374639769455
  },
  "sma200": {
    "above": 391,
    "below": 255,
    "counted": 646,
    "abovePct": 60.526315789473685,
    "belowPct": 39.473684210526315
  }
}