{
  "t": 1777052895091,
  "sampleSize": 300,
  "sma50": {
    "above": 157,
    "below": 90,
    "counted": 247,
    "abovePct": 63.56275303643725,
    "belowPct": 36.43724696356275
  },
  "sma200": {
    "above": 139,
    "below": 102,
    "counted": 241,
    "abovePct": 57.676348547717836,
    "belowPct": 42.32365145228216
  }
}