{
  "t": 1770054398971,
  "sampleSize": 800,
  "sma50": {
    "above": 407,
    "below": 283,
    "counted": 690,
    "abovePct": 58.98550724637681,
    "belowPct": 41.01449275362319
  },
  "sma200": {
    "above": 408,
    "below": 242,
    "counted": 650,
    "abovePct": 62.76923076923077,
    "belowPct": 37.230769230769226
  }
}