{
  "t": 1764012159988,
  "sampleSize": 800,
  "sma50": {
    "above": 232,
    "below": 470,
    "counted": 702,
    "abovePct": 33.04843304843305,
    "belowPct": 66.95156695156696
  },
  "sma200": {
    "above": 361,
    "below": 279,
    "counted": 640,
    "abovePct": 56.40625,
    "belowPct": 43.59375
  }
}