{
  "t": 1765305764360,
  "sampleSize": 800,
  "sma50": {
    "above": 353,
    "below": 347,
    "counted": 700,
    "abovePct": 50.42857142857143,
    "belowPct": 49.57142857142857
  },
  "sma200": {
    "above": 404,
    "below": 243,
    "counted": 647,
    "abovePct": 62.442040185471406,
    "belowPct": 37.557959814528594
  }
}