{
  "t": 1769442192382,
  "sampleSize": 800,
  "sma50": {
    "above": 456,
    "below": 235,
    "counted": 691,
    "abovePct": 65.99131693198264,
    "belowPct": 34.00868306801736
  },
  "sma200": {
    "above": 418,
    "below": 229,
    "counted": 647,
    "abovePct": 64.60587326120556,
    "belowPct": 35.394126738794434
  }
}