{
  "t": 1768499978372,
  "sampleSize": 800,
  "sma50": {
    "above": 457,
    "below": 236,
    "counted": 693,
    "abovePct": 65.94516594516594,
    "belowPct": 34.05483405483405
  },
  "sma200": {
    "above": 419,
    "below": 227,
    "counted": 646,
    "abovePct": 64.86068111455108,
    "belowPct": 35.139318885448915
  }
}