{
  "t": 1773337682887,
  "sampleSize": 300,
  "sma50": {
    "above": 62,
    "below": 186,
    "counted": 248,
    "abovePct": 25,
    "belowPct": 75
  },
  "sma200": {
    "above": 109,
    "below": 129,
    "counted": 238,
    "abovePct": 45.79831932773109,
    "belowPct": 54.20168067226891
  }
}