{
  "t": 1770225661080,
  "sampleSize": 800,
  "sma50": {
    "above": 361,
    "below": 327,
    "counted": 688,
    "abovePct": 52.470930232558146,
    "belowPct": 47.52906976744186
  },
  "sma200": {
    "above": 390,
    "below": 259,
    "counted": 649,
    "abovePct": 60.0924499229584,
    "belowPct": 39.907550077041606
  }
}