{
  "t": 1771948197279,
  "sampleSize": 300,
  "sma50": {
    "above": 133,
    "below": 116,
    "counted": 249,
    "abovePct": 53.41365461847389,
    "belowPct": 46.58634538152611
  },
  "sma200": {
    "above": 144,
    "below": 95,
    "counted": 239,
    "abovePct": 60.25104602510461,
    "belowPct": 39.74895397489539
  }
}