{
  "t": 1764877735888,
  "sampleSize": 800,
  "sma50": {
    "above": 354,
    "below": 347,
    "counted": 701,
    "abovePct": 50.499286733238236,
    "belowPct": 49.50071326676177
  },
  "sma200": {
    "above": 408,
    "below": 240,
    "counted": 648,
    "abovePct": 62.96296296296296,
    "belowPct": 37.03703703703704
  }
}