{
  "t": 1778086978523,
  "sampleSize": 300,
  "sma50": {
    "above": 180,
    "below": 65,
    "counted": 245,
    "abovePct": 73.46938775510205,
    "belowPct": 26.53061224489796
  },
  "sma200": {
    "above": 144,
    "below": 97,
    "counted": 241,
    "abovePct": 59.75103734439834,
    "belowPct": 40.24896265560166
  }
}