{
  "t": 1770047183474,
  "sampleSize": 800,
  "sma50": {
    "above": 400,
    "below": 290,
    "counted": 690,
    "abovePct": 57.971014492753625,
    "belowPct": 42.028985507246375
  },
  "sma200": {
    "above": 407,
    "below": 243,
    "counted": 650,
    "abovePct": 62.61538461538462,
    "belowPct": 37.38461538461538
  }
}