{
  "t": 1765385033179,
  "sampleSize": 800,
  "sma50": {
    "above": 359,
    "below": 341,
    "counted": 700,
    "abovePct": 51.28571428571429,
    "belowPct": 48.714285714285715
  },
  "sma200": {
    "above": 408,
    "below": 239,
    "counted": 647,
    "abovePct": 63.06027820710973,
    "belowPct": 36.93972179289026
  }
}