{
  "t": 1766084795112,
  "sampleSize": 800,
  "sma50": {
    "above": 330,
    "below": 370,
    "counted": 700,
    "abovePct": 47.14285714285714,
    "belowPct": 52.85714285714286
  },
  "sma200": {
    "above": 396,
    "below": 251,
    "counted": 647,
    "abovePct": 61.205564142194746,
    "belowPct": 38.794435857805254
  }
}