{
  "t": 1775490465909,
  "sampleSize": 300,
  "sma50": {
    "above": 58,
    "below": 190,
    "counted": 248,
    "abovePct": 23.387096774193548,
    "belowPct": 76.61290322580645
  },
  "sma200": {
    "above": 91,
    "below": 147,
    "counted": 238,
    "abovePct": 38.23529411764706,
    "belowPct": 61.76470588235294
  }
}