{
  "t": 1767894339255,
  "sampleSize": 800,
  "sma50": {
    "above": 413,
    "below": 281,
    "counted": 694,
    "abovePct": 59.51008645533141,
    "belowPct": 40.48991354466859
  },
  "sma200": {
    "above": 403,
    "below": 243,
    "counted": 646,
    "abovePct": 62.38390092879257,
    "belowPct": 37.61609907120743
  }
}