{
  "t": 1766173731098,
  "sampleSize": 800,
  "sma50": {
    "above": 353,
    "below": 347,
    "counted": 700,
    "abovePct": 50.42857142857143,
    "belowPct": 49.57142857142857
  },
  "sma200": {
    "above": 393,
    "below": 254,
    "counted": 647,
    "abovePct": 60.741885625966,
    "belowPct": 39.258114374034
  }
}