{
  "t": 1782846505467,
  "sampleSize": 300,
  "sma50": {
    "above": 139,
    "below": 116,
    "counted": 255,
    "abovePct": 54.509803921568626,
    "belowPct": 45.490196078431374
  },
  "sma200": {
    "above": 125,
    "below": 87,
    "counted": 212,
    "abovePct": 58.9622641509434,
    "belowPct": 41.0377358490566
  }
}