{
  "t": 1770825029241,
  "sampleSize": 300,
  "sma50": {
    "above": 146,
    "below": 104,
    "counted": 250,
    "abovePct": 58.4,
    "belowPct": 41.6
  },
  "sma200": {
    "above": 151,
    "below": 87,
    "counted": 238,
    "abovePct": 63.4453781512605,
    "belowPct": 36.554621848739494
  }
}