{
  "t": 1765555637825,
  "sampleSize": 800,
  "sma50": {
    "above": 368,
    "below": 332,
    "counted": 700,
    "abovePct": 52.57142857142857,
    "belowPct": 47.42857142857143
  },
  "sma200": {
    "above": 412,
    "below": 232,
    "counted": 644,
    "abovePct": 63.975155279503106,
    "belowPct": 36.024844720496894
  }
}