{
  "t": 1769611299770,
  "sampleSize": 800,
  "sma50": {
    "above": 459,
    "below": 231,
    "counted": 690,
    "abovePct": 66.52173913043478,
    "belowPct": 33.47826086956522
  },
  "sma200": {
    "above": 424,
    "below": 226,
    "counted": 650,
    "abovePct": 65.23076923076923,
    "belowPct": 34.76923076923077
  }
}