{
  "t": 1767797467343,
  "sampleSize": 800,
  "sma50": {
    "above": 415,
    "below": 279,
    "counted": 694,
    "abovePct": 59.798270893371765,
    "belowPct": 40.20172910662824
  },
  "sma200": {
    "above": 393,
    "below": 253,
    "counted": 646,
    "abovePct": 60.8359133126935,
    "belowPct": 39.1640866873065
  }
}