{
  "t": 1767818419327,
  "sampleSize": 800,
  "sma50": {
    "above": 403,
    "below": 291,
    "counted": 694,
    "abovePct": 58.06916426512968,
    "belowPct": 41.930835734870314
  },
  "sma200": {
    "above": 388,
    "below": 258,
    "counted": 646,
    "abovePct": 60.06191950464397,
    "belowPct": 39.93808049535604
  }
}