{
  "t": 1767891566582,
  "sampleSize": 800,
  "sma50": {
    "above": 409,
    "below": 285,
    "counted": 694,
    "abovePct": 58.933717579250725,
    "belowPct": 41.066282420749275
  },
  "sma200": {
    "above": 399,
    "below": 247,
    "counted": 646,
    "abovePct": 61.76470588235294,
    "belowPct": 38.23529411764706
  }
}