{
  "t": 1771616634352,
  "sampleSize": 300,
  "sma50": {
    "above": 142,
    "below": 107,
    "counted": 249,
    "abovePct": 57.028112449799195,
    "belowPct": 42.971887550200805
  },
  "sma200": {
    "above": 144,
    "below": 95,
    "counted": 239,
    "abovePct": 60.25104602510461,
    "belowPct": 39.74895397489539
  }
}