{
  "t": 1771944511307,
  "sampleSize": 300,
  "sma50": {
    "above": 133,
    "below": 116,
    "counted": 249,
    "abovePct": 53.41365461847389,
    "belowPct": 46.58634538152611
  },
  "sma200": {
    "above": 145,
    "below": 94,
    "counted": 239,
    "abovePct": 60.66945606694561,
    "belowPct": 39.33054393305439
  }
}