{
  "t": 1776365536283,
  "sampleSize": 300,
  "sma50": {
    "above": 150,
    "below": 97,
    "counted": 247,
    "abovePct": 60.72874493927125,
    "belowPct": 39.27125506072874
  },
  "sma200": {
    "above": 129,
    "below": 111,
    "counted": 240,
    "abovePct": 53.75,
    "belowPct": 46.25
  }
}