{
  "t": 1776801180243,
  "sampleSize": 300,
  "sma50": {
    "above": 156,
    "below": 91,
    "counted": 247,
    "abovePct": 63.1578947368421,
    "belowPct": 36.84210526315789
  },
  "sma200": {
    "above": 132,
    "below": 109,
    "counted": 241,
    "abovePct": 54.77178423236515,
    "belowPct": 45.22821576763486
  }
}