{
  "t": 1765311883746,
  "sampleSize": 800,
  "sma50": {
    "above": 351,
    "below": 349,
    "counted": 700,
    "abovePct": 50.142857142857146,
    "belowPct": 49.857142857142854
  },
  "sma200": {
    "above": 404,
    "below": 243,
    "counted": 647,
    "abovePct": 62.442040185471406,
    "belowPct": 37.557959814528594
  }
}