{
  "t": 1764091477791,
  "sampleSize": 800,
  "sma50": {
    "above": 280,
    "below": 421,
    "counted": 701,
    "abovePct": 39.942938659058484,
    "belowPct": 60.05706134094151
  },
  "sma200": {
    "above": 370,
    "below": 269,
    "counted": 639,
    "abovePct": 57.90297339593115,
    "belowPct": 42.09702660406886
  }
}