{
  "t": 1767645596169,
  "sampleSize": 800,
  "sma50": {
    "above": 388,
    "below": 306,
    "counted": 694,
    "abovePct": 55.907780979827095,
    "belowPct": 44.09221902017291
  },
  "sma200": {
    "above": 384,
    "below": 261,
    "counted": 645,
    "abovePct": 59.53488372093023,
    "belowPct": 40.46511627906977
  }
}