{
  "t": 1770752402800,
  "sampleSize": 800,
  "sma50": {
    "above": 404,
    "below": 283,
    "counted": 687,
    "abovePct": 58.806404657933044,
    "belowPct": 41.193595342066956
  },
  "sma200": {
    "above": 405,
    "below": 244,
    "counted": 649,
    "abovePct": 62.40369799691834,
    "belowPct": 37.59630200308167
  }
}