{
  "t": 1765899566106,
  "sampleSize": 800,
  "sma50": {
    "above": 328,
    "below": 372,
    "counted": 700,
    "abovePct": 46.85714285714286,
    "belowPct": 53.142857142857146
  },
  "sma200": {
    "above": 391,
    "below": 253,
    "counted": 644,
    "abovePct": 60.71428571428571,
    "belowPct": 39.285714285714285
  }
}