{
  "t": 1769789791998,
  "sampleSize": 800,
  "sma50": {
    "above": 398,
    "below": 292,
    "counted": 690,
    "abovePct": 57.68115942028985,
    "belowPct": 42.31884057971014
  },
  "sma200": {
    "above": 405,
    "below": 245,
    "counted": 650,
    "abovePct": 62.30769230769231,
    "belowPct": 37.69230769230769
  }
}