{
  "t": 1772477291106,
  "sampleSize": 300,
  "sma50": {
    "above": 122,
    "below": 127,
    "counted": 249,
    "abovePct": 48.99598393574297,
    "belowPct": 51.00401606425703
  },
  "sma200": {
    "above": 142,
    "below": 97,
    "counted": 239,
    "abovePct": 59.41422594142259,
    "belowPct": 40.58577405857741
  }
}