{
  "t": 1768929092014,
  "sampleSize": 800,
  "sma50": {
    "above": 424,
    "below": 269,
    "counted": 693,
    "abovePct": 61.18326118326118,
    "belowPct": 38.81673881673882
  },
  "sma200": {
    "above": 403,
    "below": 244,
    "counted": 647,
    "abovePct": 62.287480680061826,
    "belowPct": 37.712519319938174
  }
}