{
  "t": 1776440982467,
  "sampleSize": 300,
  "sma50": {
    "above": 177,
    "below": 70,
    "counted": 247,
    "abovePct": 71.65991902834008,
    "belowPct": 28.34008097165992
  },
  "sma200": {
    "above": 139,
    "below": 102,
    "counted": 241,
    "abovePct": 57.676348547717836,
    "belowPct": 42.32365145228216
  }
}