{
  "t": 1767799529451,
  "sampleSize": 800,
  "sma50": {
    "above": 402,
    "below": 292,
    "counted": 694,
    "abovePct": 57.925072046109506,
    "belowPct": 42.07492795389049
  },
  "sma200": {
    "above": 387,
    "below": 259,
    "counted": 646,
    "abovePct": 59.907120743034056,
    "belowPct": 40.092879256965944
  }
}