{
  "t": 1764863481507,
  "sampleSize": 800,
  "sma50": {
    "above": 343,
    "below": 358,
    "counted": 701,
    "abovePct": 48.93009985734665,
    "belowPct": 51.06990014265336
  },
  "sma200": {
    "above": 402,
    "below": 246,
    "counted": 648,
    "abovePct": 62.03703703703704,
    "belowPct": 37.96296296296296
  }
}