{
  "t": 1763735710331,
  "sampleSize": 800,
  "sma50": {
    "above": 161,
    "below": 537,
    "counted": 698,
    "abovePct": 23.065902578796564,
    "belowPct": 76.93409742120345
  },
  "sma200": {
    "above": 327,
    "below": 309,
    "counted": 636,
    "abovePct": 51.41509433962265,
    "belowPct": 48.58490566037736
  }
}