{
  "t": 1768315169624,
  "sampleSize": 800,
  "sma50": {
    "above": 439,
    "below": 253,
    "counted": 692,
    "abovePct": 63.4393063583815,
    "belowPct": 36.5606936416185
  },
  "sma200": {
    "above": 412,
    "below": 233,
    "counted": 645,
    "abovePct": 63.87596899224807,
    "belowPct": 36.12403100775194
  }
}