{
  "t": 1781813915690,
  "sampleSize": 300,
  "sma50": {
    "above": 139,
    "below": 114,
    "counted": 253,
    "abovePct": 54.9407114624506,
    "belowPct": 45.059288537549406
  },
  "sma200": {
    "above": 117,
    "below": 94,
    "counted": 211,
    "abovePct": 55.45023696682464,
    "belowPct": 44.54976303317535
  }
}