{
  "t": 1768584426488,
  "sampleSize": 800,
  "sma50": {
    "above": 451,
    "below": 242,
    "counted": 693,
    "abovePct": 65.07936507936508,
    "belowPct": 34.92063492063492
  },
  "sma200": {
    "above": 416,
    "below": 229,
    "counted": 645,
    "abovePct": 64.49612403100775,
    "belowPct": 35.50387596899225
  }
}