{
  "t": 1765554625511,
  "sampleSize": 800,
  "sma50": {
    "above": 384,
    "below": 316,
    "counted": 700,
    "abovePct": 54.85714285714286,
    "belowPct": 45.14285714285714
  },
  "sma200": {
    "above": 414,
    "below": 230,
    "counted": 644,
    "abovePct": 64.28571428571429,
    "belowPct": 35.714285714285715
  }
}