{
  "t": 1782401373025,
  "sampleSize": 300,
  "sma50": {
    "above": 134,
    "below": 121,
    "counted": 255,
    "abovePct": 52.54901960784314,
    "belowPct": 47.45098039215686
  },
  "sma200": {
    "above": 117,
    "below": 95,
    "counted": 212,
    "abovePct": 55.188679245283026,
    "belowPct": 44.81132075471698
  }
}