{
  "t": 1763571259495,
  "sampleSize": 800,
  "sma50": {
    "above": 202,
    "below": 501,
    "counted": 703,
    "abovePct": 28.733997155049785,
    "belowPct": 71.26600284495022
  },
  "sma200": {
    "above": 354,
    "below": 287,
    "counted": 641,
    "abovePct": 55.22620904836193,
    "belowPct": 44.77379095163806
  }
}