{
  "t": 1770396463761,
  "sampleSize": 800,
  "sma50": {
    "above": 371,
    "below": 318,
    "counted": 689,
    "abovePct": 53.84615384615385,
    "belowPct": 46.15384615384615
  },
  "sma200": {
    "above": 396,
    "below": 253,
    "counted": 649,
    "abovePct": 61.016949152542374,
    "belowPct": 38.983050847457626
  }
}