{
  "t": 1766070452066,
  "sampleSize": 800,
  "sma50": {
    "above": 327,
    "below": 373,
    "counted": 700,
    "abovePct": 46.714285714285715,
    "belowPct": 53.28571428571428
  },
  "sma200": {
    "above": 397,
    "below": 250,
    "counted": 647,
    "abovePct": 61.360123647604325,
    "belowPct": 38.639876352395675
  }
}