{
  "t": 1766088418499,
  "sampleSize": 800,
  "sma50": {
    "above": 322,
    "below": 378,
    "counted": 700,
    "abovePct": 46,
    "belowPct": 54
  },
  "sma200": {
    "above": 394,
    "below": 253,
    "counted": 647,
    "abovePct": 60.89644513137558,
    "belowPct": 39.10355486862442
  }
}