{
  "t": 1766178276269,
  "sampleSize": 800,
  "sma50": {
    "above": 347,
    "below": 353,
    "counted": 700,
    "abovePct": 49.57142857142857,
    "belowPct": 50.42857142857143
  },
  "sma200": {
    "above": 392,
    "below": 255,
    "counted": 647,
    "abovePct": 60.58732612055642,
    "belowPct": 39.41267387944359
  }
}