{
  "t": 1767812849552,
  "sampleSize": 800,
  "sma50": {
    "above": 405,
    "below": 289,
    "counted": 694,
    "abovePct": 58.35734870317003,
    "belowPct": 41.64265129682997
  },
  "sma200": {
    "above": 389,
    "below": 257,
    "counted": 646,
    "abovePct": 60.216718266253864,
    "belowPct": 39.78328173374613
  }
}