{
  "t": 1764875210453,
  "sampleSize": 800,
  "sma50": {
    "above": 358,
    "below": 343,
    "counted": 701,
    "abovePct": 51.06990014265336,
    "belowPct": 48.93009985734665
  },
  "sma200": {
    "above": 407,
    "below": 241,
    "counted": 648,
    "abovePct": 62.808641975308646,
    "belowPct": 37.191358024691354
  }
}