{
  "t": 1763066997642,
  "sampleSize": 800,
  "sma50": {
    "above": 280,
    "below": 423,
    "counted": 703,
    "abovePct": 39.82930298719772,
    "belowPct": 60.17069701280228
  },
  "sma200": {
    "above": 379,
    "below": 262,
    "counted": 641,
    "abovePct": 59.12636505460218,
    "belowPct": 40.87363494539781
  }
}