{
  "t": 1765219544389,
  "sampleSize": 800,
  "sma50": {
    "above": 341,
    "below": 360,
    "counted": 701,
    "abovePct": 48.64479315263909,
    "belowPct": 51.35520684736091
  },
  "sma200": {
    "above": 401,
    "below": 247,
    "counted": 648,
    "abovePct": 61.882716049382715,
    "belowPct": 38.117283950617285
  }
}