{
  "t": 1782839544895,
  "sampleSize": 300,
  "sma50": {
    "above": 140,
    "below": 115,
    "counted": 255,
    "abovePct": 54.90196078431373,
    "belowPct": 45.09803921568628
  },
  "sma200": {
    "above": 124,
    "below": 88,
    "counted": 212,
    "abovePct": 58.490566037735846,
    "belowPct": 41.509433962264154
  }
}