{
  "t": 1764962645107,
  "sampleSize": 800,
  "sma50": {
    "above": 351,
    "below": 350,
    "counted": 701,
    "abovePct": 50.07132667617689,
    "belowPct": 49.928673323823105
  },
  "sma200": {
    "above": 410,
    "below": 238,
    "counted": 648,
    "abovePct": 63.27160493827161,
    "belowPct": 36.7283950617284
  }
}