{
  "t": 1771606031720,
  "sampleSize": 300,
  "sma50": {
    "above": 138,
    "below": 111,
    "counted": 249,
    "abovePct": 55.42168674698795,
    "belowPct": 44.57831325301205
  },
  "sma200": {
    "above": 144,
    "below": 95,
    "counted": 239,
    "abovePct": 60.25104602510461,
    "belowPct": 39.74895397489539
  }
}