{
  "t": 1766759750085,
  "sampleSize": 800,
  "sma50": {
    "above": 383,
    "below": 316,
    "counted": 699,
    "abovePct": 54.7925608011445,
    "belowPct": 45.20743919885551
  },
  "sma200": {
    "above": 395,
    "below": 251,
    "counted": 646,
    "abovePct": 61.145510835913306,
    "belowPct": 38.85448916408669
  }
}