{
  "t": 1782411392134,
  "sampleSize": 300,
  "sma50": {
    "above": 130,
    "below": 125,
    "counted": 255,
    "abovePct": 50.98039215686274,
    "belowPct": 49.01960784313725
  },
  "sma200": {
    "above": 118,
    "below": 94,
    "counted": 212,
    "abovePct": 55.660377358490564,
    "belowPct": 44.339622641509436
  }
}