{
  "t": 1769179900820,
  "sampleSize": 800,
  "sma50": {
    "above": 450,
    "below": 241,
    "counted": 691,
    "abovePct": 65.12301013024602,
    "belowPct": 34.87698986975398
  },
  "sma200": {
    "above": 426,
    "below": 221,
    "counted": 647,
    "abovePct": 65.84234930448223,
    "belowPct": 34.15765069551777
  }
}