{
  "t": 1770911349220,
  "sampleSize": 300,
  "sma50": {
    "above": 147,
    "below": 102,
    "counted": 249,
    "abovePct": 59.036144578313255,
    "belowPct": 40.963855421686745
  },
  "sma200": {
    "above": 149,
    "below": 88,
    "counted": 237,
    "abovePct": 62.869198312236286,
    "belowPct": 37.130801687763714
  }
}