{
  "t": 1777489094872,
  "sampleSize": 300,
  "sma50": {
    "above": 146,
    "below": 100,
    "counted": 246,
    "abovePct": 59.34959349593496,
    "belowPct": 40.65040650406504
  },
  "sma200": {
    "above": 127,
    "below": 114,
    "counted": 241,
    "abovePct": 52.69709543568465,
    "belowPct": 47.30290456431535
  }
}