{
  "t": 1763064456485,
  "sampleSize": 800,
  "sma50": {
    "above": 280,
    "below": 424,
    "counted": 704,
    "abovePct": 39.77272727272727,
    "belowPct": 60.22727272727273
  },
  "sma200": {
    "above": 379,
    "below": 263,
    "counted": 642,
    "abovePct": 59.034267912772584,
    "belowPct": 40.965732087227416
  }
}