{
  "t": 1762961952008,
  "sampleSize": 800,
  "sma50": {
    "above": 339,
    "below": 365,
    "counted": 704,
    "abovePct": 48.153409090909086,
    "belowPct": 51.84659090909091
  },
  "sma200": {
    "above": 399,
    "below": 243,
    "counted": 642,
    "abovePct": 62.149532710280376,
    "belowPct": 37.850467289719624
  }
}