{
  "t": 1772572242938,
  "sampleSize": 300,
  "sma50": {
    "above": 95,
    "below": 154,
    "counted": 249,
    "abovePct": 38.152610441767074,
    "belowPct": 61.84738955823293
  },
  "sma200": {
    "above": 134,
    "below": 105,
    "counted": 239,
    "abovePct": 56.06694560669456,
    "belowPct": 43.93305439330544
  }
}