{
  "t": 1781291741519,
  "sampleSize": 300,
  "sma50": {
    "above": 142,
    "below": 109,
    "counted": 251,
    "abovePct": 56.573705179282875,
    "belowPct": 43.42629482071713
  },
  "sma200": {
    "above": 120,
    "below": 91,
    "counted": 211,
    "abovePct": 56.872037914691944,
    "belowPct": 43.127962085308056
  }
}