{
  "t": 1769186727702,
  "sampleSize": 800,
  "sma50": {
    "above": 452,
    "below": 239,
    "counted": 691,
    "abovePct": 65.41244573082489,
    "belowPct": 34.58755426917511
  },
  "sma200": {
    "above": 429,
    "below": 218,
    "counted": 647,
    "abovePct": 66.30602782071098,
    "belowPct": 33.69397217928903
  }
}