{
  "t": 1766598536913,
  "sampleSize": 800,
  "sma50": {
    "above": 383,
    "below": 316,
    "counted": 699,
    "abovePct": 54.7925608011445,
    "belowPct": 45.20743919885551
  },
  "sma200": {
    "above": 403,
    "below": 243,
    "counted": 646,
    "abovePct": 62.38390092879257,
    "belowPct": 37.61609907120743
  }
}