{
  "t": 1770045526413,
  "sampleSize": 800,
  "sma50": {
    "above": 397,
    "below": 293,
    "counted": 690,
    "abovePct": 57.536231884057976,
    "belowPct": 42.46376811594203
  },
  "sma200": {
    "above": 406,
    "below": 244,
    "counted": 650,
    "abovePct": 62.46153846153846,
    "belowPct": 37.53846153846154
  }
}