{
  "t": 1778861587084,
  "sampleSize": 300,
  "sma50": {
    "above": 140,
    "below": 108,
    "counted": 248,
    "abovePct": 56.451612903225815,
    "belowPct": 43.54838709677419
  },
  "sma200": {
    "above": 128,
    "below": 114,
    "counted": 242,
    "abovePct": 52.892561983471076,
    "belowPct": 47.107438016528924
  }
}