{
  "t": 1779124888620,
  "sampleSize": 300,
  "sma50": {
    "above": 146,
    "below": 107,
    "counted": 253,
    "abovePct": 57.70750988142292,
    "belowPct": 42.29249011857708
  },
  "sma200": {
    "above": 132,
    "below": 110,
    "counted": 242,
    "abovePct": 54.54545454545454,
    "belowPct": 45.45454545454545
  }
}