{
  "t": 1767900975418,
  "sampleSize": 800,
  "sma50": {
    "above": 414,
    "below": 280,
    "counted": 694,
    "abovePct": 59.654178674351584,
    "belowPct": 40.345821325648416
  },
  "sma200": {
    "above": 403,
    "below": 243,
    "counted": 646,
    "abovePct": 62.38390092879257,
    "belowPct": 37.61609907120743
  }
}