{
  "t": 1773348377260,
  "sampleSize": 300,
  "sma50": {
    "above": 58,
    "below": 190,
    "counted": 248,
    "abovePct": 23.387096774193548,
    "belowPct": 76.61290322580645
  },
  "sma200": {
    "above": 104,
    "below": 134,
    "counted": 238,
    "abovePct": 43.69747899159664,
    "belowPct": 56.30252100840336
  }
}