{
  "t": 1770146485921,
  "sampleSize": 800,
  "sma50": {
    "above": 368,
    "below": 321,
    "counted": 689,
    "abovePct": 53.41074020319303,
    "belowPct": 46.589259796806964
  },
  "sma200": {
    "above": 392,
    "below": 257,
    "counted": 649,
    "abovePct": 60.40061633281972,
    "belowPct": 39.59938366718028
  }
}