{
  "t": 1778782137657,
  "sampleSize": 300,
  "sma50": {
    "above": 159,
    "below": 86,
    "counted": 245,
    "abovePct": 64.89795918367346,
    "belowPct": 35.10204081632653
  },
  "sma200": {
    "above": 143,
    "below": 99,
    "counted": 242,
    "abovePct": 59.09090909090909,
    "belowPct": 40.909090909090914
  }
}