{
  "t": 1767365312535,
  "sampleSize": 800,
  "sma50": {
    "above": 334,
    "below": 361,
    "counted": 695,
    "abovePct": 48.05755395683453,
    "belowPct": 51.94244604316547
  },
  "sma200": {
    "above": 375,
    "below": 270,
    "counted": 645,
    "abovePct": 58.139534883720934,
    "belowPct": 41.86046511627907
  }
}