{
  "t": 1777325032946,
  "sampleSize": 300,
  "sma50": {
    "above": 149,
    "below": 98,
    "counted": 247,
    "abovePct": 60.32388663967612,
    "belowPct": 39.67611336032389
  },
  "sma200": {
    "above": 136,
    "below": 106,
    "counted": 242,
    "abovePct": 56.19834710743802,
    "belowPct": 43.80165289256198
  }
}