{
  "t": 1765918247691,
  "sampleSize": 800,
  "sma50": {
    "above": 331,
    "below": 369,
    "counted": 700,
    "abovePct": 47.285714285714285,
    "belowPct": 52.714285714285715
  },
  "sma200": {
    "above": 393,
    "below": 251,
    "counted": 644,
    "abovePct": 61.024844720496894,
    "belowPct": 38.975155279503106
  }
}