{
  "t": 1764169568693,
  "sampleSize": 800,
  "sma50": {
    "above": 320,
    "below": 382,
    "counted": 702,
    "abovePct": 45.58404558404558,
    "belowPct": 54.41595441595442
  },
  "sma200": {
    "above": 379,
    "below": 264,
    "counted": 643,
    "abovePct": 58.94245723172629,
    "belowPct": 41.05754276827372
  }
}