{
  "t": 1766083555643,
  "sampleSize": 800,
  "sma50": {
    "above": 334,
    "below": 366,
    "counted": 700,
    "abovePct": 47.714285714285715,
    "belowPct": 52.28571428571429
  },
  "sma200": {
    "above": 399,
    "below": 248,
    "counted": 647,
    "abovePct": 61.66924265842349,
    "belowPct": 38.33075734157651
  }
}