{
  "t": 1779810430801,
  "sampleSize": 300,
  "sma50": {
    "above": 156,
    "below": 97,
    "counted": 253,
    "abovePct": 61.6600790513834,
    "belowPct": 38.3399209486166
  },
  "sma200": {
    "above": 142,
    "below": 100,
    "counted": 242,
    "abovePct": 58.67768595041323,
    "belowPct": 41.32231404958678
  }
}