{
  "t": 1773067740282,
  "sampleSize": 300,
  "sma50": {
    "above": 50,
    "below": 198,
    "counted": 248,
    "abovePct": 20.161290322580644,
    "belowPct": 79.83870967741935
  },
  "sma200": {
    "above": 113,
    "below": 125,
    "counted": 238,
    "abovePct": 47.47899159663865,
    "belowPct": 52.52100840336135
  }
}