{
  "t": 1762807838341,
  "sampleSize": 800,
  "sma50": {
    "above": 322,
    "below": 382,
    "counted": 704,
    "abovePct": 45.73863636363637,
    "belowPct": 54.26136363636363
  },
  "sma200": {
    "above": 392,
    "below": 250,
    "counted": 642,
    "abovePct": 61.059190031152646,
    "belowPct": 38.940809968847354
  }
}