{
  "t": 1772570687475,
  "sampleSize": 300,
  "sma50": {
    "above": 98,
    "below": 150,
    "counted": 248,
    "abovePct": 39.516129032258064,
    "belowPct": 60.483870967741936
  },
  "sma200": {
    "above": 134,
    "below": 104,
    "counted": 238,
    "abovePct": 56.30252100840336,
    "belowPct": 43.69747899159664
  }
}