{
  "t": 1765829249175,
  "sampleSize": 800,
  "sma50": {
    "above": 357,
    "below": 343,
    "counted": 700,
    "abovePct": 51,
    "belowPct": 49
  },
  "sma200": {
    "above": 395,
    "below": 248,
    "counted": 643,
    "abovePct": 61.4307931570762,
    "belowPct": 38.56920684292379
  }
}