{
  "t": 1772831296768,
  "sampleSize": 300,
  "sma50": {
    "above": 67,
    "below": 181,
    "counted": 248,
    "abovePct": 27.016129032258064,
    "belowPct": 72.98387096774194
  },
  "sma200": {
    "above": 127,
    "below": 111,
    "counted": 238,
    "abovePct": 53.36134453781513,
    "belowPct": 46.63865546218487
  }
}