{
  "t": 1767714683623,
  "sampleSize": 800,
  "sma50": {
    "above": 396,
    "below": 298,
    "counted": 694,
    "abovePct": 57.06051873198847,
    "belowPct": 42.93948126801153
  },
  "sma200": {
    "above": 382,
    "below": 264,
    "counted": 646,
    "abovePct": 59.133126934984524,
    "belowPct": 40.86687306501548
  }
}