{
  "t": 1771620311547,
  "sampleSize": 300,
  "sma50": {
    "above": 142,
    "below": 107,
    "counted": 249,
    "abovePct": 57.028112449799195,
    "belowPct": 42.971887550200805
  },
  "sma200": {
    "above": 146,
    "below": 93,
    "counted": 239,
    "abovePct": 61.08786610878661,
    "belowPct": 38.912133891213394
  }
}