{
  "t": 1781904387959,
  "sampleSize": 300,
  "sma50": {
    "above": 145,
    "below": 108,
    "counted": 253,
    "abovePct": 57.31225296442688,
    "belowPct": 42.68774703557312
  },
  "sma200": {
    "above": 121,
    "below": 90,
    "counted": 211,
    "abovePct": 57.345971563981045,
    "belowPct": 42.65402843601896
  }
}