{
  "t": 1763650027911,
  "sampleSize": 800,
  "sma50": {
    "above": 217,
    "below": 486,
    "counted": 703,
    "abovePct": 30.867709815078236,
    "belowPct": 69.13229018492176
  },
  "sma200": {
    "above": 363,
    "below": 278,
    "counted": 641,
    "abovePct": 56.63026521060842,
    "belowPct": 43.36973478939157
  }
}