{
  "t": 1768338308628,
  "sampleSize": 800,
  "sma50": {
    "above": 421,
    "below": 270,
    "counted": 691,
    "abovePct": 60.92619392185239,
    "belowPct": 39.07380607814761
  },
  "sma200": {
    "above": 405,
    "below": 240,
    "counted": 645,
    "abovePct": 62.7906976744186,
    "belowPct": 37.2093023255814
  }
}