{
  "t": 1768578682952,
  "sampleSize": 800,
  "sma50": {
    "above": 436,
    "below": 248,
    "counted": 684,
    "abovePct": 63.74269005847953,
    "belowPct": 36.25730994152047
  },
  "sma200": {
    "above": 409,
    "below": 227,
    "counted": 636,
    "abovePct": 64.30817610062893,
    "belowPct": 35.691823899371066
  }
}