{
  "t": 1763664247327,
  "sampleSize": 800,
  "sma50": {
    "above": 178,
    "below": 525,
    "counted": 703,
    "abovePct": 25.320056899004268,
    "belowPct": 74.67994310099573
  },
  "sma200": {
    "above": 330,
    "below": 311,
    "counted": 641,
    "abovePct": 51.482059282371296,
    "belowPct": 48.517940717628704
  }
}