{
  "t": 1772650104980,
  "sampleSize": 300,
  "sma50": {
    "above": 106,
    "below": 138,
    "counted": 244,
    "abovePct": 43.44262295081967,
    "belowPct": 56.557377049180324
  },
  "sma200": {
    "above": 139,
    "below": 95,
    "counted": 234,
    "abovePct": 59.401709401709404,
    "belowPct": 40.598290598290596
  }
}