{
  "t": 1770398339833,
  "sampleSize": 800,
  "sma50": {
    "above": 375,
    "below": 314,
    "counted": 689,
    "abovePct": 54.426705370101594,
    "belowPct": 45.573294629898406
  },
  "sma200": {
    "above": 398,
    "below": 251,
    "counted": 649,
    "abovePct": 61.325115562403695,
    "belowPct": 38.674884437596305
  }
}