{
  "t": 1781019291236,
  "sampleSize": 300,
  "sma50": {
    "above": 131,
    "below": 118,
    "counted": 249,
    "abovePct": 52.610441767068274,
    "belowPct": 47.389558232931726
  },
  "sma200": {
    "above": 117,
    "below": 93,
    "counted": 210,
    "abovePct": 55.714285714285715,
    "belowPct": 44.285714285714285
  }
}