{
  "t": 1767886891938,
  "sampleSize": 800,
  "sma50": {
    "above": 404,
    "below": 290,
    "counted": 694,
    "abovePct": 58.21325648414985,
    "belowPct": 41.78674351585015
  },
  "sma200": {
    "above": 401,
    "below": 245,
    "counted": 646,
    "abovePct": 62.07430340557275,
    "belowPct": 37.925696594427244
  }
}