{
  "t": 1778692670128,
  "sampleSize": 300,
  "sma50": {
    "above": 152,
    "below": 93,
    "counted": 245,
    "abovePct": 62.04081632653061,
    "belowPct": 37.95918367346939
  },
  "sma200": {
    "above": 139,
    "below": 103,
    "counted": 242,
    "abovePct": 57.438016528925615,
    "belowPct": 42.561983471074385
  }
}