{
  "t": 1770321593469,
  "sampleSize": 800,
  "sma50": {
    "above": 328,
    "below": 361,
    "counted": 689,
    "abovePct": 47.60522496371553,
    "belowPct": 52.39477503628447
  },
  "sma200": {
    "above": 383,
    "below": 267,
    "counted": 650,
    "abovePct": 58.92307692307692,
    "belowPct": 41.07692307692308
  }
}