{
  "t": 1768319611929,
  "sampleSize": 800,
  "sma50": {
    "above": 434,
    "below": 260,
    "counted": 694,
    "abovePct": 62.53602305475504,
    "belowPct": 37.46397694524496
  },
  "sma200": {
    "above": 405,
    "below": 242,
    "counted": 647,
    "abovePct": 62.59659969088099,
    "belowPct": 37.403400309119014
  }
}