{
  "t": 1766518476783,
  "sampleSize": 800,
  "sma50": {
    "above": 364,
    "below": 335,
    "counted": 699,
    "abovePct": 52.07439198855508,
    "belowPct": 47.92560801144492
  },
  "sma200": {
    "above": 395,
    "below": 251,
    "counted": 646,
    "abovePct": 61.145510835913306,
    "belowPct": 38.85448916408669
  }
}