{
  "t": 1765557686394,
  "sampleSize": 800,
  "sma50": {
    "above": 361,
    "below": 339,
    "counted": 700,
    "abovePct": 51.57142857142857,
    "belowPct": 48.42857142857142
  },
  "sma200": {
    "above": 408,
    "below": 236,
    "counted": 644,
    "abovePct": 63.35403726708074,
    "belowPct": 36.64596273291926
  }
}