{
  "t": 1765301896614,
  "sampleSize": 800,
  "sma50": {
    "above": 354,
    "below": 346,
    "counted": 700,
    "abovePct": 50.57142857142857,
    "belowPct": 49.42857142857143
  },
  "sma200": {
    "above": 407,
    "below": 240,
    "counted": 647,
    "abovePct": 62.90571870170015,
    "belowPct": 37.09428129829985
  }
}