{
  "t": 1772819147137,
  "sampleSize": 300,
  "sma50": {
    "above": 69,
    "below": 179,
    "counted": 248,
    "abovePct": 27.82258064516129,
    "belowPct": 72.17741935483872
  },
  "sma200": {
    "above": 124,
    "below": 114,
    "counted": 238,
    "abovePct": 52.10084033613446,
    "belowPct": 47.89915966386555
  }
}