{
  "t": 1765810327291,
  "sampleSize": 800,
  "sma50": {
    "above": 363,
    "below": 337,
    "counted": 700,
    "abovePct": 51.857142857142854,
    "belowPct": 48.142857142857146
  },
  "sma200": {
    "above": 402,
    "below": 241,
    "counted": 643,
    "abovePct": 62.51944012441679,
    "belowPct": 37.480559875583204
  }
}