{
  "t": 1768496338876,
  "sampleSize": 800,
  "sma50": {
    "above": 459,
    "below": 234,
    "counted": 693,
    "abovePct": 66.23376623376623,
    "belowPct": 33.76623376623377
  },
  "sma200": {
    "above": 421,
    "below": 225,
    "counted": 646,
    "abovePct": 65.17027863777089,
    "belowPct": 34.82972136222911
  }
}