{
  "t": 1764947241223,
  "sampleSize": 800,
  "sma50": {
    "above": 356,
    "below": 345,
    "counted": 701,
    "abovePct": 50.78459343794579,
    "belowPct": 49.21540656205421
  },
  "sma200": {
    "above": 410,
    "below": 238,
    "counted": 648,
    "abovePct": 63.27160493827161,
    "belowPct": 36.7283950617284
  }
}