{
  "t": 1767885932052,
  "sampleSize": 800,
  "sma50": {
    "above": 405,
    "below": 289,
    "counted": 694,
    "abovePct": 58.35734870317003,
    "belowPct": 41.64265129682997
  },
  "sma200": {
    "above": 398,
    "below": 248,
    "counted": 646,
    "abovePct": 61.60990712074303,
    "belowPct": 38.39009287925697
  }
}