{
  "t": 1779134774242,
  "sampleSize": 300,
  "sma50": {
    "above": 143,
    "below": 110,
    "counted": 253,
    "abovePct": 56.52173913043478,
    "belowPct": 43.47826086956522
  },
  "sma200": {
    "above": 134,
    "below": 108,
    "counted": 242,
    "abovePct": 55.371900826446286,
    "belowPct": 44.62809917355372
  }
}