{
  "t": 1768933663782,
  "sampleSize": 800,
  "sma50": {
    "above": 411,
    "below": 282,
    "counted": 693,
    "abovePct": 59.307359307359306,
    "belowPct": 40.692640692640694
  },
  "sma200": {
    "above": 401,
    "below": 246,
    "counted": 647,
    "abovePct": 61.97836166924265,
    "belowPct": 38.02163833075734
  }
}