{
  "t": 1763141059297,
  "sampleSize": 800,
  "sma50": {
    "above": 272,
    "below": 432,
    "counted": 704,
    "abovePct": 38.63636363636363,
    "belowPct": 61.36363636363637
  },
  "sma200": {
    "above": 374,
    "below": 268,
    "counted": 642,
    "abovePct": 58.25545171339564,
    "belowPct": 41.74454828660436
  }
}