{
  "t": 1782157354267,
  "sampleSize": 300,
  "sma50": {
    "above": 139,
    "below": 114,
    "counted": 253,
    "abovePct": 54.9407114624506,
    "belowPct": 45.059288537549406
  },
  "sma200": {
    "above": 120,
    "below": 91,
    "counted": 211,
    "abovePct": 56.872037914691944,
    "belowPct": 43.127962085308056
  }
}