{
  "t": 1766514351287,
  "sampleSize": 800,
  "sma50": {
    "above": 363,
    "below": 336,
    "counted": 699,
    "abovePct": 51.931330472103,
    "belowPct": 48.06866952789699
  },
  "sma200": {
    "above": 398,
    "below": 248,
    "counted": 646,
    "abovePct": 61.60990712074303,
    "belowPct": 38.39009287925697
  }
}