{
  "t": 1777924954324,
  "sampleSize": 300,
  "sma50": {
    "above": 162,
    "below": 84,
    "counted": 246,
    "abovePct": 65.85365853658537,
    "belowPct": 34.146341463414636
  },
  "sma200": {
    "above": 139,
    "below": 103,
    "counted": 242,
    "abovePct": 57.438016528925615,
    "belowPct": 42.561983471074385
  }
}