{
  "t": 1781727420866,
  "sampleSize": 300,
  "sma50": {
    "above": 135,
    "below": 118,
    "counted": 253,
    "abovePct": 53.359683794466406,
    "belowPct": 46.6403162055336
  },
  "sma200": {
    "above": 122,
    "below": 89,
    "counted": 211,
    "abovePct": 57.81990521327014,
    "belowPct": 42.18009478672986
  }
}