{
  "t": 1770670257899,
  "sampleSize": 800,
  "sma50": {
    "above": 399,
    "below": 290,
    "counted": 689,
    "abovePct": 57.9100145137881,
    "belowPct": 42.0899854862119
  },
  "sma200": {
    "above": 402,
    "below": 248,
    "counted": 650,
    "abovePct": 61.846153846153854,
    "belowPct": 38.15384615384615
  }
}