{
  "t": 1764967096089,
  "sampleSize": 800,
  "sma50": {
    "above": 353,
    "below": 348,
    "counted": 701,
    "abovePct": 50.35663338088445,
    "belowPct": 49.64336661911555
  },
  "sma200": {
    "above": 410,
    "below": 238,
    "counted": 648,
    "abovePct": 63.27160493827161,
    "belowPct": 36.7283950617284
  }
}