{
  "t": 1767813861668,
  "sampleSize": 800,
  "sma50": {
    "above": 404,
    "below": 290,
    "counted": 694,
    "abovePct": 58.21325648414985,
    "belowPct": 41.78674351585015
  },
  "sma200": {
    "above": 388,
    "below": 258,
    "counted": 646,
    "abovePct": 60.06191950464397,
    "belowPct": 39.93808049535604
  }
}