{
  "t": 1765895958830,
  "sampleSize": 800,
  "sma50": {
    "above": 345,
    "below": 355,
    "counted": 700,
    "abovePct": 49.28571428571429,
    "belowPct": 50.71428571428571
  },
  "sma200": {
    "above": 395,
    "below": 248,
    "counted": 643,
    "abovePct": 61.4307931570762,
    "belowPct": 38.56920684292379
  }
}