{
  "t": 1768842738699,
  "sampleSize": 800,
  "sma50": {
    "above": 433,
    "below": 243,
    "counted": 676,
    "abovePct": 64.05325443786982,
    "belowPct": 35.946745562130175
  },
  "sma200": {
    "above": 404,
    "below": 225,
    "counted": 629,
    "abovePct": 64.22893481717011,
    "belowPct": 35.77106518282989
  }
}