{
  "t": 1763654862543,
  "sampleSize": 800,
  "sma50": {
    "above": 226,
    "below": 477,
    "counted": 703,
    "abovePct": 32.147937411095306,
    "belowPct": 67.85206258890469
  },
  "sma200": {
    "above": 356,
    "below": 285,
    "counted": 641,
    "abovePct": 55.53822152886115,
    "belowPct": 44.46177847113885
  }
}