{
  "t": 1772552879810,
  "sampleSize": 300,
  "sma50": {
    "above": 80,
    "below": 169,
    "counted": 249,
    "abovePct": 32.1285140562249,
    "belowPct": 67.8714859437751
  },
  "sma200": {
    "above": 132,
    "below": 107,
    "counted": 239,
    "abovePct": 55.23012552301255,
    "belowPct": 44.76987447698745
  }
}