{
  "t": 1770236804001,
  "sampleSize": 800,
  "sma50": {
    "above": 367,
    "below": 322,
    "counted": 689,
    "abovePct": 53.26560232220609,
    "belowPct": 46.73439767779391
  },
  "sma200": {
    "above": 395,
    "below": 255,
    "counted": 650,
    "abovePct": 60.76923076923077,
    "belowPct": 39.23076923076923
  }
}