{
  "t": 1763665544356,
  "sampleSize": 800,
  "sma50": {
    "above": 171,
    "below": 532,
    "counted": 703,
    "abovePct": 24.324324324324326,
    "belowPct": 75.67567567567568
  },
  "sma200": {
    "above": 329,
    "below": 312,
    "counted": 641,
    "abovePct": 51.326053042121686,
    "belowPct": 48.673946957878314
  }
}