{
  "t": 1780338461160,
  "sampleSize": 300,
  "sma50": {
    "above": 161,
    "below": 92,
    "counted": 253,
    "abovePct": 63.63636363636363,
    "belowPct": 36.36363636363637
  },
  "sma200": {
    "above": 139,
    "below": 103,
    "counted": 242,
    "abovePct": 57.438016528925615,
    "belowPct": 42.561983471074385
  }
}