{
  "t": 1766167757111,
  "sampleSize": 800,
  "sma50": {
    "above": 352,
    "below": 348,
    "counted": 700,
    "abovePct": 50.28571428571429,
    "belowPct": 49.714285714285715
  },
  "sma200": {
    "above": 396,
    "below": 251,
    "counted": 647,
    "abovePct": 61.205564142194746,
    "belowPct": 38.794435857805254
  }
}