{
  "t": 1772117286073,
  "sampleSize": 300,
  "sma50": {
    "above": 144,
    "below": 105,
    "counted": 249,
    "abovePct": 57.831325301204814,
    "belowPct": 42.168674698795186
  },
  "sma200": {
    "above": 152,
    "below": 87,
    "counted": 239,
    "abovePct": 63.59832635983263,
    "belowPct": 36.40167364016737
  }
}