{
  "t": 1763569545267,
  "sampleSize": 800,
  "sma50": {
    "above": 206,
    "below": 497,
    "counted": 703,
    "abovePct": 29.30298719772404,
    "belowPct": 70.69701280227596
  },
  "sma200": {
    "above": 353,
    "below": 288,
    "counted": 641,
    "abovePct": 55.07020280811232,
    "belowPct": 44.92979719188768
  }
}