{
  "t": 1768930221096,
  "sampleSize": 800,
  "sma50": {
    "above": 419,
    "below": 274,
    "counted": 693,
    "abovePct": 60.46176046176046,
    "belowPct": 39.53823953823954
  },
  "sma200": {
    "above": 402,
    "below": 245,
    "counted": 647,
    "abovePct": 62.132921174652246,
    "belowPct": 37.86707882534776
  }
}