{
  "t": 1774972376508,
  "sampleSize": 300,
  "sma50": {
    "above": 46,
    "below": 202,
    "counted": 248,
    "abovePct": 18.548387096774192,
    "belowPct": 81.45161290322581
  },
  "sma200": {
    "above": 81,
    "below": 157,
    "counted": 238,
    "abovePct": 34.03361344537815,
    "belowPct": 65.96638655462185
  }
}