{
  "t": 1765820427197,
  "sampleSize": 800,
  "sma50": {
    "above": 349,
    "below": 351,
    "counted": 700,
    "abovePct": 49.857142857142854,
    "belowPct": 50.142857142857146
  },
  "sma200": {
    "above": 394,
    "below": 249,
    "counted": 643,
    "abovePct": 61.27527216174183,
    "belowPct": 38.72472783825817
  }
}