{
  "t": 1771869073456,
  "sampleSize": 300,
  "sma50": {
    "above": 127,
    "below": 122,
    "counted": 249,
    "abovePct": 51.00401606425703,
    "belowPct": 48.99598393574297
  },
  "sma200": {
    "above": 143,
    "below": 96,
    "counted": 239,
    "abovePct": 59.83263598326359,
    "belowPct": 40.1673640167364
  }
}