{
  "t": 1769110710860,
  "sampleSize": 800,
  "sma50": {
    "above": 455,
    "below": 236,
    "counted": 691,
    "abovePct": 65.8465991316932,
    "belowPct": 34.1534008683068
  },
  "sma200": {
    "above": 433,
    "below": 213,
    "counted": 646,
    "abovePct": 67.02786377708978,
    "belowPct": 32.972136222910216
  }
}