{
  "t": 1782404622727,
  "sampleSize": 300,
  "sma50": {
    "above": 136,
    "below": 119,
    "counted": 255,
    "abovePct": 53.333333333333336,
    "belowPct": 46.666666666666664
  },
  "sma200": {
    "above": 118,
    "below": 94,
    "counted": 212,
    "abovePct": 55.660377358490564,
    "belowPct": 44.339622641509436
  }
}