{
  "t": 1763751072415,
  "sampleSize": 800,
  "sma50": {
    "above": 198,
    "below": 501,
    "counted": 699,
    "abovePct": 28.32618025751073,
    "belowPct": 71.67381974248927
  },
  "sma200": {
    "above": 344,
    "below": 294,
    "counted": 638,
    "abovePct": 53.91849529780565,
    "belowPct": 46.08150470219436
  }
}