{
  "t": 1765313335388,
  "sampleSize": 800,
  "sma50": {
    "above": 349,
    "below": 351,
    "counted": 700,
    "abovePct": 49.857142857142854,
    "belowPct": 50.142857142857146
  },
  "sma200": {
    "above": 405,
    "below": 242,
    "counted": 647,
    "abovePct": 62.59659969088099,
    "belowPct": 37.403400309119014
  }
}