{
  "t": 1773247716190,
  "sampleSize": 300,
  "sma50": {
    "above": 61,
    "below": 187,
    "counted": 248,
    "abovePct": 24.596774193548388,
    "belowPct": 75.40322580645162
  },
  "sma200": {
    "above": 120,
    "below": 118,
    "counted": 238,
    "abovePct": 50.42016806722689,
    "belowPct": 49.57983193277311
  }
}