{
  "t": 1763579137302,
  "sampleSize": 800,
  "sma50": {
    "above": 199,
    "below": 504,
    "counted": 703,
    "abovePct": 28.3072546230441,
    "belowPct": 71.6927453769559
  },
  "sma200": {
    "above": 349,
    "below": 292,
    "counted": 641,
    "abovePct": 54.44617784711389,
    "belowPct": 45.55382215288611
  }
}