{
  "t": 1772725714387,
  "sampleSize": 300,
  "sma50": {
    "above": 91,
    "below": 157,
    "counted": 248,
    "abovePct": 36.693548387096776,
    "belowPct": 63.306451612903224
  },
  "sma200": {
    "above": 133,
    "below": 105,
    "counted": 238,
    "abovePct": 55.88235294117647,
    "belowPct": 44.11764705882353
  }
}