{
  "t": 1775594873631,
  "sampleSize": 300,
  "sma50": {
    "above": 68,
    "below": 179,
    "counted": 247,
    "abovePct": 27.530364372469634,
    "belowPct": 72.46963562753037
  },
  "sma200": {
    "above": 92,
    "below": 145,
    "counted": 237,
    "abovePct": 38.81856540084388,
    "belowPct": 61.18143459915611
  }
}