{
  "t": 1764009851316,
  "sampleSize": 800,
  "sma50": {
    "above": 230,
    "below": 472,
    "counted": 702,
    "abovePct": 32.763532763532766,
    "belowPct": 67.23646723646723
  },
  "sma200": {
    "above": 362,
    "below": 278,
    "counted": 640,
    "abovePct": 56.56250000000001,
    "belowPct": 43.4375
  }
}