{
  "t": 1769621519720,
  "sampleSize": 800,
  "sma50": {
    "above": 442,
    "below": 248,
    "counted": 690,
    "abovePct": 64.05797101449275,
    "belowPct": 35.94202898550725
  },
  "sma200": {
    "above": 417,
    "below": 233,
    "counted": 650,
    "abovePct": 64.15384615384615,
    "belowPct": 35.84615384615385
  }
}