{
  "t": 1766430521483,
  "sampleSize": 800,
  "sma50": {
    "above": 361,
    "below": 338,
    "counted": 699,
    "abovePct": 51.645207439198856,
    "belowPct": 48.354792560801144
  },
  "sma200": {
    "above": 397,
    "below": 249,
    "counted": 646,
    "abovePct": 61.45510835913313,
    "belowPct": 38.54489164086687
  }
}