{
  "t": 1771361231585,
  "sampleSize": 300,
  "sma50": {
    "above": 135,
    "below": 114,
    "counted": 249,
    "abovePct": 54.21686746987952,
    "belowPct": 45.78313253012048
  },
  "sma200": {
    "above": 147,
    "below": 91,
    "counted": 238,
    "abovePct": 61.76470588235294,
    "belowPct": 38.23529411764706
  }
}