{
  "t": 1765811363573,
  "sampleSize": 800,
  "sma50": {
    "above": 362,
    "below": 338,
    "counted": 700,
    "abovePct": 51.714285714285715,
    "belowPct": 48.285714285714285
  },
  "sma200": {
    "above": 401,
    "below": 242,
    "counted": 643,
    "abovePct": 62.363919129082426,
    "belowPct": 37.636080870917574
  }
}