{
  "t": 1772140328508,
  "sampleSize": 300,
  "sma50": {
    "above": 147,
    "below": 102,
    "counted": 249,
    "abovePct": 59.036144578313255,
    "belowPct": 40.963855421686745
  },
  "sma200": {
    "above": 153,
    "below": 86,
    "counted": 239,
    "abovePct": 64.01673640167364,
    "belowPct": 35.98326359832636
  }
}