{
  "t": 1765298554739,
  "sampleSize": 800,
  "sma50": {
    "above": 356,
    "below": 344,
    "counted": 700,
    "abovePct": 50.857142857142854,
    "belowPct": 49.142857142857146
  },
  "sma200": {
    "above": 412,
    "below": 235,
    "counted": 647,
    "abovePct": 63.67851622874807,
    "belowPct": 36.321483771251934
  }
}