{
  "t": 1769613120176,
  "sampleSize": 800,
  "sma50": {
    "above": 458,
    "below": 232,
    "counted": 690,
    "abovePct": 66.3768115942029,
    "belowPct": 33.6231884057971
  },
  "sma200": {
    "above": 420,
    "below": 230,
    "counted": 650,
    "abovePct": 64.61538461538461,
    "belowPct": 35.38461538461539
  }
}