{
  "t": 1767898622785,
  "sampleSize": 800,
  "sma50": {
    "above": 414,
    "below": 280,
    "counted": 694,
    "abovePct": 59.654178674351584,
    "belowPct": 40.345821325648416
  },
  "sma200": {
    "above": 405,
    "below": 241,
    "counted": 646,
    "abovePct": 62.693498452012385,
    "belowPct": 37.306501547987615
  }
}