{
  "t": 1774295284231,
  "sampleSize": 300,
  "sma50": {
    "above": 51,
    "below": 197,
    "counted": 248,
    "abovePct": 20.56451612903226,
    "belowPct": 79.43548387096774
  },
  "sma200": {
    "above": 89,
    "below": 149,
    "counted": 238,
    "abovePct": 37.39495798319328,
    "belowPct": 62.60504201680672
  }
}