{
  "t": 1762799148773,
  "sampleSize": 800,
  "sma50": {
    "above": 314,
    "below": 389,
    "counted": 703,
    "abovePct": 44.66571834992888,
    "belowPct": 55.33428165007113
  },
  "sma200": {
    "above": 391,
    "below": 250,
    "counted": 641,
    "abovePct": 60.9984399375975,
    "belowPct": 39.0015600624025
  }
}