{
  "t": 1766068693190,
  "sampleSize": 800,
  "sma50": {
    "above": 324,
    "below": 376,
    "counted": 700,
    "abovePct": 46.285714285714285,
    "belowPct": 53.714285714285715
  },
  "sma200": {
    "above": 396,
    "below": 251,
    "counted": 647,
    "abovePct": 61.205564142194746,
    "belowPct": 38.794435857805254
  }
}