{
  "t": 1770319130481,
  "sampleSize": 800,
  "sma50": {
    "above": 335,
    "below": 354,
    "counted": 689,
    "abovePct": 48.62119013062409,
    "belowPct": 51.37880986937591
  },
  "sma200": {
    "above": 380,
    "below": 270,
    "counted": 650,
    "abovePct": 58.46153846153847,
    "belowPct": 41.53846153846154
  }
}