{
  "t": 1763131601619,
  "sampleSize": 800,
  "sma50": {
    "above": 245,
    "below": 459,
    "counted": 704,
    "abovePct": 34.80113636363637,
    "belowPct": 65.19886363636364
  },
  "sma200": {
    "above": 369,
    "below": 273,
    "counted": 642,
    "abovePct": 57.476635514018696,
    "belowPct": 42.523364485981304
  }
}