{
  "t": 1767627613935,
  "sampleSize": 800,
  "sma50": {
    "above": 376,
    "below": 318,
    "counted": 694,
    "abovePct": 54.17867435158501,
    "belowPct": 45.821325648414984
  },
  "sma200": {
    "above": 385,
    "below": 260,
    "counted": 645,
    "abovePct": 59.68992248062015,
    "belowPct": 40.310077519379846
  }
}