{
  "t": 1772639247222,
  "sampleSize": 300,
  "sma50": {
    "above": 105,
    "below": 143,
    "counted": 248,
    "abovePct": 42.33870967741936,
    "belowPct": 57.66129032258065
  },
  "sma200": {
    "above": 135,
    "below": 103,
    "counted": 238,
    "abovePct": 56.72268907563025,
    "belowPct": 43.27731092436975
  }
}