{
  "t": 1764095171026,
  "sampleSize": 800,
  "sma50": {
    "above": 289,
    "below": 413,
    "counted": 702,
    "abovePct": 41.168091168091166,
    "belowPct": 58.831908831908834
  },
  "sma200": {
    "above": 372,
    "below": 269,
    "counted": 641,
    "abovePct": 58.03432137285491,
    "belowPct": 41.96567862714509
  }
}