{
  "t": 1767033902561,
  "sampleSize": 800,
  "sma50": {
    "above": 373,
    "below": 326,
    "counted": 699,
    "abovePct": 53.36194563662375,
    "belowPct": 46.638054363376256
  },
  "sma200": {
    "above": 389,
    "below": 257,
    "counted": 646,
    "abovePct": 60.216718266253864,
    "belowPct": 39.78328173374613
  }
}