{
  "t": 1762536228112,
  "sampleSize": 800,
  "sma50": {
    "above": 237,
    "below": 467,
    "counted": 704,
    "abovePct": 33.66477272727273,
    "belowPct": 66.33522727272727
  },
  "sma200": {
    "above": 373,
    "below": 269,
    "counted": 642,
    "abovePct": 58.09968847352025,
    "belowPct": 41.90031152647975
  }
}