{
  "t": 1770400039265,
  "sampleSize": 800,
  "sma50": {
    "above": 376,
    "below": 313,
    "counted": 689,
    "abovePct": 54.57184325108854,
    "belowPct": 45.42815674891146
  },
  "sma200": {
    "above": 397,
    "below": 252,
    "counted": 649,
    "abovePct": 61.17103235747303,
    "belowPct": 38.82896764252696
  }
}