{
  "t": 1764085142595,
  "sampleSize": 800,
  "sma50": {
    "above": 260,
    "below": 442,
    "counted": 702,
    "abovePct": 37.03703703703704,
    "belowPct": 62.96296296296296
  },
  "sma200": {
    "above": 369,
    "below": 271,
    "counted": 640,
    "abovePct": 57.65625,
    "belowPct": 42.34375
  }
}