{
  "t": 1762803260605,
  "sampleSize": 800,
  "sma50": {
    "above": 320,
    "below": 384,
    "counted": 704,
    "abovePct": 45.45454545454545,
    "belowPct": 54.54545454545454
  },
  "sma200": {
    "above": 394,
    "below": 248,
    "counted": 642,
    "abovePct": 61.37071651090342,
    "belowPct": 38.62928348909657
  }
}