{
  "t": 1767641068550,
  "sampleSize": 800,
  "sma50": {
    "above": 395,
    "below": 299,
    "counted": 694,
    "abovePct": 56.9164265129683,
    "belowPct": 43.0835734870317
  },
  "sma200": {
    "above": 389,
    "below": 256,
    "counted": 645,
    "abovePct": 60.310077519379846,
    "belowPct": 39.689922480620154
  }
}