{
  "t": 1762971951485,
  "sampleSize": 800,
  "sma50": {
    "above": 340,
    "below": 364,
    "counted": 704,
    "abovePct": 48.29545454545455,
    "belowPct": 51.70454545454546
  },
  "sma200": {
    "above": 401,
    "below": 241,
    "counted": 642,
    "abovePct": 62.46105919003115,
    "belowPct": 37.53894080996885
  }
}