{
  "t": 1774367486911,
  "sampleSize": 300,
  "sma50": {
    "above": 50,
    "below": 198,
    "counted": 248,
    "abovePct": 20.161290322580644,
    "belowPct": 79.83870967741935
  },
  "sma200": {
    "above": 89,
    "below": 149,
    "counted": 238,
    "abovePct": 37.39495798319328,
    "belowPct": 62.60504201680672
  }
}