{
  "t": 1780002939430,
  "sampleSize": 300,
  "sma50": {
    "above": 155,
    "below": 93,
    "counted": 248,
    "abovePct": 62.5,
    "belowPct": 37.5
  },
  "sma200": {
    "above": 142,
    "below": 95,
    "counted": 237,
    "abovePct": 59.91561181434599,
    "belowPct": 40.08438818565401
  }
}