{
  "t": 1766778502254,
  "sampleSize": 800,
  "sma50": {
    "above": 380,
    "below": 319,
    "counted": 699,
    "abovePct": 54.36337625178827,
    "belowPct": 45.63662374821173
  },
  "sma200": {
    "above": 391,
    "below": 255,
    "counted": 646,
    "abovePct": 60.526315789473685,
    "belowPct": 39.473684210526315
  }
}