{
  "t": 1763666592052,
  "sampleSize": 800,
  "sma50": {
    "above": 171,
    "below": 532,
    "counted": 703,
    "abovePct": 24.324324324324326,
    "belowPct": 75.67567567567568
  },
  "sma200": {
    "above": 330,
    "below": 311,
    "counted": 641,
    "abovePct": 51.482059282371296,
    "belowPct": 48.517940717628704
  }
}