{
  "t": 1770737389220,
  "sampleSize": 800,
  "sma50": {
    "above": 398,
    "below": 291,
    "counted": 689,
    "abovePct": 57.76487663280116,
    "belowPct": 42.23512336719884
  },
  "sma200": {
    "above": 401,
    "below": 250,
    "counted": 651,
    "abovePct": 61.597542242703526,
    "belowPct": 38.40245775729647
  }
}