{
  "t": 1769706964393,
  "sampleSize": 800,
  "sma50": {
    "above": 427,
    "below": 263,
    "counted": 690,
    "abovePct": 61.88405797101449,
    "belowPct": 38.11594202898551
  },
  "sma200": {
    "above": 408,
    "below": 242,
    "counted": 650,
    "abovePct": 62.76923076923077,
    "belowPct": 37.230769230769226
  }
}