{
  "t": 1764343480320,
  "sampleSize": 800,
  "sma50": {
    "above": 333,
    "below": 368,
    "counted": 701,
    "abovePct": 47.50356633380884,
    "belowPct": 52.49643366619116
  },
  "sma200": {
    "above": 392,
    "below": 251,
    "counted": 643,
    "abovePct": 60.9642301710731,
    "belowPct": 39.0357698289269
  }
}