{
  "t": 1764695492171,
  "sampleSize": 800,
  "sma50": {
    "above": 317,
    "below": 384,
    "counted": 701,
    "abovePct": 45.22111269614836,
    "belowPct": 54.77888730385164
  },
  "sma200": {
    "above": 382,
    "below": 262,
    "counted": 644,
    "abovePct": 59.3167701863354,
    "belowPct": 40.683229813664596
  }
}