{
  "t": 1777657782283,
  "sampleSize": 300,
  "sma50": {
    "above": 162,
    "below": 84,
    "counted": 246,
    "abovePct": 65.85365853658537,
    "belowPct": 34.146341463414636
  },
  "sma200": {
    "above": 142,
    "below": 100,
    "counted": 242,
    "abovePct": 58.67768595041323,
    "belowPct": 41.32231404958678
  }
}