{
  "t": 1763488170312,
  "sampleSize": 800,
  "sma50": {
    "above": 202,
    "below": 501,
    "counted": 703,
    "abovePct": 28.733997155049785,
    "belowPct": 71.26600284495022
  },
  "sma200": {
    "above": 358,
    "below": 283,
    "counted": 641,
    "abovePct": 55.85023400936038,
    "belowPct": 44.14976599063963
  }
}