{
  "t": 1768244861669,
  "sampleSize": 800,
  "sma50": {
    "above": 442,
    "below": 252,
    "counted": 694,
    "abovePct": 63.68876080691642,
    "belowPct": 36.31123919308357
  },
  "sma200": {
    "above": 408,
    "below": 239,
    "counted": 647,
    "abovePct": 63.06027820710973,
    "belowPct": 36.93972179289026
  }
}