{
  "t": 1770216199321,
  "sampleSize": 800,
  "sma50": {
    "above": 379,
    "below": 310,
    "counted": 689,
    "abovePct": 55.00725689404935,
    "belowPct": 44.99274310595066
  },
  "sma200": {
    "above": 401,
    "below": 248,
    "counted": 649,
    "abovePct": 61.78736517719569,
    "belowPct": 38.21263482280431
  }
}