{
  "t": 1771955399222,
  "sampleSize": 300,
  "sma50": {
    "above": 137,
    "below": 112,
    "counted": 249,
    "abovePct": 55.020080321285135,
    "belowPct": 44.97991967871486
  },
  "sma200": {
    "above": 144,
    "below": 95,
    "counted": 239,
    "abovePct": 60.25104602510461,
    "belowPct": 39.74895397489539
  }
}