{
  "t": 1767027982835,
  "sampleSize": 800,
  "sma50": {
    "above": 372,
    "below": 327,
    "counted": 699,
    "abovePct": 53.21888412017167,
    "belowPct": 46.78111587982833
  },
  "sma200": {
    "above": 390,
    "below": 256,
    "counted": 646,
    "abovePct": 60.371517027863774,
    "belowPct": 39.628482972136226
  }
}