{
  "t": 1764104674668,
  "sampleSize": 800,
  "sma50": {
    "above": 298,
    "below": 404,
    "counted": 702,
    "abovePct": 42.45014245014245,
    "belowPct": 57.54985754985755
  },
  "sma200": {
    "above": 375,
    "below": 266,
    "counted": 641,
    "abovePct": 58.50234009360374,
    "belowPct": 41.49765990639626
  }
}