{
  "t": 1764176783210,
  "sampleSize": 800,
  "sma50": {
    "above": 336,
    "below": 366,
    "counted": 702,
    "abovePct": 47.863247863247864,
    "belowPct": 52.13675213675214
  },
  "sma200": {
    "above": 386,
    "below": 257,
    "counted": 643,
    "abovePct": 60.031104199066874,
    "belowPct": 39.968895800933126
  }
}