{
  "t": 1767127842692,
  "sampleSize": 800,
  "sma50": {
    "above": 368,
    "below": 330,
    "counted": 698,
    "abovePct": 52.72206303724928,
    "belowPct": 47.277936962750715
  },
  "sma200": {
    "above": 391,
    "below": 254,
    "counted": 645,
    "abovePct": 60.62015503875969,
    "belowPct": 39.37984496124031
  }
}