{
  "t": 1778173742137,
  "sampleSize": 300,
  "sma50": {
    "above": 168,
    "below": 77,
    "counted": 245,
    "abovePct": 68.57142857142857,
    "belowPct": 31.428571428571427
  },
  "sma200": {
    "above": 144,
    "below": 97,
    "counted": 241,
    "abovePct": 59.75103734439834,
    "belowPct": 40.24896265560166
  }
}