{
  "t": 1776790158232,
  "sampleSize": 300,
  "sma50": {
    "above": 165,
    "below": 82,
    "counted": 247,
    "abovePct": 66.80161943319838,
    "belowPct": 33.198380566801625
  },
  "sma200": {
    "above": 137,
    "below": 104,
    "counted": 241,
    "abovePct": 56.84647302904564,
    "belowPct": 43.15352697095436
  }
}