{
  "t": 1770408906667,
  "sampleSize": 800,
  "sma50": {
    "above": 379,
    "below": 310,
    "counted": 689,
    "abovePct": 55.00725689404935,
    "belowPct": 44.99274310595066
  },
  "sma200": {
    "above": 394,
    "below": 255,
    "counted": 649,
    "abovePct": 60.708782742681045,
    "belowPct": 39.29121725731895
  }
}