{
  "t": 1769111433620,
  "sampleSize": 800,
  "sma50": {
    "above": 454,
    "below": 237,
    "counted": 691,
    "abovePct": 65.70188133140377,
    "belowPct": 34.29811866859624
  },
  "sma200": {
    "above": 433,
    "below": 213,
    "counted": 646,
    "abovePct": 67.02786377708978,
    "belowPct": 32.972136222910216
  }
}