{
  "t": 1766777675023,
  "sampleSize": 800,
  "sma50": {
    "above": 376,
    "below": 323,
    "counted": 699,
    "abovePct": 53.79113018597997,
    "belowPct": 46.20886981402003
  },
  "sma200": {
    "above": 393,
    "below": 253,
    "counted": 646,
    "abovePct": 60.8359133126935,
    "belowPct": 39.1640866873065
  }
}