{
  "t": 1762788300347,
  "sampleSize": 800,
  "sma50": {
    "above": 310,
    "below": 394,
    "counted": 704,
    "abovePct": 44.034090909090914,
    "belowPct": 55.96590909090909
  },
  "sma200": {
    "above": 399,
    "below": 243,
    "counted": 642,
    "abovePct": 62.149532710280376,
    "belowPct": 37.850467289719624
  }
}