{
  "t": 1766521490129,
  "sampleSize": 800,
  "sma50": {
    "above": 370,
    "below": 329,
    "counted": 699,
    "abovePct": 52.93276108726752,
    "belowPct": 47.06723891273247
  },
  "sma200": {
    "above": 398,
    "below": 248,
    "counted": 646,
    "abovePct": 61.60990712074303,
    "belowPct": 38.39009287925697
  }
}