{
  "t": 1763144747798,
  "sampleSize": 800,
  "sma50": {
    "above": 262,
    "below": 442,
    "counted": 704,
    "abovePct": 37.215909090909086,
    "belowPct": 62.78409090909091
  },
  "sma200": {
    "above": 372,
    "below": 270,
    "counted": 642,
    "abovePct": 57.943925233644855,
    "belowPct": 42.05607476635514
  }
}