{
  "t": 1769195394779,
  "sampleSize": 800,
  "sma50": {
    "above": 448,
    "below": 243,
    "counted": 691,
    "abovePct": 64.83357452966715,
    "belowPct": 35.166425470332854
  },
  "sma200": {
    "above": 423,
    "below": 224,
    "counted": 647,
    "abovePct": 65.37867078825347,
    "belowPct": 34.62132921174652
  }
}