{
  "t": 1770239460047,
  "sampleSize": 800,
  "sma50": {
    "above": 362,
    "below": 327,
    "counted": 689,
    "abovePct": 52.5399129172714,
    "belowPct": 47.46008708272859
  },
  "sma200": {
    "above": 391,
    "below": 259,
    "counted": 650,
    "abovePct": 60.15384615384616,
    "belowPct": 39.84615384615385
  }
}