{
  "t": 1766764185589,
  "sampleSize": 800,
  "sma50": {
    "above": 381,
    "below": 318,
    "counted": 699,
    "abovePct": 54.506437768240346,
    "belowPct": 45.493562231759654
  },
  "sma200": {
    "above": 395,
    "below": 251,
    "counted": 646,
    "abovePct": 61.145510835913306,
    "belowPct": 38.85448916408669
  }
}