{
  "t": 1764086876306,
  "sampleSize": 800,
  "sma50": {
    "above": 265,
    "below": 437,
    "counted": 702,
    "abovePct": 37.749287749287745,
    "belowPct": 62.25071225071225
  },
  "sma200": {
    "above": 370,
    "below": 270,
    "counted": 640,
    "abovePct": 57.8125,
    "belowPct": 42.1875
  }
}