{
  "t": 1766760501134,
  "sampleSize": 800,
  "sma50": {
    "above": 383,
    "below": 316,
    "counted": 699,
    "abovePct": 54.7925608011445,
    "belowPct": 45.20743919885551
  },
  "sma200": {
    "above": 396,
    "below": 250,
    "counted": 646,
    "abovePct": 61.30030959752322,
    "belowPct": 38.69969040247678
  }
}