{
  "t": 1763147160766,
  "sampleSize": 800,
  "sma50": {
    "above": 263,
    "below": 441,
    "counted": 704,
    "abovePct": 37.35795454545455,
    "belowPct": 62.64204545454546
  },
  "sma200": {
    "above": 376,
    "below": 266,
    "counted": 642,
    "abovePct": 58.56697819314641,
    "belowPct": 41.43302180685358
  }
}