{
  "t": 1767984399239,
  "sampleSize": 800,
  "sma50": {
    "above": 437,
    "below": 257,
    "counted": 694,
    "abovePct": 62.96829971181557,
    "belowPct": 37.03170028818444
  },
  "sma200": {
    "above": 403,
    "below": 242,
    "counted": 645,
    "abovePct": 62.48062015503876,
    "belowPct": 37.51937984496124
  }
}