{
  "t": 1767128666974,
  "sampleSize": 800,
  "sma50": {
    "above": 365,
    "below": 333,
    "counted": 698,
    "abovePct": 52.29226361031518,
    "belowPct": 47.70773638968481
  },
  "sma200": {
    "above": 391,
    "below": 254,
    "counted": 645,
    "abovePct": 60.62015503875969,
    "belowPct": 39.37984496124031
  }
}