{
  "t": 1767715707346,
  "sampleSize": 800,
  "sma50": {
    "above": 394,
    "below": 300,
    "counted": 694,
    "abovePct": 56.77233429394812,
    "belowPct": 43.22766570605187
  },
  "sma200": {
    "above": 383,
    "below": 263,
    "counted": 646,
    "abovePct": 59.28792569659442,
    "belowPct": 40.71207430340557
  }
}