{
  "t": 1782832852123,
  "sampleSize": 300,
  "sma50": {
    "above": 146,
    "below": 109,
    "counted": 255,
    "abovePct": 57.25490196078431,
    "belowPct": 42.745098039215684
  },
  "sma200": {
    "above": 126,
    "below": 86,
    "counted": 212,
    "abovePct": 59.43396226415094,
    "belowPct": 40.56603773584906
  }
}