{
  "t": 1782163513399,
  "sampleSize": 300,
  "sma50": {
    "above": 133,
    "below": 120,
    "counted": 253,
    "abovePct": 52.569169960474305,
    "belowPct": 47.43083003952569
  },
  "sma200": {
    "above": 119,
    "below": 92,
    "counted": 211,
    "abovePct": 56.39810426540285,
    "belowPct": 43.60189573459716
  }
}