{
  "t": 1765209029827,
  "sampleSize": 800,
  "sma50": {
    "above": 344,
    "below": 357,
    "counted": 701,
    "abovePct": 49.07275320970042,
    "belowPct": 50.92724679029958
  },
  "sma200": {
    "above": 405,
    "below": 243,
    "counted": 648,
    "abovePct": 62.5,
    "belowPct": 37.5
  }
}