{
  "t": 1763736460727,
  "sampleSize": 800,
  "sma50": {
    "above": 161,
    "below": 538,
    "counted": 699,
    "abovePct": 23.032904148783977,
    "belowPct": 76.96709585121603
  },
  "sma200": {
    "above": 328,
    "below": 309,
    "counted": 637,
    "abovePct": 51.49136577708007,
    "belowPct": 48.50863422291994
  }
}