{
  "t": 1767116316870,
  "sampleSize": 800,
  "sma50": {
    "above": 372,
    "below": 326,
    "counted": 698,
    "abovePct": 53.29512893982808,
    "belowPct": 46.70487106017192
  },
  "sma200": {
    "above": 395,
    "below": 250,
    "counted": 645,
    "abovePct": 61.240310077519375,
    "belowPct": 38.759689922480625
  }
}