{
  "t": 1764188688573,
  "sampleSize": 800,
  "sma50": {
    "above": 335,
    "below": 367,
    "counted": 702,
    "abovePct": 47.72079772079772,
    "belowPct": 52.27920227920227
  },
  "sma200": {
    "above": 388,
    "below": 255,
    "counted": 643,
    "abovePct": 60.342146189735615,
    "belowPct": 39.657853810264385
  }
}