{
  "t": 1770994054626,
  "sampleSize": 300,
  "sma50": {
    "above": 138,
    "below": 111,
    "counted": 249,
    "abovePct": 55.42168674698795,
    "belowPct": 44.57831325301205
  },
  "sma200": {
    "above": 146,
    "below": 92,
    "counted": 238,
    "abovePct": 61.34453781512605,
    "belowPct": 38.655462184873954
  }
}