{
  "t": 1768315922795,
  "sampleSize": 800,
  "sma50": {
    "above": 434,
    "below": 260,
    "counted": 694,
    "abovePct": 62.53602305475504,
    "belowPct": 37.46397694524496
  },
  "sma200": {
    "above": 411,
    "below": 236,
    "counted": 647,
    "abovePct": 63.52395672333848,
    "belowPct": 36.476043276661514
  }
}