{
  "t": 1782407790329,
  "sampleSize": 300,
  "sma50": {
    "above": 133,
    "below": 122,
    "counted": 255,
    "abovePct": 52.156862745098046,
    "belowPct": 47.84313725490196
  },
  "sma200": {
    "above": 119,
    "below": 93,
    "counted": 212,
    "abovePct": 56.132075471698116,
    "belowPct": 43.86792452830189
  }
}