{
  "t": 1777395986940,
  "sampleSize": 300,
  "sma50": {
    "above": 149,
    "below": 97,
    "counted": 246,
    "abovePct": 60.56910569105691,
    "belowPct": 39.43089430894309
  },
  "sma200": {
    "above": 132,
    "below": 109,
    "counted": 241,
    "abovePct": 54.77178423236515,
    "belowPct": 45.22821576763486
  }
}