{
  "t": 1766593522312,
  "sampleSize": 800,
  "sma50": {
    "above": 382,
    "below": 317,
    "counted": 699,
    "abovePct": 54.64949928469242,
    "belowPct": 45.35050071530758
  },
  "sma200": {
    "above": 397,
    "below": 249,
    "counted": 646,
    "abovePct": 61.45510835913313,
    "belowPct": 38.54489164086687
  }
}