{
  "t": 1765552052984,
  "sampleSize": 800,
  "sma50": {
    "above": 386,
    "below": 314,
    "counted": 700,
    "abovePct": 55.14285714285714,
    "belowPct": 44.857142857142854
  },
  "sma200": {
    "above": 421,
    "below": 223,
    "counted": 644,
    "abovePct": 65.37267080745342,
    "belowPct": 34.62732919254658
  }
}