{
  "t": 1776960570658,
  "sampleSize": 300,
  "sma50": {
    "above": 159,
    "below": 88,
    "counted": 247,
    "abovePct": 64.37246963562752,
    "belowPct": 35.62753036437247
  },
  "sma200": {
    "above": 138,
    "below": 103,
    "counted": 241,
    "abovePct": 57.26141078838174,
    "belowPct": 42.738589211618255
  }
}