{
  "t": 1776275560674,
  "sampleSize": 300,
  "sma50": {
    "above": 152,
    "below": 95,
    "counted": 247,
    "abovePct": 61.53846153846154,
    "belowPct": 38.46153846153847
  },
  "sma200": {
    "above": 122,
    "below": 117,
    "counted": 239,
    "abovePct": 51.04602510460251,
    "belowPct": 48.95397489539749
  }
}