{
  "t": 1769092879942,
  "sampleSize": 800,
  "sma50": {
    "above": 452,
    "below": 239,
    "counted": 691,
    "abovePct": 65.41244573082489,
    "belowPct": 34.58755426917511
  },
  "sma200": {
    "above": 419,
    "below": 226,
    "counted": 645,
    "abovePct": 64.96124031007751,
    "belowPct": 35.038759689922486
  }
}