{
  "t": 1763753664007,
  "sampleSize": 800,
  "sma50": {
    "above": 200,
    "below": 502,
    "counted": 702,
    "abovePct": 28.49002849002849,
    "belowPct": 71.50997150997152
  },
  "sma200": {
    "above": 350,
    "below": 290,
    "counted": 640,
    "abovePct": 54.6875,
    "belowPct": 45.3125
  }
}