{
  "t": 1763044490215,
  "sampleSize": 800,
  "sma50": {
    "above": 321,
    "below": 383,
    "counted": 704,
    "abovePct": 45.596590909090914,
    "belowPct": 54.40340909090909
  },
  "sma200": {
    "above": 393,
    "below": 249,
    "counted": 642,
    "abovePct": 61.21495327102804,
    "belowPct": 38.78504672897196
  }
}