{
  "t": 1764697916240,
  "sampleSize": 800,
  "sma50": {
    "above": 322,
    "below": 379,
    "counted": 701,
    "abovePct": 45.93437945791726,
    "belowPct": 54.06562054208274
  },
  "sma200": {
    "above": 379,
    "below": 265,
    "counted": 644,
    "abovePct": 58.850931677018636,
    "belowPct": 41.14906832298137
  }
}