{
  "t": 1763740113166,
  "sampleSize": 800,
  "sma50": {
    "above": 167,
    "below": 528,
    "counted": 695,
    "abovePct": 24.028776978417266,
    "belowPct": 75.97122302158273
  },
  "sma200": {
    "above": 335,
    "below": 298,
    "counted": 633,
    "abovePct": 52.922590837282776,
    "belowPct": 47.077409162717224
  }
}