{
  "t": 1762874696586,
  "sampleSize": 800,
  "sma50": {
    "above": 312,
    "below": 392,
    "counted": 704,
    "abovePct": 44.31818181818182,
    "belowPct": 55.68181818181818
  },
  "sma200": {
    "above": 389,
    "below": 253,
    "counted": 642,
    "abovePct": 60.59190031152648,
    "belowPct": 39.40809968847352
  }
}