{
  "t": 1763652292614,
  "sampleSize": 800,
  "sma50": {
    "above": 230,
    "below": 473,
    "counted": 703,
    "abovePct": 32.71692745376956,
    "belowPct": 67.28307254623044
  },
  "sma200": {
    "above": 365,
    "below": 276,
    "counted": 641,
    "abovePct": 56.94227769110765,
    "belowPct": 43.05772230889235
  }
}