{
  "t": 1767122635645,
  "sampleSize": 800,
  "sma50": {
    "above": 371,
    "below": 327,
    "counted": 698,
    "abovePct": 53.15186246418339,
    "belowPct": 46.84813753581662
  },
  "sma200": {
    "above": 395,
    "below": 250,
    "counted": 645,
    "abovePct": 61.240310077519375,
    "belowPct": 38.759689922480625
  }
}