{
  "t": 1767200747223,
  "sampleSize": 800,
  "sma50": {
    "above": 348,
    "below": 349,
    "counted": 697,
    "abovePct": 49.92826398852224,
    "belowPct": 50.07173601147776
  },
  "sma200": {
    "above": 379,
    "below": 265,
    "counted": 644,
    "abovePct": 58.850931677018636,
    "belowPct": 41.14906832298137
  }
}