{
  "t": 1767981094837,
  "sampleSize": 800,
  "sma50": {
    "above": 439,
    "below": 255,
    "counted": 694,
    "abovePct": 63.25648414985591,
    "belowPct": 36.74351585014409
  },
  "sma200": {
    "above": 405,
    "below": 240,
    "counted": 645,
    "abovePct": 62.7906976744186,
    "belowPct": 37.2093023255814
  }
}