{
  "t": 1768317941558,
  "sampleSize": 800,
  "sma50": {
    "above": 425,
    "below": 267,
    "counted": 692,
    "abovePct": 61.41618497109826,
    "belowPct": 38.58381502890174
  },
  "sma200": {
    "above": 402,
    "below": 243,
    "counted": 645,
    "abovePct": 62.32558139534884,
    "belowPct": 37.67441860465116
  }
}