{
  "t": 1767210501465,
  "sampleSize": 800,
  "sma50": {
    "above": 352,
    "below": 345,
    "counted": 697,
    "abovePct": 50.50215208034433,
    "belowPct": 49.49784791965567
  },
  "sma200": {
    "above": 378,
    "below": 266,
    "counted": 644,
    "abovePct": 58.69565217391305,
    "belowPct": 41.30434782608695
  }
}