{
  "t": 1764083237282,
  "sampleSize": 800,
  "sma50": {
    "above": 249,
    "below": 453,
    "counted": 702,
    "abovePct": 35.47008547008547,
    "belowPct": 64.52991452991454
  },
  "sma200": {
    "above": 366,
    "below": 274,
    "counted": 640,
    "abovePct": 57.1875,
    "belowPct": 42.8125
  }
}