{
  "t": 1768920097311,
  "sampleSize": 800,
  "sma50": {
    "above": 422,
    "below": 271,
    "counted": 693,
    "abovePct": 60.89466089466089,
    "belowPct": 39.105339105339105
  },
  "sma200": {
    "above": 406,
    "below": 240,
    "counted": 646,
    "abovePct": 62.848297213622295,
    "belowPct": 37.15170278637771
  }
}