{
  "t": 1764870005028,
  "sampleSize": 800,
  "sma50": {
    "above": 348,
    "below": 353,
    "counted": 701,
    "abovePct": 49.64336661911555,
    "belowPct": 50.35663338088445
  },
  "sma200": {
    "above": 403,
    "below": 245,
    "counted": 648,
    "abovePct": 62.191358024691354,
    "belowPct": 37.808641975308646
  }
}