{
  "t": 1765391167462,
  "sampleSize": 800,
  "sma50": {
    "above": 359,
    "below": 341,
    "counted": 700,
    "abovePct": 51.28571428571429,
    "belowPct": 48.714285714285715
  },
  "sma200": {
    "above": 407,
    "below": 240,
    "counted": 647,
    "abovePct": 62.90571870170015,
    "belowPct": 37.09428129829985
  }
}