{
  "t": 1773071387304,
  "sampleSize": 300,
  "sma50": {
    "above": 57,
    "below": 191,
    "counted": 248,
    "abovePct": 22.983870967741936,
    "belowPct": 77.01612903225806
  },
  "sma200": {
    "above": 118,
    "below": 120,
    "counted": 238,
    "abovePct": 49.57983193277311,
    "belowPct": 50.42016806722689
  }
}