{
  "t": 1762972883444,
  "sampleSize": 800,
  "sma50": {
    "above": 340,
    "below": 364,
    "counted": 704,
    "abovePct": 48.29545454545455,
    "belowPct": 51.70454545454546
  },
  "sma200": {
    "above": 400,
    "below": 242,
    "counted": 642,
    "abovePct": 62.30529595015576,
    "belowPct": 37.69470404984423
  }
}