{
  "t": 1773776987520,
  "sampleSize": 300,
  "sma50": {
    "above": 71,
    "below": 177,
    "counted": 248,
    "abovePct": 28.62903225806452,
    "belowPct": 71.37096774193549
  },
  "sma200": {
    "above": 109,
    "below": 129,
    "counted": 238,
    "abovePct": 45.79831932773109,
    "belowPct": 54.20168067226891
  }
}