{
  "t": 1780686573898,
  "sampleSize": 300,
  "sma50": {
    "above": 137,
    "below": 116,
    "counted": 253,
    "abovePct": 54.1501976284585,
    "belowPct": 45.8498023715415
  },
  "sma200": {
    "above": 129,
    "below": 113,
    "counted": 242,
    "abovePct": 53.30578512396694,
    "belowPct": 46.69421487603306
  }
}