{
  "t": 1775591408307,
  "sampleSize": 300,
  "sma50": {
    "above": 69,
    "below": 178,
    "counted": 247,
    "abovePct": 27.93522267206478,
    "belowPct": 72.06477732793523
  },
  "sma200": {
    "above": 92,
    "below": 145,
    "counted": 237,
    "abovePct": 38.81856540084388,
    "belowPct": 61.18143459915611
  }
}