{
  "t": 1763401046388,
  "sampleSize": 800,
  "sma50": {
    "above": 267,
    "below": 436,
    "counted": 703,
    "abovePct": 37.98008534850641,
    "belowPct": 62.0199146514936
  },
  "sma200": {
    "above": 370,
    "below": 271,
    "counted": 641,
    "abovePct": 57.72230889235569,
    "belowPct": 42.27769110764431
  }
}