{
  "t": 1767726329363,
  "sampleSize": 800,
  "sma50": {
    "above": 394,
    "below": 300,
    "counted": 694,
    "abovePct": 56.77233429394812,
    "belowPct": 43.22766570605187
  },
  "sma200": {
    "above": 385,
    "below": 261,
    "counted": 646,
    "abovePct": 59.59752321981424,
    "belowPct": 40.40247678018576
  }
}