{
  "t": 1763483153685,
  "sampleSize": 800,
  "sma50": {
    "above": 189,
    "below": 514,
    "counted": 703,
    "abovePct": 26.884779516358464,
    "belowPct": 73.11522048364154
  },
  "sma200": {
    "above": 352,
    "below": 289,
    "counted": 641,
    "abovePct": 54.91419656786272,
    "belowPct": 45.08580343213728
  }
}