{
  "t": 1765484712914,
  "sampleSize": 800,
  "sma50": {
    "above": 395,
    "below": 305,
    "counted": 700,
    "abovePct": 56.42857142857143,
    "belowPct": 43.57142857142857
  },
  "sma200": {
    "above": 419,
    "below": 225,
    "counted": 644,
    "abovePct": 65.06211180124224,
    "belowPct": 34.93788819875777
  }
}