{
  "t": 1763563737094,
  "sampleSize": 800,
  "sma50": {
    "above": 209,
    "below": 494,
    "counted": 703,
    "abovePct": 29.72972972972973,
    "belowPct": 70.27027027027027
  },
  "sma200": {
    "above": 357,
    "below": 284,
    "counted": 641,
    "abovePct": 55.69422776911076,
    "belowPct": 44.30577223088923
  }
}