{
  "t": 1765987706878,
  "sampleSize": 800,
  "sma50": {
    "above": 328,
    "below": 372,
    "counted": 700,
    "abovePct": 46.85714285714286,
    "belowPct": 53.142857142857146
  },
  "sma200": {
    "above": 396,
    "below": 248,
    "counted": 644,
    "abovePct": 61.49068322981367,
    "belowPct": 38.50931677018634
  }
}