{
  "t": 1766420736640,
  "sampleSize": 800,
  "sma50": {
    "above": 365,
    "below": 334,
    "counted": 699,
    "abovePct": 52.21745350500715,
    "belowPct": 47.78254649499284
  },
  "sma200": {
    "above": 399,
    "below": 247,
    "counted": 646,
    "abovePct": 61.76470588235294,
    "belowPct": 38.23529411764706
  }
}