{
  "t": 1768336808500,
  "sampleSize": 800,
  "sma50": {
    "above": 415,
    "below": 272,
    "counted": 687,
    "abovePct": 60.4075691411936,
    "belowPct": 39.5924308588064
  },
  "sma200": {
    "above": 400,
    "below": 240,
    "counted": 640,
    "abovePct": 62.5,
    "belowPct": 37.5
  }
}