{
  "t": 1778785750159,
  "sampleSize": 300,
  "sma50": {
    "above": 159,
    "below": 86,
    "counted": 245,
    "abovePct": 64.89795918367346,
    "belowPct": 35.10204081632653
  },
  "sma200": {
    "above": 139,
    "below": 103,
    "counted": 242,
    "abovePct": 57.438016528925615,
    "belowPct": 42.561983471074385
  }
}