{
  "t": 1780693472196,
  "sampleSize": 300,
  "sma50": {
    "above": 134,
    "below": 119,
    "counted": 253,
    "abovePct": 52.96442687747036,
    "belowPct": 47.03557312252965
  },
  "sma200": {
    "above": 128,
    "below": 114,
    "counted": 242,
    "abovePct": 52.892561983471076,
    "belowPct": 47.107438016528924
  }
}