{
  "t": 1763142546862,
  "sampleSize": 800,
  "sma50": {
    "above": 268,
    "below": 436,
    "counted": 704,
    "abovePct": 38.06818181818182,
    "belowPct": 61.93181818181818
  },
  "sma200": {
    "above": 370,
    "below": 272,
    "counted": 642,
    "abovePct": 57.63239875389408,
    "belowPct": 42.36760124610592
  }
}