{
  "t": 1772740149668,
  "sampleSize": 300,
  "sma50": {
    "above": 76,
    "below": 172,
    "counted": 248,
    "abovePct": 30.64516129032258,
    "belowPct": 69.35483870967742
  },
  "sma200": {
    "above": 133,
    "below": 105,
    "counted": 238,
    "abovePct": 55.88235294117647,
    "belowPct": 44.11764705882353
  }
}