{
  "t": 1775587775564,
  "sampleSize": 300,
  "sma50": {
    "above": 65,
    "below": 182,
    "counted": 247,
    "abovePct": 26.31578947368421,
    "belowPct": 73.68421052631578
  },
  "sma200": {
    "above": 89,
    "below": 148,
    "counted": 237,
    "abovePct": 37.552742616033754,
    "belowPct": 62.447257383966246
  }
}