{
  "t": 1766675206678,
  "sampleSize": 800,
  "sma50": {
    "above": 388,
    "below": 311,
    "counted": 699,
    "abovePct": 55.50786838340487,
    "belowPct": 44.49213161659514
  },
  "sma200": {
    "above": 402,
    "below": 244,
    "counted": 646,
    "abovePct": 62.22910216718266,
    "belowPct": 37.77089783281733
  }
}