{
  "t": 1768414192039,
  "sampleSize": 800,
  "sma50": {
    "above": 426,
    "below": 267,
    "counted": 693,
    "abovePct": 61.471861471861466,
    "belowPct": 38.52813852813853
  },
  "sma200": {
    "above": 404,
    "below": 242,
    "counted": 646,
    "abovePct": 62.538699690402474,
    "belowPct": 37.461300309597526
  }
}