{
  "t": 1766431447656,
  "sampleSize": 800,
  "sma50": {
    "above": 362,
    "below": 337,
    "counted": 699,
    "abovePct": 51.78826895565093,
    "belowPct": 48.21173104434907
  },
  "sma200": {
    "above": 395,
    "below": 251,
    "counted": 646,
    "abovePct": 61.145510835913306,
    "belowPct": 38.85448916408669
  }
}