{
  "t": 1770929170108,
  "sampleSize": 300,
  "sma50": {
    "above": 138,
    "below": 111,
    "counted": 249,
    "abovePct": 55.42168674698795,
    "belowPct": 44.57831325301205
  },
  "sma200": {
    "above": 145,
    "below": 92,
    "counted": 237,
    "abovePct": 61.18143459915611,
    "belowPct": 38.81856540084388
  }
}