{
  "t": 1763479506470,
  "sampleSize": 800,
  "sma50": {
    "above": 191,
    "below": 512,
    "counted": 703,
    "abovePct": 27.169274537695593,
    "belowPct": 72.83072546230441
  },
  "sma200": {
    "above": 350,
    "below": 291,
    "counted": 641,
    "abovePct": 54.60218408736349,
    "belowPct": 45.39781591263651
  }
}