{
  "t": 1768233229666,
  "sampleSize": 800,
  "sma50": {
    "above": 432,
    "below": 262,
    "counted": 694,
    "abovePct": 62.2478386167147,
    "belowPct": 37.752161383285305
  },
  "sma200": {
    "above": 405,
    "below": 242,
    "counted": 647,
    "abovePct": 62.59659969088099,
    "belowPct": 37.403400309119014
  }
}