{
  "t": 1770390096096,
  "sampleSize": 800,
  "sma50": {
    "above": 344,
    "below": 345,
    "counted": 689,
    "abovePct": 49.92743105950653,
    "belowPct": 50.07256894049347
  },
  "sma200": {
    "above": 390,
    "below": 259,
    "counted": 649,
    "abovePct": 60.0924499229584,
    "belowPct": 39.907550077041606
  }
}