{
  "t": 1767387021192,
  "sampleSize": 800,
  "sma50": {
    "above": 342,
    "below": 353,
    "counted": 695,
    "abovePct": 49.20863309352518,
    "belowPct": 50.79136690647482
  },
  "sma200": {
    "above": 369,
    "below": 276,
    "counted": 645,
    "abovePct": 57.20930232558139,
    "belowPct": 42.7906976744186
  }
}