{
  "t": 1765300061480,
  "sampleSize": 800,
  "sma50": {
    "above": 355,
    "below": 345,
    "counted": 700,
    "abovePct": 50.71428571428571,
    "belowPct": 49.28571428571429
  },
  "sma200": {
    "above": 411,
    "below": 236,
    "counted": 647,
    "abovePct": 63.52395672333848,
    "belowPct": 36.476043276661514
  }
}