{
  "t": 1763490365720,
  "sampleSize": 800,
  "sma50": {
    "above": 212,
    "below": 491,
    "counted": 703,
    "abovePct": 30.156472261735416,
    "belowPct": 69.84352773826458
  },
  "sma200": {
    "above": 359,
    "below": 282,
    "counted": 641,
    "abovePct": 56.00624024960999,
    "belowPct": 43.99375975039001
  }
}