{
  "t": 1773423961963,
  "sampleSize": 300,
  "sma50": {
    "above": 57,
    "below": 191,
    "counted": 248,
    "abovePct": 22.983870967741936,
    "belowPct": 77.01612903225806
  },
  "sma200": {
    "above": 100,
    "below": 138,
    "counted": 238,
    "abovePct": 42.016806722689076,
    "belowPct": 57.98319327731093
  }
}