{
  "t": 1775660221043,
  "sampleSize": 300,
  "sma50": {
    "above": 97,
    "below": 150,
    "counted": 247,
    "abovePct": 39.27125506072874,
    "belowPct": 60.72874493927125
  },
  "sma200": {
    "above": 104,
    "below": 133,
    "counted": 237,
    "abovePct": 43.88185654008439,
    "belowPct": 56.118143459915615
  }
}