{
  "t": 1765897695860,
  "sampleSize": 800,
  "sma50": {
    "above": 345,
    "below": 355,
    "counted": 700,
    "abovePct": 49.28571428571429,
    "belowPct": 50.71428571428571
  },
  "sma200": {
    "above": 391,
    "below": 253,
    "counted": 644,
    "abovePct": 60.71428571428571,
    "belowPct": 39.285714285714285
  }
}