{
  "t": 1762790861790,
  "sampleSize": 800,
  "sma50": {
    "above": 295,
    "below": 409,
    "counted": 704,
    "abovePct": 41.903409090909086,
    "belowPct": 58.09659090909091
  },
  "sma200": {
    "above": 393,
    "below": 249,
    "counted": 642,
    "abovePct": 61.21495327102804,
    "belowPct": 38.78504672897196
  }
}