{
  "t": 1771535365027,
  "sampleSize": 300,
  "sma50": {
    "above": 140,
    "below": 109,
    "counted": 249,
    "abovePct": 56.22489959839358,
    "belowPct": 43.77510040160642
  },
  "sma200": {
    "above": 148,
    "below": 91,
    "counted": 239,
    "abovePct": 61.92468619246861,
    "belowPct": 38.07531380753138
  }
}