{
  "t": 1764703488477,
  "sampleSize": 800,
  "sma50": {
    "above": 320,
    "below": 381,
    "counted": 701,
    "abovePct": 45.6490727532097,
    "belowPct": 54.350927246790306
  },
  "sma200": {
    "above": 380,
    "below": 264,
    "counted": 644,
    "abovePct": 59.006211180124225,
    "belowPct": 40.993788819875775
  }
}