{
  "t": 1764617804442,
  "sampleSize": 800,
  "sma50": {
    "above": 325,
    "below": 376,
    "counted": 701,
    "abovePct": 46.3623395149786,
    "belowPct": 53.6376604850214
  },
  "sma200": {
    "above": 386,
    "below": 258,
    "counted": 644,
    "abovePct": 59.93788819875776,
    "belowPct": 40.06211180124223
  }
}