{
  "t": 1763484173145,
  "sampleSize": 800,
  "sma50": {
    "above": 190,
    "below": 513,
    "counted": 703,
    "abovePct": 27.027027027027028,
    "belowPct": 72.97297297297297
  },
  "sma200": {
    "above": 352,
    "below": 289,
    "counted": 641,
    "abovePct": 54.91419656786272,
    "belowPct": 45.08580343213728
  }
}