{
  "t": 1763752996532,
  "sampleSize": 800,
  "sma50": {
    "above": 201,
    "below": 496,
    "counted": 697,
    "abovePct": 28.83787661406026,
    "belowPct": 71.16212338593975
  },
  "sma200": {
    "above": 344,
    "below": 291,
    "counted": 635,
    "abovePct": 54.17322834645669,
    "belowPct": 45.82677165354331
  }
}