{
  "t": 1763136453856,
  "sampleSize": 800,
  "sma50": {
    "above": 256,
    "below": 448,
    "counted": 704,
    "abovePct": 36.36363636363637,
    "belowPct": 63.63636363636363
  },
  "sma200": {
    "above": 371,
    "below": 271,
    "counted": 642,
    "abovePct": 57.78816199376947,
    "belowPct": 42.21183800623053
  }
}