{
  "t": 1768242381432,
  "sampleSize": 800,
  "sma50": {
    "above": 441,
    "below": 253,
    "counted": 694,
    "abovePct": 63.54466858789626,
    "belowPct": 36.455331412103746
  },
  "sma200": {
    "above": 406,
    "below": 241,
    "counted": 647,
    "abovePct": 62.75115919629057,
    "belowPct": 37.24884080370943
  }
}