{
  "t": 1764003064383,
  "sampleSize": 800,
  "sma50": {
    "above": 220,
    "below": 482,
    "counted": 702,
    "abovePct": 31.339031339031337,
    "belowPct": 68.66096866096866
  },
  "sma200": {
    "above": 359,
    "below": 281,
    "counted": 640,
    "abovePct": 56.09375,
    "belowPct": 43.90625
  }
}