{
  "t": 1769616752433,
  "sampleSize": 800,
  "sma50": {
    "above": 451,
    "below": 240,
    "counted": 691,
    "abovePct": 65.26772793053546,
    "belowPct": 34.73227206946454
  },
  "sma200": {
    "above": 420,
    "below": 230,
    "counted": 650,
    "abovePct": 64.61538461538461,
    "belowPct": 35.38461538461539
  }
}