{
  "t": 1778706285833,
  "sampleSize": 300,
  "sma50": {
    "above": 153,
    "below": 92,
    "counted": 245,
    "abovePct": 62.44897959183674,
    "belowPct": 37.55102040816327
  },
  "sma200": {
    "above": 138,
    "below": 104,
    "counted": 242,
    "abovePct": 57.02479338842975,
    "belowPct": 42.97520661157025
  }
}