{
  "t": 1763658362882,
  "sampleSize": 800,
  "sma50": {
    "above": 192,
    "below": 511,
    "counted": 703,
    "abovePct": 27.311522048364157,
    "belowPct": 72.68847795163585
  },
  "sma200": {
    "above": 341,
    "below": 300,
    "counted": 641,
    "abovePct": 53.198127925117,
    "belowPct": 46.80187207488299
  }
}