{
  "t": 1764011162133,
  "sampleSize": 800,
  "sma50": {
    "above": 229,
    "below": 473,
    "counted": 702,
    "abovePct": 32.62108262108262,
    "belowPct": 67.37891737891738
  },
  "sma200": {
    "above": 363,
    "below": 277,
    "counted": 640,
    "abovePct": 56.71874999999999,
    "belowPct": 43.28125
  }
}