{
  "t": 1767113700853,
  "sampleSize": 800,
  "sma50": {
    "above": 368,
    "below": 330,
    "counted": 698,
    "abovePct": 52.72206303724928,
    "belowPct": 47.277936962750715
  },
  "sma200": {
    "above": 394,
    "below": 251,
    "counted": 645,
    "abovePct": 61.08527131782946,
    "belowPct": 38.91472868217054
  }
}