{
  "t": 1762798132619,
  "sampleSize": 800,
  "sma50": {
    "above": 316,
    "below": 388,
    "counted": 704,
    "abovePct": 44.88636363636363,
    "belowPct": 55.11363636363637
  },
  "sma200": {
    "above": 395,
    "below": 247,
    "counted": 642,
    "abovePct": 61.52647975077882,
    "belowPct": 38.47352024922118
  }
}