{
  "t": 1770217346472,
  "sampleSize": 800,
  "sma50": {
    "above": 374,
    "below": 315,
    "counted": 689,
    "abovePct": 54.28156748911466,
    "belowPct": 45.71843251088534
  },
  "sma200": {
    "above": 397,
    "below": 253,
    "counted": 650,
    "abovePct": 61.07692307692307,
    "belowPct": 38.92307692307692
  }
}