{
  "t": 1768499083761,
  "sampleSize": 800,
  "sma50": {
    "above": 461,
    "below": 232,
    "counted": 693,
    "abovePct": 66.52236652236653,
    "belowPct": 33.477633477633475
  },
  "sma200": {
    "above": 421,
    "below": 225,
    "counted": 646,
    "abovePct": 65.17027863777089,
    "belowPct": 34.82972136222911
  }
}