{
  "t": 1764693859626,
  "sampleSize": 800,
  "sma50": {
    "above": 315,
    "below": 386,
    "counted": 701,
    "abovePct": 44.935805991440795,
    "belowPct": 55.0641940085592
  },
  "sma200": {
    "above": 380,
    "below": 264,
    "counted": 644,
    "abovePct": 59.006211180124225,
    "belowPct": 40.993788819875775
  }
}