{
  "t": 1762962667370,
  "sampleSize": 800,
  "sma50": {
    "above": 337,
    "below": 367,
    "counted": 704,
    "abovePct": 47.86931818181818,
    "belowPct": 52.13068181818182
  },
  "sma200": {
    "above": 399,
    "below": 243,
    "counted": 642,
    "abovePct": 62.149532710280376,
    "belowPct": 37.850467289719624
  }
}