{
  "t": 1780604180458,
  "sampleSize": 300,
  "sma50": {
    "above": 150,
    "below": 103,
    "counted": 253,
    "abovePct": 59.28853754940712,
    "belowPct": 40.71146245059288
  },
  "sma200": {
    "above": 136,
    "below": 106,
    "counted": 242,
    "abovePct": 56.19834710743802,
    "belowPct": 43.80165289256198
  }
}