{
  "t": 1773244095586,
  "sampleSize": 300,
  "sma50": {
    "above": 66,
    "below": 182,
    "counted": 248,
    "abovePct": 26.61290322580645,
    "belowPct": 73.38709677419355
  },
  "sma200": {
    "above": 120,
    "below": 118,
    "counted": 238,
    "abovePct": 50.42016806722689,
    "belowPct": 49.57983193277311
  }
}