{
  "t": 1765470368605,
  "sampleSize": 800,
  "sma50": {
    "above": 375,
    "below": 325,
    "counted": 700,
    "abovePct": 53.57142857142857,
    "belowPct": 46.42857142857143
  },
  "sma200": {
    "above": 412,
    "below": 232,
    "counted": 644,
    "abovePct": 63.975155279503106,
    "belowPct": 36.024844720496894
  }
}