{
  "t": 1768576092406,
  "sampleSize": 800,
  "sma50": {
    "above": 452,
    "below": 238,
    "counted": 690,
    "abovePct": 65.5072463768116,
    "belowPct": 34.492753623188406
  },
  "sma200": {
    "above": 413,
    "below": 229,
    "counted": 642,
    "abovePct": 64.33021806853583,
    "belowPct": 35.66978193146417
  }
}