{
  "t": 1766004661390,
  "sampleSize": 800,
  "sma50": {
    "above": 312,
    "below": 388,
    "counted": 700,
    "abovePct": 44.57142857142857,
    "belowPct": 55.42857142857143
  },
  "sma200": {
    "above": 389,
    "below": 255,
    "counted": 644,
    "abovePct": 60.40372670807454,
    "belowPct": 39.59627329192546
  }
}