{
  "t": 1778275395612,
  "sampleSize": 300,
  "sma50": {
    "above": 172,
    "below": 73,
    "counted": 245,
    "abovePct": 70.20408163265306,
    "belowPct": 29.795918367346943
  },
  "sma200": {
    "above": 143,
    "below": 99,
    "counted": 242,
    "abovePct": 59.09090909090909,
    "belowPct": 40.909090909090914
  }
}