{
  "t": 1772563701526,
  "sampleSize": 300,
  "sma50": {
    "above": 97,
    "below": 152,
    "counted": 249,
    "abovePct": 38.95582329317269,
    "belowPct": 61.044176706827315
  },
  "sma200": {
    "above": 135,
    "below": 104,
    "counted": 239,
    "abovePct": 56.48535564853556,
    "belowPct": 43.51464435146444
  }
}