{
  "t": 1763046469683,
  "sampleSize": 800,
  "sma50": {
    "above": 311,
    "below": 393,
    "counted": 704,
    "abovePct": 44.17613636363637,
    "belowPct": 55.82386363636363
  },
  "sma200": {
    "above": 388,
    "below": 254,
    "counted": 642,
    "abovePct": 60.43613707165109,
    "belowPct": 39.56386292834891
  }
}