{
  "t": 1776967016079,
  "sampleSize": 300,
  "sma50": {
    "above": 148,
    "below": 99,
    "counted": 247,
    "abovePct": 59.91902834008097,
    "belowPct": 40.08097165991903
  },
  "sma200": {
    "above": 135,
    "below": 106,
    "counted": 241,
    "abovePct": 56.016597510373444,
    "belowPct": 43.983402489626556
  }
}