{
  "t": 1764878831944,
  "sampleSize": 800,
  "sma50": {
    "above": 349,
    "below": 352,
    "counted": 701,
    "abovePct": 49.78601997146933,
    "belowPct": 50.21398002853067
  },
  "sma200": {
    "above": 407,
    "below": 241,
    "counted": 648,
    "abovePct": 62.808641975308646,
    "belowPct": 37.191358024691354
  }
}