{
  "t": 1764346027253,
  "sampleSize": 800,
  "sma50": {
    "above": 335,
    "below": 366,
    "counted": 701,
    "abovePct": 47.78887303851641,
    "belowPct": 52.211126961483586
  },
  "sma200": {
    "above": 393,
    "below": 250,
    "counted": 643,
    "abovePct": 61.11975116640747,
    "belowPct": 38.88024883359253
  }
}