{
  "t": 1772124572910,
  "sampleSize": 300,
  "sma50": {
    "above": 140,
    "below": 109,
    "counted": 249,
    "abovePct": 56.22489959839358,
    "belowPct": 43.77510040160642
  },
  "sma200": {
    "above": 153,
    "below": 86,
    "counted": 239,
    "abovePct": 64.01673640167364,
    "belowPct": 35.98326359832636
  }
}