{
  "t": 1776797451935,
  "sampleSize": 300,
  "sma50": {
    "above": 159,
    "below": 88,
    "counted": 247,
    "abovePct": 64.37246963562752,
    "belowPct": 35.62753036437247
  },
  "sma200": {
    "above": 134,
    "below": 107,
    "counted": 241,
    "abovePct": 55.601659751037346,
    "belowPct": 44.398340248962654
  }
}