{
  "t": 1776115041366,
  "sampleSize": 300,
  "sma50": {
    "above": 125,
    "below": 122,
    "counted": 247,
    "abovePct": 50.607287449392715,
    "belowPct": 49.392712550607285
  },
  "sma200": {
    "above": 110,
    "below": 129,
    "counted": 239,
    "abovePct": 46.02510460251046,
    "belowPct": 53.97489539748954
  }
}