{
  "t": 1770133712573,
  "sampleSize": 800,
  "sma50": {
    "above": 396,
    "below": 294,
    "counted": 690,
    "abovePct": 57.391304347826086,
    "belowPct": 42.608695652173914
  },
  "sma200": {
    "above": 408,
    "below": 242,
    "counted": 650,
    "abovePct": 62.76923076923077,
    "belowPct": 37.230769230769226
  }
}