{
  "t": 1773762657955,
  "sampleSize": 300,
  "sma50": {
    "above": 73,
    "below": 175,
    "counted": 248,
    "abovePct": 29.435483870967744,
    "belowPct": 70.56451612903226
  },
  "sma200": {
    "above": 110,
    "below": 128,
    "counted": 238,
    "abovePct": 46.21848739495798,
    "belowPct": 53.78151260504202
  }
}