{
  "t": 1766176688416,
  "sampleSize": 800,
  "sma50": {
    "above": 346,
    "below": 354,
    "counted": 700,
    "abovePct": 49.42857142857143,
    "belowPct": 50.57142857142857
  },
  "sma200": {
    "above": 396,
    "below": 251,
    "counted": 647,
    "abovePct": 61.205564142194746,
    "belowPct": 38.794435857805254
  }
}