{
  "t": 1770756811275,
  "sampleSize": 800,
  "sma50": {
    "above": 399,
    "below": 288,
    "counted": 687,
    "abovePct": 58.07860262008734,
    "belowPct": 41.92139737991266
  },
  "sma200": {
    "above": 405,
    "below": 244,
    "counted": 649,
    "abovePct": 62.40369799691834,
    "belowPct": 37.59630200308167
  }
}