{
  "t": 1767817521113,
  "sampleSize": 800,
  "sma50": {
    "above": 405,
    "below": 289,
    "counted": 694,
    "abovePct": 58.35734870317003,
    "belowPct": 41.64265129682997
  },
  "sma200": {
    "above": 388,
    "below": 258,
    "counted": 646,
    "abovePct": 60.06191950464397,
    "belowPct": 39.93808049535604
  }
}