{
  "t": 1765292872310,
  "sampleSize": 800,
  "sma50": {
    "above": 339,
    "below": 361,
    "counted": 700,
    "abovePct": 48.42857142857142,
    "belowPct": 51.57142857142857
  },
  "sma200": {
    "above": 407,
    "below": 240,
    "counted": 647,
    "abovePct": 62.90571870170015,
    "belowPct": 37.09428129829985
  }
}