{
  "t": 1762958934575,
  "sampleSize": 800,
  "sma50": {
    "above": 341,
    "below": 363,
    "counted": 704,
    "abovePct": 48.4375,
    "belowPct": 51.5625
  },
  "sma200": {
    "above": 403,
    "below": 239,
    "counted": 642,
    "abovePct": 62.77258566978193,
    "belowPct": 37.22741433021807
  }
}