{
  "t": 1766078791381,
  "sampleSize": 800,
  "sma50": {
    "above": 329,
    "below": 371,
    "counted": 700,
    "abovePct": 47,
    "belowPct": 53
  },
  "sma200": {
    "above": 395,
    "below": 252,
    "counted": 647,
    "abovePct": 61.051004636785166,
    "belowPct": 38.94899536321484
  }
}