{
  "t": 1769112459420,
  "sampleSize": 800,
  "sma50": {
    "above": 454,
    "below": 237,
    "counted": 691,
    "abovePct": 65.70188133140377,
    "belowPct": 34.29811866859624
  },
  "sma200": {
    "above": 432,
    "below": 214,
    "counted": 646,
    "abovePct": 66.87306501547987,
    "belowPct": 33.126934984520126
  }
}