{
  "t": 1770131989904,
  "sampleSize": 800,
  "sma50": {
    "above": 401,
    "below": 289,
    "counted": 690,
    "abovePct": 58.115942028985515,
    "belowPct": 41.88405797101449
  },
  "sma200": {
    "above": 404,
    "below": 246,
    "counted": 650,
    "abovePct": 62.153846153846146,
    "belowPct": 37.84615384615385
  }
}