{
  "t": 1770842821593,
  "sampleSize": 300,
  "sma50": {
    "above": 151,
    "below": 98,
    "counted": 249,
    "abovePct": 60.6425702811245,
    "belowPct": 39.3574297188755
  },
  "sma200": {
    "above": 150,
    "below": 87,
    "counted": 237,
    "abovePct": 63.29113924050633,
    "belowPct": 36.708860759493675
  }
}