{
  "t": 1765990675927,
  "sampleSize": 800,
  "sma50": {
    "above": 320,
    "below": 380,
    "counted": 700,
    "abovePct": 45.714285714285715,
    "belowPct": 54.285714285714285
  },
  "sma200": {
    "above": 391,
    "below": 253,
    "counted": 644,
    "abovePct": 60.71428571428571,
    "belowPct": 39.285714285714285
  }
}