{
  "t": 1777060111319,
  "sampleSize": 300,
  "sma50": {
    "above": 155,
    "below": 92,
    "counted": 247,
    "abovePct": 62.75303643724697,
    "belowPct": 37.24696356275304
  },
  "sma200": {
    "above": 136,
    "below": 105,
    "counted": 241,
    "abovePct": 56.43153526970954,
    "belowPct": 43.56846473029046
  }
}