{
  "t": 1764706048188,
  "sampleSize": 800,
  "sma50": {
    "above": 322,
    "below": 379,
    "counted": 701,
    "abovePct": 45.93437945791726,
    "belowPct": 54.06562054208274
  },
  "sma200": {
    "above": 381,
    "below": 263,
    "counted": 644,
    "abovePct": 59.161490683229815,
    "belowPct": 40.838509316770185
  }
}