{
  "t": 1768240215115,
  "sampleSize": 800,
  "sma50": {
    "above": 435,
    "below": 258,
    "counted": 693,
    "abovePct": 62.77056277056276,
    "belowPct": 37.22943722943723
  },
  "sma200": {
    "above": 407,
    "below": 239,
    "counted": 646,
    "abovePct": 63.00309597523219,
    "belowPct": 36.9969040247678
  }
}