{
  "t": 1767988143350,
  "sampleSize": 800,
  "sma50": {
    "above": 430,
    "below": 264,
    "counted": 694,
    "abovePct": 61.95965417867435,
    "belowPct": 38.04034582132565
  },
  "sma200": {
    "above": 402,
    "below": 243,
    "counted": 645,
    "abovePct": 62.32558139534884,
    "belowPct": 37.67441860465116
  }
}