{
  "t": 1782763947486,
  "sampleSize": 300,
  "sma50": {
    "above": 141,
    "below": 114,
    "counted": 255,
    "abovePct": 55.294117647058826,
    "belowPct": 44.70588235294118
  },
  "sma200": {
    "above": 123,
    "below": 89,
    "counted": 212,
    "abovePct": 58.01886792452831,
    "belowPct": 41.9811320754717
  }
}