{
  "t": 1767819881273,
  "sampleSize": 800,
  "sma50": {
    "above": 402,
    "below": 292,
    "counted": 694,
    "abovePct": 57.925072046109506,
    "belowPct": 42.07492795389049
  },
  "sma200": {
    "above": 390,
    "below": 256,
    "counted": 646,
    "abovePct": 60.371517027863774,
    "belowPct": 39.628482972136226
  }
}