{
  "t": 1769098244013,
  "sampleSize": 800,
  "sma50": {
    "above": 457,
    "below": 234,
    "counted": 691,
    "abovePct": 66.13603473227207,
    "belowPct": 33.86396526772793
  },
  "sma200": {
    "above": 431,
    "below": 214,
    "counted": 645,
    "abovePct": 66.82170542635659,
    "belowPct": 33.17829457364341
  }
}