{
  "t": 1772131721156,
  "sampleSize": 300,
  "sma50": {
    "above": 139,
    "below": 110,
    "counted": 249,
    "abovePct": 55.82329317269076,
    "belowPct": 44.17670682730924
  },
  "sma200": {
    "above": 153,
    "below": 86,
    "counted": 239,
    "abovePct": 64.01673640167364,
    "belowPct": 35.98326359832636
  }
}