{
  "t": 1764096878971,
  "sampleSize": 800,
  "sma50": {
    "above": 290,
    "below": 412,
    "counted": 702,
    "abovePct": 41.31054131054131,
    "belowPct": 58.68945868945868
  },
  "sma200": {
    "above": 371,
    "below": 270,
    "counted": 641,
    "abovePct": 57.87831513260531,
    "belowPct": 42.12168486739469
  }
}