{
  "t": 1774039530784,
  "sampleSize": 300,
  "sma50": {
    "above": 38,
    "below": 210,
    "counted": 248,
    "abovePct": 15.32258064516129,
    "belowPct": 84.67741935483872
  },
  "sma200": {
    "above": 79,
    "below": 159,
    "counted": 238,
    "abovePct": 33.193277310924366,
    "belowPct": 66.80672268907563
  }
}