{
  "t": 1762793646497,
  "sampleSize": 800,
  "sma50": {
    "above": 301,
    "below": 403,
    "counted": 704,
    "abovePct": 42.75568181818182,
    "belowPct": 57.24431818181818
  },
  "sma200": {
    "above": 391,
    "below": 251,
    "counted": 642,
    "abovePct": 60.90342679127726,
    "belowPct": 39.09657320872274
  }
}