{
  "t": 1773085525636,
  "sampleSize": 300,
  "sma50": {
    "above": 74,
    "below": 174,
    "counted": 248,
    "abovePct": 29.838709677419356,
    "belowPct": 70.16129032258065
  },
  "sma200": {
    "above": 125,
    "below": 113,
    "counted": 238,
    "abovePct": 52.52100840336135,
    "belowPct": 47.47899159663865
  }
}