{
  "t": 1779218071272,
  "sampleSize": 300,
  "sma50": {
    "above": 141,
    "below": 112,
    "counted": 253,
    "abovePct": 55.73122529644269,
    "belowPct": 44.26877470355731
  },
  "sma200": {
    "above": 133,
    "below": 109,
    "counted": 242,
    "abovePct": 54.958677685950406,
    "belowPct": 45.04132231404959
  }
}