{
  "t": 1768401564610,
  "sampleSize": 800,
  "sma50": {
    "above": 424,
    "below": 270,
    "counted": 694,
    "abovePct": 61.09510086455331,
    "belowPct": 38.90489913544668
  },
  "sma200": {
    "above": 404,
    "below": 243,
    "counted": 647,
    "abovePct": 62.442040185471406,
    "belowPct": 37.557959814528594
  }
}