{
  "t": 1782487160709,
  "sampleSize": 300,
  "sma50": {
    "above": 132,
    "below": 123,
    "counted": 255,
    "abovePct": 51.76470588235295,
    "belowPct": 48.23529411764706
  },
  "sma200": {
    "above": 119,
    "below": 93,
    "counted": 212,
    "abovePct": 56.132075471698116,
    "belowPct": 43.86792452830189
  }
}