{
  "t": 1779397533148,
  "sampleSize": 300,
  "sma50": {
    "above": 149,
    "below": 104,
    "counted": 253,
    "abovePct": 58.89328063241107,
    "belowPct": 41.10671936758894
  },
  "sma200": {
    "above": 137,
    "below": 105,
    "counted": 242,
    "abovePct": 56.611570247933884,
    "belowPct": 43.388429752066116
  }
}