{
  "t": 1769188205666,
  "sampleSize": 800,
  "sma50": {
    "above": 454,
    "below": 237,
    "counted": 691,
    "abovePct": 65.70188133140377,
    "belowPct": 34.29811866859624
  },
  "sma200": {
    "above": 429,
    "below": 218,
    "counted": 647,
    "abovePct": 66.30602782071098,
    "belowPct": 33.69397217928903
  }
}