{
  "t": 1782327894346,
  "sampleSize": 300,
  "sma50": {
    "above": 130,
    "below": 125,
    "counted": 255,
    "abovePct": 50.98039215686274,
    "belowPct": 49.01960784313725
  },
  "sma200": {
    "above": 122,
    "below": 89,
    "counted": 211,
    "abovePct": 57.81990521327014,
    "belowPct": 42.18009478672986
  }
}