{
  "t": 1776095938291,
  "sampleSize": 300,
  "sma50": {
    "above": 113,
    "below": 134,
    "counted": 247,
    "abovePct": 45.74898785425101,
    "belowPct": 54.25101214574899
  },
  "sma200": {
    "above": 108,
    "below": 130,
    "counted": 238,
    "abovePct": 45.378151260504204,
    "belowPct": 54.621848739495796
  }
}