{
  "t": 1764001502665,
  "sampleSize": 800,
  "sma50": {
    "above": 221,
    "below": 481,
    "counted": 702,
    "abovePct": 31.48148148148148,
    "belowPct": 68.51851851851852
  },
  "sma200": {
    "above": 359,
    "below": 281,
    "counted": 640,
    "abovePct": 56.09375,
    "belowPct": 43.90625
  }
}