{
  "t": 1774363815832,
  "sampleSize": 300,
  "sma50": {
    "above": 47,
    "below": 201,
    "counted": 248,
    "abovePct": 18.951612903225808,
    "belowPct": 81.04838709677419
  },
  "sma200": {
    "above": 85,
    "below": 153,
    "counted": 238,
    "abovePct": 35.714285714285715,
    "belowPct": 64.28571428571429
  }
}