{
  "t": 1768417606585,
  "sampleSize": 800,
  "sma50": {
    "above": 429,
    "below": 265,
    "counted": 694,
    "abovePct": 61.815561959654175,
    "belowPct": 38.18443804034582
  },
  "sma200": {
    "above": 406,
    "below": 241,
    "counted": 647,
    "abovePct": 62.75115919629057,
    "belowPct": 37.24884080370943
  }
}