{
  "t": 1769448508497,
  "sampleSize": 800,
  "sma50": {
    "above": 454,
    "below": 237,
    "counted": 691,
    "abovePct": 65.70188133140377,
    "belowPct": 34.29811866859624
  },
  "sma200": {
    "above": 414,
    "below": 233,
    "counted": 647,
    "abovePct": 63.98763523956723,
    "belowPct": 36.01236476043277
  }
}