{
  "t": 1764704955034,
  "sampleSize": 800,
  "sma50": {
    "above": 321,
    "below": 380,
    "counted": 701,
    "abovePct": 45.79172610556348,
    "belowPct": 54.20827389443652
  },
  "sma200": {
    "above": 381,
    "below": 263,
    "counted": 644,
    "abovePct": 59.161490683229815,
    "belowPct": 40.838509316770185
  }
}