{
  "t": 1763476574284,
  "sampleSize": 800,
  "sma50": {
    "above": 205,
    "below": 498,
    "counted": 703,
    "abovePct": 29.160739687055475,
    "belowPct": 70.83926031294452
  },
  "sma200": {
    "above": 345,
    "below": 296,
    "counted": 641,
    "abovePct": 53.82215288611545,
    "belowPct": 46.17784711388456
  }
}