{
  "t": 1765823178735,
  "sampleSize": 800,
  "sma50": {
    "above": 348,
    "below": 352,
    "counted": 700,
    "abovePct": 49.714285714285715,
    "belowPct": 50.28571428571429
  },
  "sma200": {
    "above": 389,
    "below": 254,
    "counted": 643,
    "abovePct": 60.49766718506998,
    "belowPct": 39.502332814930014
  }
}