{
  "t": 1782836323937,
  "sampleSize": 300,
  "sma50": {
    "above": 143,
    "below": 112,
    "counted": 255,
    "abovePct": 56.07843137254902,
    "belowPct": 43.92156862745098
  },
  "sma200": {
    "above": 126,
    "below": 86,
    "counted": 212,
    "abovePct": 59.43396226415094,
    "belowPct": 40.56603773584906
  }
}