{
  "t": 1777319830400,
  "sampleSize": 300,
  "sma50": {
    "above": 150,
    "below": 96,
    "counted": 246,
    "abovePct": 60.97560975609756,
    "belowPct": 39.02439024390244
  },
  "sma200": {
    "above": 136,
    "below": 105,
    "counted": 241,
    "abovePct": 56.43153526970954,
    "belowPct": 43.56846473029046
  }
}