{
  "t": 1773766248255,
  "sampleSize": 300,
  "sma50": {
    "above": 73,
    "below": 175,
    "counted": 248,
    "abovePct": 29.435483870967744,
    "belowPct": 70.56451612903226
  },
  "sma200": {
    "above": 112,
    "below": 126,
    "counted": 238,
    "abovePct": 47.05882352941176,
    "belowPct": 52.94117647058824
  }
}