{
  "t": 1769629981748,
  "sampleSize": 800,
  "sma50": {
    "above": 445,
    "below": 245,
    "counted": 690,
    "abovePct": 64.4927536231884,
    "belowPct": 35.507246376811594
  },
  "sma200": {
    "above": 416,
    "below": 234,
    "counted": 650,
    "abovePct": 64,
    "belowPct": 36
  }
}