{
  "t": 1767969507137,
  "sampleSize": 800,
  "sma50": {
    "above": 425,
    "below": 269,
    "counted": 694,
    "abovePct": 61.23919308357348,
    "belowPct": 38.76080691642652
  },
  "sma200": {
    "above": 407,
    "below": 238,
    "counted": 645,
    "abovePct": 63.100775193798455,
    "belowPct": 36.89922480620155
  }
}