{
  "t": 1762890555874,
  "sampleSize": 800,
  "sma50": {
    "above": 327,
    "below": 377,
    "counted": 704,
    "abovePct": 46.44886363636363,
    "belowPct": 53.55113636363637
  },
  "sma200": {
    "above": 397,
    "below": 245,
    "counted": 642,
    "abovePct": 61.838006230529594,
    "belowPct": 38.161993769470406
  }
}