{
  "t": 1775846906141,
  "sampleSize": 300,
  "sma50": {
    "above": 112,
    "below": 135,
    "counted": 247,
    "abovePct": 45.34412955465587,
    "belowPct": 54.655870445344135
  },
  "sma200": {
    "above": 106,
    "below": 131,
    "counted": 237,
    "abovePct": 44.72573839662447,
    "belowPct": 55.27426160337553
  }
}