{
  "t": 1767991864663,
  "sampleSize": 800,
  "sma50": {
    "above": 437,
    "below": 257,
    "counted": 694,
    "abovePct": 62.96829971181557,
    "belowPct": 37.03170028818444
  },
  "sma200": {
    "above": 408,
    "below": 237,
    "counted": 645,
    "abovePct": 63.25581395348837,
    "belowPct": 36.74418604651163
  }
}