{
  "t": 1773686986811,
  "sampleSize": 300,
  "sma50": {
    "above": 68,
    "below": 180,
    "counted": 248,
    "abovePct": 27.419354838709676,
    "belowPct": 72.58064516129032
  },
  "sma200": {
    "above": 104,
    "below": 134,
    "counted": 238,
    "abovePct": 43.69747899159664,
    "belowPct": 56.30252100840336
  }
}