{
  "t": 1770388991378,
  "sampleSize": 800,
  "sma50": {
    "above": 341,
    "below": 348,
    "counted": 689,
    "abovePct": 49.49201741654572,
    "belowPct": 50.50798258345428
  },
  "sma200": {
    "above": 388,
    "below": 261,
    "counted": 649,
    "abovePct": 59.78428351309707,
    "belowPct": 40.21571648690293
  }
}