{
  "t": 1767711027503,
  "sampleSize": 800,
  "sma50": {
    "above": 393,
    "below": 301,
    "counted": 694,
    "abovePct": 56.62824207492796,
    "belowPct": 43.371757925072046
  },
  "sma200": {
    "above": 388,
    "below": 258,
    "counted": 646,
    "abovePct": 60.06191950464397,
    "belowPct": 39.93808049535604
  }
}