{
  "t": 1764172172528,
  "sampleSize": 800,
  "sma50": {
    "above": 325,
    "below": 377,
    "counted": 702,
    "abovePct": 46.2962962962963,
    "belowPct": 53.70370370370371
  },
  "sma200": {
    "above": 383,
    "below": 260,
    "counted": 643,
    "abovePct": 59.56454121306376,
    "belowPct": 40.43545878693624
  }
}