{
  "t": 1767716747168,
  "sampleSize": 800,
  "sma50": {
    "above": 395,
    "below": 299,
    "counted": 694,
    "abovePct": 56.9164265129683,
    "belowPct": 43.0835734870317
  },
  "sma200": {
    "above": 386,
    "below": 260,
    "counted": 646,
    "abovePct": 59.75232198142415,
    "belowPct": 40.24767801857585
  }
}