{
  "t": 1771602389341,
  "sampleSize": 300,
  "sma50": {
    "above": 138,
    "below": 111,
    "counted": 249,
    "abovePct": 55.42168674698795,
    "belowPct": 44.57831325301205
  },
  "sma200": {
    "above": 146,
    "below": 93,
    "counted": 239,
    "abovePct": 61.08786610878661,
    "belowPct": 38.912133891213394
  }
}