{
  "t": 1779394207119,
  "sampleSize": 300,
  "sma50": {
    "above": 148,
    "below": 105,
    "counted": 253,
    "abovePct": 58.498023715415016,
    "belowPct": 41.50197628458498
  },
  "sma200": {
    "above": 137,
    "below": 105,
    "counted": 242,
    "abovePct": 56.611570247933884,
    "belowPct": 43.388429752066116
  }
}