{
  "t": 1781199815922,
  "sampleSize": 300,
  "sma50": {
    "above": 132,
    "below": 119,
    "counted": 251,
    "abovePct": 52.589641434262944,
    "belowPct": 47.410358565737056
  },
  "sma200": {
    "above": 117,
    "below": 94,
    "counted": 211,
    "abovePct": 55.45023696682464,
    "belowPct": 44.54976303317535
  }
}