{
  "t": 1764781853055,
  "sampleSize": 800,
  "sma50": {
    "above": 326,
    "below": 375,
    "counted": 701,
    "abovePct": 46.50499286733238,
    "belowPct": 53.49500713266762
  },
  "sma200": {
    "above": 389,
    "below": 257,
    "counted": 646,
    "abovePct": 60.216718266253864,
    "belowPct": 39.78328173374613
  }
}