{
  "t": 1764100143799,
  "sampleSize": 800,
  "sma50": {
    "above": 286,
    "below": 416,
    "counted": 702,
    "abovePct": 40.74074074074074,
    "belowPct": 59.25925925925925
  },
  "sma200": {
    "above": 369,
    "below": 272,
    "counted": 641,
    "abovePct": 57.56630265210608,
    "belowPct": 42.43369734789392
  }
}