{
  "t": 1769542063794,
  "sampleSize": 800,
  "sma50": {
    "above": 455,
    "below": 236,
    "counted": 691,
    "abovePct": 65.8465991316932,
    "belowPct": 34.1534008683068
  },
  "sma200": {
    "above": 421,
    "below": 229,
    "counted": 650,
    "abovePct": 64.76923076923077,
    "belowPct": 35.23076923076923
  }
}