{
  "t": 1778100994205,
  "sampleSize": 300,
  "sma50": {
    "above": 175,
    "below": 70,
    "counted": 245,
    "abovePct": 71.42857142857143,
    "belowPct": 28.57142857142857
  },
  "sma200": {
    "above": 147,
    "below": 94,
    "counted": 241,
    "abovePct": 60.99585062240664,
    "belowPct": 39.004149377593365
  }
}