{
  "t": 1765909578346,
  "sampleSize": 800,
  "sma50": {
    "above": 320,
    "below": 380,
    "counted": 700,
    "abovePct": 45.714285714285715,
    "belowPct": 54.285714285714285
  },
  "sma200": {
    "above": 388,
    "below": 256,
    "counted": 644,
    "abovePct": 60.24844720496895,
    "belowPct": 39.75155279503105
  }
}