{
  "t": 1771598823388,
  "sampleSize": 300,
  "sma50": {
    "above": 137,
    "below": 112,
    "counted": 249,
    "abovePct": 55.020080321285135,
    "belowPct": 44.97991967871486
  },
  "sma200": {
    "above": 145,
    "below": 94,
    "counted": 239,
    "abovePct": 60.66945606694561,
    "belowPct": 39.33054393305439
  }
}