{
  "t": 1762875471406,
  "sampleSize": 800,
  "sma50": {
    "above": 311,
    "below": 393,
    "counted": 704,
    "abovePct": 44.17613636363637,
    "belowPct": 55.82386363636363
  },
  "sma200": {
    "above": 395,
    "below": 247,
    "counted": 642,
    "abovePct": 61.52647975077882,
    "belowPct": 38.47352024922118
  }
}