{
  "t": 1764781032663,
  "sampleSize": 800,
  "sma50": {
    "above": 328,
    "below": 373,
    "counted": 701,
    "abovePct": 46.79029957203994,
    "belowPct": 53.20970042796006
  },
  "sma200": {
    "above": 389,
    "below": 257,
    "counted": 646,
    "abovePct": 60.216718266253864,
    "belowPct": 39.78328173374613
  }
}