{
  "t": 1765999456712,
  "sampleSize": 800,
  "sma50": {
    "above": 322,
    "below": 378,
    "counted": 700,
    "abovePct": 46,
    "belowPct": 54
  },
  "sma200": {
    "above": 393,
    "below": 251,
    "counted": 644,
    "abovePct": 61.024844720496894,
    "belowPct": 38.975155279503106
  }
}