{
  "t": 1768238796358,
  "sampleSize": 800,
  "sma50": {
    "above": 435,
    "below": 259,
    "counted": 694,
    "abovePct": 62.680115273775215,
    "belowPct": 37.319884726224785
  },
  "sma200": {
    "above": 406,
    "below": 241,
    "counted": 647,
    "abovePct": 62.75115919629057,
    "belowPct": 37.24884080370943
  }
}