{
  "t": 1768329984915,
  "sampleSize": 800,
  "sma50": {
    "above": 415,
    "below": 271,
    "counted": 686,
    "abovePct": 60.49562682215743,
    "belowPct": 39.50437317784257
  },
  "sma200": {
    "above": 399,
    "below": 240,
    "counted": 639,
    "abovePct": 62.441314553990615,
    "belowPct": 37.558685446009385
  }
}