{
  "t": 1767372811384,
  "sampleSize": 800,
  "sma50": {
    "above": 347,
    "below": 347,
    "counted": 694,
    "abovePct": 50,
    "belowPct": 50
  },
  "sma200": {
    "above": 372,
    "below": 272,
    "counted": 644,
    "abovePct": 57.7639751552795,
    "belowPct": 42.2360248447205
  }
}