{
  "t": 1770839408001,
  "sampleSize": 300,
  "sma50": {
    "above": 151,
    "below": 98,
    "counted": 249,
    "abovePct": 60.6425702811245,
    "belowPct": 39.3574297188755
  },
  "sma200": {
    "above": 152,
    "below": 85,
    "counted": 237,
    "abovePct": 64.13502109704642,
    "belowPct": 35.86497890295359
  }
}