{
  "t": 1765378245689,
  "sampleSize": 800,
  "sma50": {
    "above": 350,
    "below": 350,
    "counted": 700,
    "abovePct": 50,
    "belowPct": 50
  },
  "sma200": {
    "above": 401,
    "below": 246,
    "counted": 647,
    "abovePct": 61.97836166924265,
    "belowPct": 38.02163833075734
  }
}