{
  "t": 1764859069049,
  "sampleSize": 800,
  "sma50": {
    "above": 338,
    "below": 363,
    "counted": 701,
    "abovePct": 48.21683309557774,
    "belowPct": 51.78316690442225
  },
  "sma200": {
    "above": 399,
    "below": 248,
    "counted": 647,
    "abovePct": 61.66924265842349,
    "belowPct": 38.33075734157651
  }
}