{
  "t": 1765902377524,
  "sampleSize": 800,
  "sma50": {
    "above": 329,
    "below": 371,
    "counted": 700,
    "abovePct": 47,
    "belowPct": 53
  },
  "sma200": {
    "above": 390,
    "below": 254,
    "counted": 644,
    "abovePct": 60.55900621118012,
    "belowPct": 39.44099378881988
  }
}