{
  "t": 1776783561251,
  "sampleSize": 300,
  "sma50": {
    "above": 168,
    "below": 79,
    "counted": 247,
    "abovePct": 68.0161943319838,
    "belowPct": 31.983805668016196
  },
  "sma200": {
    "above": 137,
    "below": 104,
    "counted": 241,
    "abovePct": 56.84647302904564,
    "belowPct": 43.15352697095436
  }
}