{
  "t": 1763051132915,
  "sampleSize": 800,
  "sma50": {
    "above": 305,
    "below": 399,
    "counted": 704,
    "abovePct": 43.32386363636363,
    "belowPct": 56.67613636363637
  },
  "sma200": {
    "above": 384,
    "below": 258,
    "counted": 642,
    "abovePct": 59.813084112149525,
    "belowPct": 40.18691588785047
  }
}