{
  "t": 1762796158937,
  "sampleSize": 800,
  "sma50": {
    "above": 313,
    "below": 391,
    "counted": 704,
    "abovePct": 44.46022727272727,
    "belowPct": 55.53977272727273
  },
  "sma200": {
    "above": 398,
    "below": 244,
    "counted": 642,
    "abovePct": 61.99376947040498,
    "belowPct": 38.006230529595015
  }
}