{
  "t": 1774626515559,
  "sampleSize": 300,
  "sma50": {
    "above": 46,
    "below": 202,
    "counted": 248,
    "abovePct": 18.548387096774192,
    "belowPct": 81.45161290322581
  },
  "sma200": {
    "above": 86,
    "below": 152,
    "counted": 238,
    "abovePct": 36.134453781512605,
    "belowPct": 63.86554621848739
  }
}