{
  "t": 1781036189662,
  "sampleSize": 300,
  "sma50": {
    "above": 136,
    "below": 113,
    "counted": 249,
    "abovePct": 54.61847389558233,
    "belowPct": 45.38152610441767
  },
  "sma200": {
    "above": 114,
    "below": 96,
    "counted": 210,
    "abovePct": 54.285714285714285,
    "belowPct": 45.714285714285715
  }
}