{
  "t": 1767723006733,
  "sampleSize": 800,
  "sma50": {
    "above": 392,
    "below": 301,
    "counted": 693,
    "abovePct": 56.56565656565656,
    "belowPct": 43.43434343434344
  },
  "sma200": {
    "above": 384,
    "below": 261,
    "counted": 645,
    "abovePct": 59.53488372093023,
    "belowPct": 40.46511627906977
  }
}