{
  "t": 1764006587851,
  "sampleSize": 800,
  "sma50": {
    "above": 231,
    "below": 471,
    "counted": 702,
    "abovePct": 32.9059829059829,
    "belowPct": 67.09401709401709
  },
  "sma200": {
    "above": 358,
    "below": 282,
    "counted": 640,
    "abovePct": 55.93749999999999,
    "belowPct": 44.0625
  }
}