{
  "t": 1774288120078,
  "sampleSize": 300,
  "sma50": {
    "above": 51,
    "below": 197,
    "counted": 248,
    "abovePct": 20.56451612903226,
    "belowPct": 79.43548387096774
  },
  "sma200": {
    "above": 88,
    "below": 150,
    "counted": 238,
    "abovePct": 36.97478991596639,
    "belowPct": 63.02521008403361
  }
}