{
  "t": 1768328803979,
  "sampleSize": 800,
  "sma50": {
    "above": 417,
    "below": 274,
    "counted": 691,
    "abovePct": 60.34732272069464,
    "belowPct": 39.65267727930535
  },
  "sma200": {
    "above": 402,
    "below": 243,
    "counted": 645,
    "abovePct": 62.32558139534884,
    "belowPct": 37.67441860465116
  }
}