{
  "t": 1781214130581,
  "sampleSize": 300,
  "sma50": {
    "above": 137,
    "below": 114,
    "counted": 251,
    "abovePct": 54.581673306772906,
    "belowPct": 45.41832669322709
  },
  "sma200": {
    "above": 118,
    "below": 93,
    "counted": 211,
    "abovePct": 55.92417061611374,
    "belowPct": 44.07582938388626
  }
}