{
  "t": 1775584172509,
  "sampleSize": 300,
  "sma50": {
    "above": 67,
    "below": 181,
    "counted": 248,
    "abovePct": 27.016129032258064,
    "belowPct": 72.98387096774194
  },
  "sma200": {
    "above": 90,
    "below": 148,
    "counted": 238,
    "abovePct": 37.81512605042017,
    "belowPct": 62.18487394957983
  }
}