{
  "t": 1767972316704,
  "sampleSize": 800,
  "sma50": {
    "above": 422,
    "below": 269,
    "counted": 691,
    "abovePct": 61.070911722141815,
    "belowPct": 38.92908827785818
  },
  "sma200": {
    "above": 403,
    "below": 240,
    "counted": 643,
    "abovePct": 62.674961119751174,
    "belowPct": 37.32503888024883
  }
}