{
  "t": 1767646281418,
  "sampleSize": 800,
  "sma50": {
    "above": 390,
    "below": 304,
    "counted": 694,
    "abovePct": 56.195965417867434,
    "belowPct": 43.804034582132566
  },
  "sma200": {
    "above": 385,
    "below": 260,
    "counted": 645,
    "abovePct": 59.68992248062015,
    "belowPct": 40.310077519379846
  }
}