{
  "t": 1768497426937,
  "sampleSize": 800,
  "sma50": {
    "above": 462,
    "below": 231,
    "counted": 693,
    "abovePct": 66.66666666666666,
    "belowPct": 33.33333333333333
  },
  "sma200": {
    "above": 421,
    "below": 225,
    "counted": 646,
    "abovePct": 65.17027863777089,
    "belowPct": 34.82972136222911
  }
}