{
  "t": 1767977857187,
  "sampleSize": 800,
  "sma50": {
    "above": 432,
    "below": 260,
    "counted": 692,
    "abovePct": 62.42774566473989,
    "belowPct": 37.57225433526011
  },
  "sma200": {
    "above": 402,
    "below": 241,
    "counted": 643,
    "abovePct": 62.51944012441679,
    "belowPct": 37.480559875583204
  }
}