{
  "t": 1768230546784,
  "sampleSize": 800,
  "sma50": {
    "above": 430,
    "below": 264,
    "counted": 694,
    "abovePct": 61.95965417867435,
    "belowPct": 38.04034582132565
  },
  "sma200": {
    "above": 403,
    "below": 244,
    "counted": 647,
    "abovePct": 62.287480680061826,
    "belowPct": 37.712519319938174
  }
}