{
  "t": 1776887617287,
  "sampleSize": 300,
  "sma50": {
    "above": 159,
    "below": 88,
    "counted": 247,
    "abovePct": 64.37246963562752,
    "belowPct": 35.62753036437247
  },
  "sma200": {
    "above": 139,
    "below": 102,
    "counted": 241,
    "abovePct": 57.676348547717836,
    "belowPct": 42.32365145228216
  }
}