{
  "t": 1776282829811,
  "sampleSize": 300,
  "sma50": {
    "above": 152,
    "below": 93,
    "counted": 245,
    "abovePct": 62.04081632653061,
    "belowPct": 37.95918367346939
  },
  "sma200": {
    "above": 121,
    "below": 116,
    "counted": 237,
    "abovePct": 51.0548523206751,
    "belowPct": 48.9451476793249
  }
}