{
  "t": 1764342389640,
  "sampleSize": 800,
  "sma50": {
    "above": 336,
    "below": 365,
    "counted": 701,
    "abovePct": 47.93152639087018,
    "belowPct": 52.06847360912982
  },
  "sma200": {
    "above": 390,
    "below": 253,
    "counted": 643,
    "abovePct": 60.65318818040435,
    "belowPct": 39.346811819595644
  }
}