{
  "t": 1769183606040,
  "sampleSize": 800,
  "sma50": {
    "above": 451,
    "below": 240,
    "counted": 691,
    "abovePct": 65.26772793053546,
    "belowPct": 34.73227206946454
  },
  "sma200": {
    "above": 428,
    "below": 219,
    "counted": 647,
    "abovePct": 66.15146831530139,
    "belowPct": 33.84853168469861
  }
}