{
  "t": 1766000130289,
  "sampleSize": 800,
  "sma50": {
    "above": 319,
    "below": 381,
    "counted": 700,
    "abovePct": 45.57142857142858,
    "belowPct": 54.42857142857142
  },
  "sma200": {
    "above": 393,
    "below": 251,
    "counted": 644,
    "abovePct": 61.024844720496894,
    "belowPct": 38.975155279503106
  }
}