{
  "t": 1782760397402,
  "sampleSize": 300,
  "sma50": {
    "above": 141,
    "below": 114,
    "counted": 255,
    "abovePct": 55.294117647058826,
    "belowPct": 44.70588235294118
  },
  "sma200": {
    "above": 122,
    "below": 90,
    "counted": 212,
    "abovePct": 57.54716981132076,
    "belowPct": 42.45283018867924
  }
}