{
  "t": 1764000435328,
  "sampleSize": 800,
  "sma50": {
    "above": 217,
    "below": 485,
    "counted": 702,
    "abovePct": 30.91168091168091,
    "belowPct": 69.08831908831908
  },
  "sma200": {
    "above": 356,
    "below": 284,
    "counted": 640,
    "abovePct": 55.625,
    "belowPct": 44.375
  }
}