{
  "t": 1765310791889,
  "sampleSize": 800,
  "sma50": {
    "above": 352,
    "below": 348,
    "counted": 700,
    "abovePct": 50.28571428571429,
    "belowPct": 49.714285714285715
  },
  "sma200": {
    "above": 402,
    "below": 245,
    "counted": 647,
    "abovePct": 62.132921174652246,
    "belowPct": 37.86707882534776
  }
}