{
  "t": 1764784239008,
  "sampleSize": 800,
  "sma50": {
    "above": 333,
    "below": 368,
    "counted": 701,
    "abovePct": 47.50356633380884,
    "belowPct": 52.49643366619116
  },
  "sma200": {
    "above": 393,
    "below": 253,
    "counted": 646,
    "abovePct": 60.8359133126935,
    "belowPct": 39.1640866873065
  }
}