{
  "t": 1763580198941,
  "sampleSize": 800,
  "sma50": {
    "above": 196,
    "below": 507,
    "counted": 703,
    "abovePct": 27.880512091038405,
    "belowPct": 72.11948790896159
  },
  "sma200": {
    "above": 349,
    "below": 292,
    "counted": 641,
    "abovePct": 54.44617784711389,
    "belowPct": 45.55382215288611
  }
}