{
  "t": 1767209676369,
  "sampleSize": 800,
  "sma50": {
    "above": 355,
    "below": 342,
    "counted": 697,
    "abovePct": 50.9325681492109,
    "belowPct": 49.06743185078909
  },
  "sma200": {
    "above": 380,
    "below": 264,
    "counted": 644,
    "abovePct": 59.006211180124225,
    "belowPct": 40.993788819875775
  }
}