{
  "t": 1772642880645,
  "sampleSize": 300,
  "sma50": {
    "above": 105,
    "below": 143,
    "counted": 248,
    "abovePct": 42.33870967741936,
    "belowPct": 57.66129032258065
  },
  "sma200": {
    "above": 136,
    "below": 102,
    "counted": 238,
    "abovePct": 57.14285714285714,
    "belowPct": 42.857142857142854
  }
}