{
  "t": 1775836119176,
  "sampleSize": 300,
  "sma50": {
    "above": 114,
    "below": 133,
    "counted": 247,
    "abovePct": 46.15384615384615,
    "belowPct": 53.84615384615385
  },
  "sma200": {
    "above": 107,
    "below": 130,
    "counted": 237,
    "abovePct": 45.14767932489451,
    "belowPct": 54.85232067510548
  }
}