{
  "t": 1764178626837,
  "sampleSize": 800,
  "sma50": {
    "above": 333,
    "below": 369,
    "counted": 702,
    "abovePct": 47.43589743589743,
    "belowPct": 52.56410256410257
  },
  "sma200": {
    "above": 386,
    "below": 257,
    "counted": 643,
    "abovePct": 60.031104199066874,
    "belowPct": 39.968895800933126
  }
}