{
  "t": 1778530042386,
  "sampleSize": 300,
  "sma50": {
    "above": 161,
    "below": 84,
    "counted": 245,
    "abovePct": 65.71428571428571,
    "belowPct": 34.285714285714285
  },
  "sma200": {
    "above": 141,
    "below": 101,
    "counted": 242,
    "abovePct": 58.26446280991735,
    "belowPct": 41.735537190082646
  }
}