{
  "t": 1765830313005,
  "sampleSize": 800,
  "sma50": {
    "above": 355,
    "below": 345,
    "counted": 700,
    "abovePct": 50.71428571428571,
    "belowPct": 49.28571428571429
  },
  "sma200": {
    "above": 396,
    "below": 247,
    "counted": 643,
    "abovePct": 61.58631415241057,
    "belowPct": 38.41368584758943
  }
}