{
  "t": 1770302640079,
  "sampleSize": 800,
  "sma50": {
    "above": 359,
    "below": 330,
    "counted": 689,
    "abovePct": 52.1044992743106,
    "belowPct": 47.8955007256894
  },
  "sma200": {
    "above": 392,
    "below": 258,
    "counted": 650,
    "abovePct": 60.30769230769231,
    "belowPct": 39.69230769230769
  }
}