{
  "t": 1763996836641,
  "sampleSize": 800,
  "sma50": {
    "above": 208,
    "below": 494,
    "counted": 702,
    "abovePct": 29.629629629629626,
    "belowPct": 70.37037037037037
  },
  "sma200": {
    "above": 354,
    "below": 286,
    "counted": 640,
    "abovePct": 55.3125,
    "belowPct": 44.6875
  }
}