{
  "t": 1767369010999,
  "sampleSize": 800,
  "sma50": {
    "above": 335,
    "below": 360,
    "counted": 695,
    "abovePct": 48.201438848920866,
    "belowPct": 51.798561151079134
  },
  "sma200": {
    "above": 370,
    "below": 275,
    "counted": 645,
    "abovePct": 57.36434108527132,
    "belowPct": 42.63565891472868
  }
}