{
  "t": 1780600732498,
  "sampleSize": 300,
  "sma50": {
    "above": 147,
    "below": 106,
    "counted": 253,
    "abovePct": 58.10276679841897,
    "belowPct": 41.89723320158103
  },
  "sma200": {
    "above": 134,
    "below": 108,
    "counted": 242,
    "abovePct": 55.371900826446286,
    "belowPct": 44.62809917355372
  }
}