{
  "t": 1767730031100,
  "sampleSize": 800,
  "sma50": {
    "above": 395,
    "below": 293,
    "counted": 688,
    "abovePct": 57.412790697674424,
    "belowPct": 42.587209302325576
  },
  "sma200": {
    "above": 385,
    "below": 255,
    "counted": 640,
    "abovePct": 60.15625,
    "belowPct": 39.84375
  }
}