{
  "t": 1763750416185,
  "sampleSize": 800,
  "sma50": {
    "above": 195,
    "below": 502,
    "counted": 697,
    "abovePct": 27.977044476327116,
    "belowPct": 72.02295552367288
  },
  "sma200": {
    "above": 340,
    "below": 295,
    "counted": 635,
    "abovePct": 53.54330708661418,
    "belowPct": 46.45669291338583
  }
}