{
  "t": 1770755389589,
  "sampleSize": 800,
  "sma50": {
    "above": 400,
    "below": 287,
    "counted": 687,
    "abovePct": 58.22416302765647,
    "belowPct": 41.77583697234352
  },
  "sma200": {
    "above": 406,
    "below": 243,
    "counted": 649,
    "abovePct": 62.557781201849,
    "belowPct": 37.442218798151
  }
}