{
  "t": 1773863299932,
  "sampleSize": 300,
  "sma50": {
    "above": 57,
    "below": 191,
    "counted": 248,
    "abovePct": 22.983870967741936,
    "belowPct": 77.01612903225806
  },
  "sma200": {
    "above": 96,
    "below": 142,
    "counted": 238,
    "abovePct": 40.33613445378151,
    "belowPct": 59.66386554621849
  }
}