{
  "t": 1769181925503,
  "sampleSize": 800,
  "sma50": {
    "above": 448,
    "below": 243,
    "counted": 691,
    "abovePct": 64.83357452966715,
    "belowPct": 35.166425470332854
  },
  "sma200": {
    "above": 429,
    "below": 218,
    "counted": 647,
    "abovePct": 66.30602782071098,
    "belowPct": 33.69397217928903
  }
}