{
  "t": 1766594440804,
  "sampleSize": 800,
  "sma50": {
    "above": 381,
    "below": 318,
    "counted": 699,
    "abovePct": 54.506437768240346,
    "belowPct": 45.493562231759654
  },
  "sma200": {
    "above": 399,
    "below": 247,
    "counted": 646,
    "abovePct": 61.76470588235294,
    "belowPct": 38.23529411764706
  }
}