{
  "t": 1766154997815,
  "sampleSize": 800,
  "sma50": {
    "above": 331,
    "below": 369,
    "counted": 700,
    "abovePct": 47.285714285714285,
    "belowPct": 52.714285714285715
  },
  "sma200": {
    "above": 396,
    "below": 251,
    "counted": 647,
    "abovePct": 61.205564142194746,
    "belowPct": 38.794435857805254
  }
}