{
  "t": 1763998726011,
  "sampleSize": 800,
  "sma50": {
    "above": 210,
    "below": 492,
    "counted": 702,
    "abovePct": 29.914529914529915,
    "belowPct": 70.08547008547008
  },
  "sma200": {
    "above": 353,
    "below": 287,
    "counted": 640,
    "abovePct": 55.15624999999999,
    "belowPct": 44.84375
  }
}