{
  "t": 1764351349226,
  "sampleSize": 800,
  "sma50": {
    "above": 336,
    "below": 365,
    "counted": 701,
    "abovePct": 47.93152639087018,
    "belowPct": 52.06847360912982
  },
  "sma200": {
    "above": 393,
    "below": 250,
    "counted": 643,
    "abovePct": 61.11975116640747,
    "belowPct": 38.88024883359253
  }
}