{
  "t": 1768335921313,
  "sampleSize": 800,
  "sma50": {
    "above": 417,
    "below": 268,
    "counted": 685,
    "abovePct": 60.87591240875913,
    "belowPct": 39.12408759124087
  },
  "sma200": {
    "above": 401,
    "below": 238,
    "counted": 639,
    "abovePct": 62.75430359937402,
    "belowPct": 37.245696400625974
  }
}