{
  "t": 1777911156514,
  "sampleSize": 300,
  "sma50": {
    "above": 160,
    "below": 85,
    "counted": 245,
    "abovePct": 65.3061224489796,
    "belowPct": 34.69387755102041
  },
  "sma200": {
    "above": 138,
    "below": 103,
    "counted": 241,
    "abovePct": 57.26141078838174,
    "belowPct": 42.738589211618255
  }
}