{
  "t": 1765553116164,
  "sampleSize": 800,
  "sma50": {
    "above": 383,
    "below": 317,
    "counted": 700,
    "abovePct": 54.714285714285715,
    "belowPct": 45.285714285714285
  },
  "sma200": {
    "above": 417,
    "below": 227,
    "counted": 644,
    "abovePct": 64.75155279503106,
    "belowPct": 35.24844720496895
  }
}