{
  "t": 1763134587233,
  "sampleSize": 800,
  "sma50": {
    "above": 246,
    "below": 458,
    "counted": 704,
    "abovePct": 34.94318181818182,
    "belowPct": 65.05681818181817
  },
  "sma200": {
    "above": 369,
    "below": 273,
    "counted": 642,
    "abovePct": 57.476635514018696,
    "belowPct": 42.523364485981304
  }
}