{
  "t": 1770056160174,
  "sampleSize": 800,
  "sma50": {
    "above": 405,
    "below": 285,
    "counted": 690,
    "abovePct": 58.69565217391305,
    "belowPct": 41.30434782608695
  },
  "sma200": {
    "above": 408,
    "below": 242,
    "counted": 650,
    "abovePct": 62.76923076923077,
    "belowPct": 37.230769230769226
  }
}