{
  "t": 1773683433320,
  "sampleSize": 300,
  "sma50": {
    "above": 67,
    "below": 181,
    "counted": 248,
    "abovePct": 27.016129032258064,
    "belowPct": 72.98387096774194
  },
  "sma200": {
    "above": 102,
    "below": 136,
    "counted": 238,
    "abovePct": 42.857142857142854,
    "belowPct": 57.14285714285714
  }
}