{
  "t": 1769460834406,
  "sampleSize": 800,
  "sma50": {
    "above": 460,
    "below": 231,
    "counted": 691,
    "abovePct": 66.57018813314038,
    "belowPct": 33.42981186685962
  },
  "sma200": {
    "above": 419,
    "below": 228,
    "counted": 647,
    "abovePct": 64.76043276661515,
    "belowPct": 35.239567233384854
  }
}