{
  "t": 1778602958542,
  "sampleSize": 300,
  "sma50": {
    "above": 153,
    "below": 92,
    "counted": 245,
    "abovePct": 62.44897959183674,
    "belowPct": 37.55102040816327
  },
  "sma200": {
    "above": 137,
    "below": 105,
    "counted": 242,
    "abovePct": 56.611570247933884,
    "belowPct": 43.388429752066116
  }
}