{
  "t": 1763489356624,
  "sampleSize": 800,
  "sma50": {
    "above": 209,
    "below": 494,
    "counted": 703,
    "abovePct": 29.72972972972973,
    "belowPct": 70.27027027027027
  },
  "sma200": {
    "above": 360,
    "below": 281,
    "counted": 641,
    "abovePct": 56.16224648985959,
    "belowPct": 43.8377535101404
  }
}