{
  "t": 1763568500949,
  "sampleSize": 800,
  "sma50": {
    "above": 205,
    "below": 498,
    "counted": 703,
    "abovePct": 29.160739687055475,
    "belowPct": 70.83926031294452
  },
  "sma200": {
    "above": 355,
    "below": 286,
    "counted": 641,
    "abovePct": 55.38221528861155,
    "belowPct": 44.61778471138845
  }
}