{
  "t": 1766508170272,
  "sampleSize": 800,
  "sma50": {
    "above": 358,
    "below": 341,
    "counted": 699,
    "abovePct": 51.21602288984263,
    "belowPct": 48.783977110157366
  },
  "sma200": {
    "above": 392,
    "below": 254,
    "counted": 646,
    "abovePct": 60.681114551083596,
    "belowPct": 39.318885448916404
  }
}