{
  "t": 1763565898483,
  "sampleSize": 800,
  "sma50": {
    "above": 212,
    "below": 491,
    "counted": 703,
    "abovePct": 30.156472261735416,
    "belowPct": 69.84352773826458
  },
  "sma200": {
    "above": 358,
    "below": 283,
    "counted": 641,
    "abovePct": 55.85023400936038,
    "belowPct": 44.14976599063963
  }
}