{
  "t": 1763662141427,
  "sampleSize": 800,
  "sma50": {
    "above": 181,
    "below": 522,
    "counted": 703,
    "abovePct": 25.746799431009958,
    "belowPct": 74.25320056899004
  },
  "sma200": {
    "above": 336,
    "below": 305,
    "counted": 641,
    "abovePct": 52.418096723868956,
    "belowPct": 47.581903276131044
  }
}