{
  "t": 1770303861219,
  "sampleSize": 800,
  "sma50": {
    "above": 352,
    "below": 337,
    "counted": 689,
    "abovePct": 51.088534107402026,
    "belowPct": 48.91146589259797
  },
  "sma200": {
    "above": 387,
    "below": 263,
    "counted": 650,
    "abovePct": 59.53846153846154,
    "belowPct": 40.46153846153846
  }
}