{
  "t": 1772120958681,
  "sampleSize": 300,
  "sma50": {
    "above": 139,
    "below": 110,
    "counted": 249,
    "abovePct": 55.82329317269076,
    "belowPct": 44.17670682730924
  },
  "sma200": {
    "above": 152,
    "below": 87,
    "counted": 239,
    "abovePct": 63.59832635983263,
    "belowPct": 36.40167364016737
  }
}