{
  "t": 1764963286170,
  "sampleSize": 800,
  "sma50": {
    "above": 351,
    "below": 350,
    "counted": 701,
    "abovePct": 50.07132667617689,
    "belowPct": 49.928673323823105
  },
  "sma200": {
    "above": 411,
    "below": 237,
    "counted": 648,
    "abovePct": 63.42592592592593,
    "belowPct": 36.574074074074076
  }
}