{
  "t": 1779896872078,
  "sampleSize": 300,
  "sma50": {
    "above": 163,
    "below": 90,
    "counted": 253,
    "abovePct": 64.42687747035573,
    "belowPct": 35.573122529644266
  },
  "sma200": {
    "above": 145,
    "below": 97,
    "counted": 242,
    "abovePct": 59.917355371900825,
    "belowPct": 40.082644628099175
  }
}