{
  "t": 1776369113798,
  "sampleSize": 300,
  "sma50": {
    "above": 154,
    "below": 93,
    "counted": 247,
    "abovePct": 62.34817813765182,
    "belowPct": 37.65182186234818
  },
  "sma200": {
    "above": 129,
    "below": 111,
    "counted": 240,
    "abovePct": 53.75,
    "belowPct": 46.25
  }
}