{
  "t": 1781711229737,
  "sampleSize": 300,
  "sma50": {
    "above": 146,
    "below": 107,
    "counted": 253,
    "abovePct": 57.70750988142292,
    "belowPct": 42.29249011857708
  },
  "sma200": {
    "above": 126,
    "below": 85,
    "counted": 211,
    "abovePct": 59.71563981042654,
    "belowPct": 40.28436018957346
  }
}