{
  "t": 1773334187933,
  "sampleSize": 300,
  "sma50": {
    "above": 62,
    "below": 186,
    "counted": 248,
    "abovePct": 25,
    "belowPct": 75
  },
  "sma200": {
    "above": 108,
    "below": 130,
    "counted": 238,
    "abovePct": 45.378151260504204,
    "belowPct": 54.621848739495796
  }
}