{
  "t": 1763659399928,
  "sampleSize": 800,
  "sma50": {
    "above": 185,
    "below": 518,
    "counted": 703,
    "abovePct": 26.31578947368421,
    "belowPct": 73.68421052631578
  },
  "sma200": {
    "above": 337,
    "below": 304,
    "counted": 641,
    "abovePct": 52.574102964118566,
    "belowPct": 47.425897035881434
  }
}