{
  "t": 1767712044596,
  "sampleSize": 800,
  "sma50": {
    "above": 398,
    "below": 295,
    "counted": 693,
    "abovePct": 57.43145743145743,
    "belowPct": 42.56854256854257
  },
  "sma200": {
    "above": 385,
    "below": 260,
    "counted": 645,
    "abovePct": 59.68992248062015,
    "belowPct": 40.310077519379846
  }
}