{
  "t": 1763477322328,
  "sampleSize": 800,
  "sma50": {
    "above": 198,
    "below": 505,
    "counted": 703,
    "abovePct": 28.165007112375534,
    "belowPct": 71.83499288762447
  },
  "sma200": {
    "above": 349,
    "below": 292,
    "counted": 641,
    "abovePct": 54.44617784711389,
    "belowPct": 45.55382215288611
  }
}