{
  "t": 1769460099156,
  "sampleSize": 800,
  "sma50": {
    "above": 461,
    "below": 230,
    "counted": 691,
    "abovePct": 66.71490593342982,
    "belowPct": 33.28509406657019
  },
  "sma200": {
    "above": 421,
    "below": 226,
    "counted": 647,
    "abovePct": 65.06955177743431,
    "belowPct": 34.93044822256569
  }
}