{
  "t": 1769533866651,
  "sampleSize": 800,
  "sma50": {
    "above": 451,
    "below": 240,
    "counted": 691,
    "abovePct": 65.26772793053546,
    "belowPct": 34.73227206946454
  },
  "sma200": {
    "above": 416,
    "below": 234,
    "counted": 650,
    "abovePct": 64,
    "belowPct": 36
  }
}