{
  "t": 1769443904752,
  "sampleSize": 800,
  "sma50": {
    "above": 459,
    "below": 232,
    "counted": 691,
    "abovePct": 66.42547033285095,
    "belowPct": 33.57452966714906
  },
  "sma200": {
    "above": 414,
    "below": 233,
    "counted": 647,
    "abovePct": 63.98763523956723,
    "belowPct": 36.01236476043277
  }
}