{
  "t": 1767214243933,
  "sampleSize": 800,
  "sma50": {
    "above": 339,
    "below": 358,
    "counted": 697,
    "abovePct": 48.63701578192253,
    "belowPct": 51.36298421807748
  },
  "sma200": {
    "above": 374,
    "below": 270,
    "counted": 644,
    "abovePct": 58.07453416149069,
    "belowPct": 41.92546583850932
  }
}