{
  "t": 1764266922966,
  "sampleSize": 800,
  "sma50": {
    "above": 338,
    "below": 363,
    "counted": 701,
    "abovePct": 48.21683309557774,
    "belowPct": 51.78316690442225
  },
  "sma200": {
    "above": 386,
    "below": 256,
    "counted": 642,
    "abovePct": 60.12461059190031,
    "belowPct": 39.875389408099686
  }
}