{
  "t": 1777485633502,
  "sampleSize": 300,
  "sma50": {
    "above": 142,
    "below": 104,
    "counted": 246,
    "abovePct": 57.72357723577236,
    "belowPct": 42.27642276422765
  },
  "sma200": {
    "above": 130,
    "below": 111,
    "counted": 241,
    "abovePct": 53.941908713692946,
    "belowPct": 46.058091286307054
  }
}