{
  "t": 1764016616206,
  "sampleSize": 800,
  "sma50": {
    "above": 236,
    "below": 466,
    "counted": 702,
    "abovePct": 33.61823361823362,
    "belowPct": 66.38176638176638
  },
  "sma200": {
    "above": 363,
    "below": 277,
    "counted": 640,
    "abovePct": 56.71874999999999,
    "belowPct": 43.28125
  }
}