{
  "t": 1762805258403,
  "sampleSize": 800,
  "sma50": {
    "above": 326,
    "below": 378,
    "counted": 704,
    "abovePct": 46.30681818181818,
    "belowPct": 53.69318181818182
  },
  "sma200": {
    "above": 397,
    "below": 245,
    "counted": 642,
    "abovePct": 61.838006230529594,
    "belowPct": 38.161993769470406
  }
}