{
  "t": 1770750608164,
  "sampleSize": 800,
  "sma50": {
    "above": 401,
    "below": 286,
    "counted": 687,
    "abovePct": 58.369723435225616,
    "belowPct": 41.630276564774384
  },
  "sma200": {
    "above": 403,
    "below": 246,
    "counted": 649,
    "abovePct": 62.09553158705701,
    "belowPct": 37.90446841294299
  }
}