{
  "t": 1763572030839,
  "sampleSize": 800,
  "sma50": {
    "above": 200,
    "below": 503,
    "counted": 703,
    "abovePct": 28.449502133712663,
    "belowPct": 71.55049786628734
  },
  "sma200": {
    "above": 352,
    "below": 289,
    "counted": 641,
    "abovePct": 54.91419656786272,
    "belowPct": 45.08580343213728
  }
}