{
  "t": 1769006496953,
  "sampleSize": 800,
  "sma50": {
    "above": 360,
    "below": 247,
    "counted": 607,
    "abovePct": 59.30807248764415,
    "belowPct": 40.691927512355846
  },
  "sma200": {
    "above": 355,
    "below": 212,
    "counted": 567,
    "abovePct": 62.61022927689594,
    "belowPct": 37.38977072310406
  }
}