{
  "t": 1764608932502,
  "sampleSize": 800,
  "sma50": {
    "above": 323,
    "below": 378,
    "counted": 701,
    "abovePct": 46.07703281027104,
    "belowPct": 53.92296718972895
  },
  "sma200": {
    "above": 388,
    "below": 256,
    "counted": 644,
    "abovePct": 60.24844720496895,
    "belowPct": 39.75155279503105
  }
}