{
  "t": 1769454610341,
  "sampleSize": 800,
  "sma50": {
    "above": 458,
    "below": 233,
    "counted": 691,
    "abovePct": 66.28075253256151,
    "belowPct": 33.71924746743849
  },
  "sma200": {
    "above": 417,
    "below": 230,
    "counted": 647,
    "abovePct": 64.45131375579598,
    "belowPct": 35.54868624420402
  }
}