{
  "t": 1765913723558,
  "sampleSize": 800,
  "sma50": {
    "above": 319,
    "below": 381,
    "counted": 700,
    "abovePct": 45.57142857142858,
    "belowPct": 54.42857142857142
  },
  "sma200": {
    "above": 391,
    "below": 253,
    "counted": 644,
    "abovePct": 60.71428571428571,
    "belowPct": 39.285714285714285
  }
}