{
  "t": 1767623957015,
  "sampleSize": 800,
  "sma50": {
    "above": 365,
    "below": 329,
    "counted": 694,
    "abovePct": 52.59365994236311,
    "belowPct": 47.40634005763689
  },
  "sma200": {
    "above": 377,
    "below": 268,
    "counted": 645,
    "abovePct": 58.44961240310077,
    "belowPct": 41.55038759689923
  }
}