{
  "t": 1762979114792,
  "sampleSize": 800,
  "sma50": {
    "above": 333,
    "below": 371,
    "counted": 704,
    "abovePct": 47.30113636363637,
    "belowPct": 52.69886363636363
  },
  "sma200": {
    "above": 401,
    "below": 241,
    "counted": 642,
    "abovePct": 62.46105919003115,
    "belowPct": 37.53894080996885
  }
}