{
  "t": 1767034572804,
  "sampleSize": 800,
  "sma50": {
    "above": 370,
    "below": 329,
    "counted": 699,
    "abovePct": 52.93276108726752,
    "belowPct": 47.06723891273247
  },
  "sma200": {
    "above": 387,
    "below": 259,
    "counted": 646,
    "abovePct": 59.907120743034056,
    "belowPct": 40.092879256965944
  }
}