{
  "t": 1762974342624,
  "sampleSize": 800,
  "sma50": {
    "above": 338,
    "below": 366,
    "counted": 704,
    "abovePct": 48.01136363636363,
    "belowPct": 51.98863636363637
  },
  "sma200": {
    "above": 400,
    "below": 242,
    "counted": 642,
    "abovePct": 62.30529595015576,
    "belowPct": 37.69470404984423
  }
}