{
  "t": 1769633164915,
  "sampleSize": 800,
  "sma50": {
    "above": 445,
    "below": 245,
    "counted": 690,
    "abovePct": 64.4927536231884,
    "belowPct": 35.507246376811594
  },
  "sma200": {
    "above": 414,
    "below": 236,
    "counted": 650,
    "abovePct": 63.69230769230769,
    "belowPct": 36.30769230769231
  }
}