{
  "t": 1774622900886,
  "sampleSize": 300,
  "sma50": {
    "above": 45,
    "below": 203,
    "counted": 248,
    "abovePct": 18.14516129032258,
    "belowPct": 81.85483870967742
  },
  "sma200": {
    "above": 83,
    "below": 155,
    "counted": 238,
    "abovePct": 34.87394957983193,
    "belowPct": 65.12605042016807
  }
}