{
  "t": 1769791655941,
  "sampleSize": 800,
  "sma50": {
    "above": 396,
    "below": 294,
    "counted": 690,
    "abovePct": 57.391304347826086,
    "belowPct": 42.608695652173914
  },
  "sma200": {
    "above": 404,
    "below": 246,
    "counted": 650,
    "abovePct": 62.153846153846146,
    "belowPct": 37.84615384615385
  }
}