{
  "t": 1767811632200,
  "sampleSize": 800,
  "sma50": {
    "above": 406,
    "below": 288,
    "counted": 694,
    "abovePct": 58.501440922190206,
    "belowPct": 41.4985590778098
  },
  "sma200": {
    "above": 390,
    "below": 256,
    "counted": 646,
    "abovePct": 60.371517027863774,
    "belowPct": 39.628482972136226
  }
}