{
  "t": 1776806226996,
  "sampleSize": 300,
  "sma50": {
    "above": 157,
    "below": 90,
    "counted": 247,
    "abovePct": 63.56275303643725,
    "belowPct": 36.43724696356275
  },
  "sma200": {
    "above": 133,
    "below": 108,
    "counted": 241,
    "abovePct": 55.18672199170125,
    "belowPct": 44.81327800829876
  }
}