{
  "t": 1763585309425,
  "sampleSize": 800,
  "sma50": {
    "above": 194,
    "below": 509,
    "counted": 703,
    "abovePct": 27.59601706970128,
    "belowPct": 72.40398293029871
  },
  "sma200": {
    "above": 351,
    "below": 290,
    "counted": 641,
    "abovePct": 54.75819032761311,
    "belowPct": 45.24180967238689
  }
}