{
  "t": 1763396743567,
  "sampleSize": 800,
  "sma50": {
    "above": 249,
    "below": 454,
    "counted": 703,
    "abovePct": 35.41963015647226,
    "belowPct": 64.58036984352773
  },
  "sma200": {
    "above": 367,
    "below": 274,
    "counted": 641,
    "abovePct": 57.25429017160687,
    "belowPct": 42.74570982839314
  }
}