{
  "t": 1777478849192,
  "sampleSize": 300,
  "sma50": {
    "above": 144,
    "below": 101,
    "counted": 245,
    "abovePct": 58.77551020408164,
    "belowPct": 41.224489795918366
  },
  "sma200": {
    "above": 131,
    "below": 110,
    "counted": 241,
    "abovePct": 54.356846473029044,
    "belowPct": 45.643153526970956
  }
}