{
  "t": 1779476807211,
  "sampleSize": 300,
  "sma50": {
    "above": 151,
    "below": 102,
    "counted": 253,
    "abovePct": 59.683794466403164,
    "belowPct": 40.316205533596836
  },
  "sma200": {
    "above": 139,
    "below": 103,
    "counted": 242,
    "abovePct": 57.438016528925615,
    "belowPct": 42.561983471074385
  }
}