{
  "t": 1763660142365,
  "sampleSize": 800,
  "sma50": {
    "above": 180,
    "below": 523,
    "counted": 703,
    "abovePct": 25.604551920341397,
    "belowPct": 74.3954480796586
  },
  "sma200": {
    "above": 335,
    "below": 306,
    "counted": 641,
    "abovePct": 52.26209048361935,
    "belowPct": 47.737909516380654
  }
}