{
  "t": 1763395667518,
  "sampleSize": 800,
  "sma50": {
    "above": 252,
    "below": 451,
    "counted": 703,
    "abovePct": 35.84637268847795,
    "belowPct": 64.15362731152204
  },
  "sma200": {
    "above": 368,
    "below": 273,
    "counted": 641,
    "abovePct": 57.41029641185648,
    "belowPct": 42.58970358814352
  }
}