{
  "t": 1770142989727,
  "sampleSize": 800,
  "sma50": {
    "above": 378,
    "below": 311,
    "counted": 689,
    "abovePct": 54.862119013062404,
    "belowPct": 45.13788098693759
  },
  "sma200": {
    "above": 397,
    "below": 252,
    "counted": 649,
    "abovePct": 61.17103235747303,
    "belowPct": 38.82896764252696
  }
}