{
  "t": 1781040890861,
  "sampleSize": 300,
  "sma50": {
    "above": 135,
    "below": 114,
    "counted": 249,
    "abovePct": 54.21686746987952,
    "belowPct": 45.78313253012048
  },
  "sma200": {
    "above": 114,
    "below": 96,
    "counted": 210,
    "abovePct": 54.285714285714285,
    "belowPct": 45.714285714285715
  }
}