{
  "t": 1767721294743,
  "sampleSize": 800,
  "sma50": {
    "above": 392,
    "below": 302,
    "counted": 694,
    "abovePct": 56.48414985590778,
    "belowPct": 43.51585014409222
  },
  "sma200": {
    "above": 386,
    "below": 260,
    "counted": 646,
    "abovePct": 59.75232198142415,
    "belowPct": 40.24767801857585
  }
}