{
  "t": 1764170672686,
  "sampleSize": 800,
  "sma50": {
    "above": 321,
    "below": 381,
    "counted": 702,
    "abovePct": 45.72649572649573,
    "belowPct": 54.27350427350427
  },
  "sma200": {
    "above": 384,
    "below": 259,
    "counted": 643,
    "abovePct": 59.72006220839814,
    "belowPct": 40.27993779160187
  }
}