{
  "t": 1780351397164,
  "sampleSize": 300,
  "sma50": {
    "above": 159,
    "below": 94,
    "counted": 253,
    "abovePct": 62.845849802371546,
    "belowPct": 37.15415019762846
  },
  "sma200": {
    "above": 137,
    "below": 105,
    "counted": 242,
    "abovePct": 56.611570247933884,
    "belowPct": 43.388429752066116
  }
}