{
  "t": 1768415194440,
  "sampleSize": 800,
  "sma50": {
    "above": 421,
    "below": 273,
    "counted": 694,
    "abovePct": 60.6628242074928,
    "belowPct": 39.3371757925072
  },
  "sma200": {
    "above": 403,
    "below": 244,
    "counted": 647,
    "abovePct": 62.287480680061826,
    "belowPct": 37.712519319938174
  }
}