{
  "t": 1762789820358,
  "sampleSize": 800,
  "sma50": {
    "above": 297,
    "below": 406,
    "counted": 703,
    "abovePct": 42.2475106685633,
    "belowPct": 57.7524893314367
  },
  "sma200": {
    "above": 394,
    "below": 247,
    "counted": 641,
    "abovePct": 61.46645865834633,
    "belowPct": 38.53354134165367
  }
}