{
  "t": 1768494697521,
  "sampleSize": 800,
  "sma50": {
    "above": 456,
    "below": 237,
    "counted": 693,
    "abovePct": 65.80086580086581,
    "belowPct": 34.1991341991342
  },
  "sma200": {
    "above": 420,
    "below": 226,
    "counted": 646,
    "abovePct": 65.01547987616098,
    "belowPct": 34.984520123839005
  }
}