{
  "t": 1763749547673,
  "sampleSize": 800,
  "sma50": {
    "above": 192,
    "below": 507,
    "counted": 699,
    "abovePct": 27.467811158798284,
    "belowPct": 72.53218884120172
  },
  "sma200": {
    "above": 340,
    "below": 298,
    "counted": 638,
    "abovePct": 53.29153605015674,
    "belowPct": 46.70846394984326
  }
}