{
  "t": 1764097559261,
  "sampleSize": 800,
  "sma50": {
    "above": 292,
    "below": 410,
    "counted": 702,
    "abovePct": 41.5954415954416,
    "belowPct": 58.4045584045584
  },
  "sma200": {
    "above": 370,
    "below": 271,
    "counted": 641,
    "abovePct": 57.72230889235569,
    "belowPct": 42.27769110764431
  }
}