{
  "t": 1769703586676,
  "sampleSize": 800,
  "sma50": {
    "above": 420,
    "below": 270,
    "counted": 690,
    "abovePct": 60.86956521739131,
    "belowPct": 39.130434782608695
  },
  "sma200": {
    "above": 409,
    "below": 241,
    "counted": 650,
    "abovePct": 62.92307692307693,
    "belowPct": 37.07692307692308
  }
}