{
  "t": 1781113091033,
  "sampleSize": 300,
  "sma50": {
    "above": 132,
    "below": 118,
    "counted": 250,
    "abovePct": 52.800000000000004,
    "belowPct": 47.199999999999996
  },
  "sma200": {
    "above": 113,
    "below": 98,
    "counted": 211,
    "abovePct": 53.55450236966824,
    "belowPct": 46.44549763033176
  }
}