{
  "t": 1768935124579,
  "sampleSize": 800,
  "sma50": {
    "above": 398,
    "below": 295,
    "counted": 693,
    "abovePct": 57.43145743145743,
    "belowPct": 42.56854256854257
  },
  "sma200": {
    "above": 395,
    "below": 252,
    "counted": 647,
    "abovePct": 61.051004636785166,
    "belowPct": 38.94899536321484
  }
}