{
  "t": 1770310098843,
  "sampleSize": 800,
  "sma50": {
    "above": 340,
    "below": 349,
    "counted": 689,
    "abovePct": 49.34687953555878,
    "belowPct": 50.653120464441216
  },
  "sma200": {
    "above": 384,
    "below": 266,
    "counted": 650,
    "abovePct": 59.07692307692308,
    "belowPct": 40.92307692307692
  }
}