{
  "t": 1775674443197,
  "sampleSize": 300,
  "sma50": {
    "above": 103,
    "below": 144,
    "counted": 247,
    "abovePct": 41.70040485829959,
    "belowPct": 58.2995951417004
  },
  "sma200": {
    "above": 104,
    "below": 133,
    "counted": 237,
    "abovePct": 43.88185654008439,
    "belowPct": 56.118143459915615
  }
}