{
  "t": 1763997916062,
  "sampleSize": 800,
  "sma50": {
    "above": 207,
    "below": 495,
    "counted": 702,
    "abovePct": 29.48717948717949,
    "belowPct": 70.51282051282051
  },
  "sma200": {
    "above": 357,
    "below": 283,
    "counted": 640,
    "abovePct": 55.78125000000001,
    "belowPct": 44.21875
  }
}