{
  "t": 1765464542436,
  "sampleSize": 800,
  "sma50": {
    "above": 371,
    "below": 329,
    "counted": 700,
    "abovePct": 53,
    "belowPct": 47
  },
  "sma200": {
    "above": 410,
    "below": 234,
    "counted": 644,
    "abovePct": 63.66459627329193,
    "belowPct": 36.33540372670808
  }
}