{
  "t": 1765819521865,
  "sampleSize": 800,
  "sma50": {
    "above": 349,
    "below": 351,
    "counted": 700,
    "abovePct": 49.857142857142854,
    "belowPct": 50.142857142857146
  },
  "sma200": {
    "above": 391,
    "below": 252,
    "counted": 643,
    "abovePct": 60.80870917573873,
    "belowPct": 39.19129082426128
  }
}