{
  "t": 1768419356850,
  "sampleSize": 800,
  "sma50": {
    "above": 432,
    "below": 262,
    "counted": 694,
    "abovePct": 62.2478386167147,
    "belowPct": 37.752161383285305
  },
  "sma200": {
    "above": 407,
    "below": 240,
    "counted": 647,
    "abovePct": 62.90571870170015,
    "belowPct": 37.09428129829985
  }
}