{
  "t": 1770667451558,
  "sampleSize": 800,
  "sma50": {
    "above": 394,
    "below": 295,
    "counted": 689,
    "abovePct": 57.18432510885341,
    "belowPct": 42.815674891146585
  },
  "sma200": {
    "above": 401,
    "below": 249,
    "counted": 650,
    "abovePct": 61.69230769230769,
    "belowPct": 38.30769230769231
  }
}