{
  "t": 1766091008451,
  "sampleSize": 800,
  "sma50": {
    "above": 328,
    "below": 372,
    "counted": 700,
    "abovePct": 46.85714285714286,
    "belowPct": 53.142857142857146
  },
  "sma200": {
    "above": 394,
    "below": 253,
    "counted": 647,
    "abovePct": 60.89644513137558,
    "belowPct": 39.10355486862442
  }
}