{
  "t": 1778599745507,
  "sampleSize": 300,
  "sma50": {
    "above": 151,
    "below": 94,
    "counted": 245,
    "abovePct": 61.63265306122449,
    "belowPct": 38.36734693877551
  },
  "sma200": {
    "above": 140,
    "below": 102,
    "counted": 242,
    "abovePct": 57.85123966942148,
    "belowPct": 42.14876033057851
  }
}