{
  "t": 1768334841480,
  "sampleSize": 800,
  "sma50": {
    "above": 424,
    "below": 266,
    "counted": 690,
    "abovePct": 61.44927536231884,
    "belowPct": 38.550724637681164
  },
  "sma200": {
    "above": 403,
    "below": 240,
    "counted": 643,
    "abovePct": 62.674961119751174,
    "belowPct": 37.32503888024883
  }
}