{
  "t": 1773089157186,
  "sampleSize": 300,
  "sma50": {
    "above": 81,
    "below": 167,
    "counted": 248,
    "abovePct": 32.66129032258064,
    "belowPct": 67.33870967741935
  },
  "sma200": {
    "above": 125,
    "below": 113,
    "counted": 238,
    "abovePct": 52.52100840336135,
    "belowPct": 47.47899159663865
  }
}