{
  "t": 1763495342132,
  "sampleSize": 800,
  "sma50": {
    "above": 215,
    "below": 488,
    "counted": 703,
    "abovePct": 30.58321479374111,
    "belowPct": 69.4167852062589
  },
  "sma200": {
    "above": 361,
    "below": 280,
    "counted": 641,
    "abovePct": 56.31825273010921,
    "belowPct": 43.6817472698908
  }
}