{
  "t": 1774536778081,
  "sampleSize": 300,
  "sma50": {
    "above": 51,
    "below": 197,
    "counted": 248,
    "abovePct": 20.56451612903226,
    "belowPct": 79.43548387096774
  },
  "sma200": {
    "above": 92,
    "below": 146,
    "counted": 238,
    "abovePct": 38.655462184873954,
    "belowPct": 61.34453781512605
  }
}