{
  "t": 1765302623152,
  "sampleSize": 800,
  "sma50": {
    "above": 350,
    "below": 350,
    "counted": 700,
    "abovePct": 50,
    "belowPct": 50
  },
  "sma200": {
    "above": 408,
    "below": 239,
    "counted": 647,
    "abovePct": 63.06027820710973,
    "belowPct": 36.93972179289026
  }
}