{
  "t": 1764180507814,
  "sampleSize": 800,
  "sma50": {
    "above": 334,
    "below": 368,
    "counted": 702,
    "abovePct": 47.57834757834758,
    "belowPct": 52.42165242165242
  },
  "sma200": {
    "above": 384,
    "below": 259,
    "counted": 643,
    "abovePct": 59.72006220839814,
    "belowPct": 40.27993779160187
  }
}