{
  "t": 1764092276845,
  "sampleSize": 800,
  "sma50": {
    "above": 283,
    "below": 419,
    "counted": 702,
    "abovePct": 40.313390313390315,
    "belowPct": 59.686609686609685
  },
  "sma200": {
    "above": 372,
    "below": 268,
    "counted": 640,
    "abovePct": 58.12500000000001,
    "belowPct": 41.875
  }
}