{
  "t": 1768590448957,
  "sampleSize": 800,
  "sma50": {
    "above": 455,
    "below": 238,
    "counted": 693,
    "abovePct": 65.65656565656566,
    "belowPct": 34.34343434343434
  },
  "sma200": {
    "above": 417,
    "below": 228,
    "counted": 645,
    "abovePct": 64.65116279069767,
    "belowPct": 35.348837209302324
  }
}