{
  "t": 1768579740037,
  "sampleSize": 800,
  "sma50": {
    "above": 446,
    "below": 247,
    "counted": 693,
    "abovePct": 64.35786435786436,
    "belowPct": 35.64213564213564
  },
  "sma200": {
    "above": 411,
    "below": 234,
    "counted": 645,
    "abovePct": 63.72093023255814,
    "belowPct": 36.27906976744186
  }
}