{
  "t": 1769710573272,
  "sampleSize": 800,
  "sma50": {
    "above": 421,
    "below": 269,
    "counted": 690,
    "abovePct": 61.01449275362319,
    "belowPct": 38.98550724637681
  },
  "sma200": {
    "above": 406,
    "below": 244,
    "counted": 650,
    "abovePct": 62.46153846153846,
    "belowPct": 37.53846153846154
  }
}