{
  "t": 1773431019424,
  "sampleSize": 300,
  "sma50": {
    "above": 56,
    "below": 192,
    "counted": 248,
    "abovePct": 22.58064516129032,
    "belowPct": 77.41935483870968
  },
  "sma200": {
    "above": 97,
    "below": 141,
    "counted": 238,
    "abovePct": 40.7563025210084,
    "belowPct": 59.2436974789916
  }
}