{
  "t": 1765983060787,
  "sampleSize": 800,
  "sma50": {
    "above": 345,
    "below": 355,
    "counted": 700,
    "abovePct": 49.28571428571429,
    "belowPct": 50.71428571428571
  },
  "sma200": {
    "above": 396,
    "below": 248,
    "counted": 644,
    "abovePct": 61.49068322981367,
    "belowPct": 38.50931677018634
  }
}