{
  "t": 1767906308798,
  "sampleSize": 800,
  "sma50": {
    "above": 415,
    "below": 279,
    "counted": 694,
    "abovePct": 59.798270893371765,
    "belowPct": 40.20172910662824
  },
  "sma200": {
    "above": 404,
    "below": 241,
    "counted": 645,
    "abovePct": 62.63565891472869,
    "belowPct": 37.36434108527132
  }
}