{
  "t": 1782321228331,
  "sampleSize": 300,
  "sma50": {
    "above": 136,
    "below": 119,
    "counted": 255,
    "abovePct": 53.333333333333336,
    "belowPct": 46.666666666666664
  },
  "sma200": {
    "above": 122,
    "below": 89,
    "counted": 211,
    "abovePct": 57.81990521327014,
    "belowPct": 42.18009478672986
  }
}