{
  "t": 1766767206612,
  "sampleSize": 800,
  "sma50": {
    "above": 382,
    "below": 317,
    "counted": 699,
    "abovePct": 54.64949928469242,
    "belowPct": 45.35050071530758
  },
  "sma200": {
    "above": 394,
    "below": 252,
    "counted": 646,
    "abovePct": 60.99071207430341,
    "belowPct": 39.0092879256966
  }
}