{
  "t": 1769115275632,
  "sampleSize": 800,
  "sma50": {
    "above": 454,
    "below": 237,
    "counted": 691,
    "abovePct": 65.70188133140377,
    "belowPct": 34.29811866859624
  },
  "sma200": {
    "above": 429,
    "below": 217,
    "counted": 646,
    "abovePct": 66.40866873065015,
    "belowPct": 33.591331269349844
  }
}