{
  "t": 1781546716611,
  "sampleSize": 300,
  "sma50": {
    "above": 148,
    "below": 103,
    "counted": 251,
    "abovePct": 58.964143426294825,
    "belowPct": 41.03585657370518
  },
  "sma200": {
    "above": 120,
    "below": 91,
    "counted": 211,
    "abovePct": 56.872037914691944,
    "belowPct": 43.127962085308056
  }
}