{
  "t": 1778170462878,
  "sampleSize": 300,
  "sma50": {
    "above": 169,
    "below": 76,
    "counted": 245,
    "abovePct": 68.9795918367347,
    "belowPct": 31.020408163265305
  },
  "sma200": {
    "above": 145,
    "below": 96,
    "counted": 241,
    "abovePct": 60.16597510373444,
    "belowPct": 39.83402489626556
  }
}