{
  "t": 1766766307963,
  "sampleSize": 800,
  "sma50": {
    "above": 382,
    "below": 317,
    "counted": 699,
    "abovePct": 54.64949928469242,
    "belowPct": 45.35050071530758
  },
  "sma200": {
    "above": 393,
    "below": 253,
    "counted": 646,
    "abovePct": 60.8359133126935,
    "belowPct": 39.1640866873065
  }
}