{
  "t": 1768403334563,
  "sampleSize": 800,
  "sma50": {
    "above": 426,
    "below": 268,
    "counted": 694,
    "abovePct": 61.38328530259366,
    "belowPct": 38.61671469740634
  },
  "sma200": {
    "above": 405,
    "below": 242,
    "counted": 647,
    "abovePct": 62.59659969088099,
    "belowPct": 37.403400309119014
  }
}