{
  "t": 1764189360297,
  "sampleSize": 800,
  "sma50": {
    "above": 338,
    "below": 364,
    "counted": 702,
    "abovePct": 48.148148148148145,
    "belowPct": 51.85185185185185
  },
  "sma200": {
    "above": 385,
    "below": 258,
    "counted": 643,
    "abovePct": 59.87558320373251,
    "belowPct": 40.1244167962675
  }
}