{
  "t": 1774979357602,
  "sampleSize": 300,
  "sma50": {
    "above": 46,
    "below": 202,
    "counted": 248,
    "abovePct": 18.548387096774192,
    "belowPct": 81.45161290322581
  },
  "sma200": {
    "above": 83,
    "below": 155,
    "counted": 238,
    "abovePct": 34.87394957983193,
    "belowPct": 65.12605042016807
  }
}