{
  "t": 1778256025743,
  "sampleSize": 300,
  "sma50": {
    "above": 173,
    "below": 72,
    "counted": 245,
    "abovePct": 70.61224489795919,
    "belowPct": 29.38775510204082
  },
  "sma200": {
    "above": 143,
    "below": 99,
    "counted": 242,
    "abovePct": 59.09090909090909,
    "belowPct": 40.909090909090914
  }
}