{
  "t": 1765908579464,
  "sampleSize": 800,
  "sma50": {
    "above": 321,
    "below": 379,
    "counted": 700,
    "abovePct": 45.857142857142854,
    "belowPct": 54.142857142857146
  },
  "sma200": {
    "above": 388,
    "below": 256,
    "counted": 644,
    "abovePct": 60.24844720496895,
    "belowPct": 39.75155279503105
  }
}