{
  "t": 1768577987929,
  "sampleSize": 800,
  "sma50": {
    "above": 446,
    "below": 246,
    "counted": 692,
    "abovePct": 64.45086705202311,
    "belowPct": 35.54913294797688
  },
  "sma200": {
    "above": 413,
    "below": 231,
    "counted": 644,
    "abovePct": 64.13043478260869,
    "belowPct": 35.869565217391305
  }
}