{
  "t": 1766595941408,
  "sampleSize": 800,
  "sma50": {
    "above": 386,
    "below": 313,
    "counted": 699,
    "abovePct": 55.22174535050072,
    "belowPct": 44.77825464949928
  },
  "sma200": {
    "above": 402,
    "below": 244,
    "counted": 646,
    "abovePct": 62.22910216718266,
    "belowPct": 37.77089783281733
  }
}