{
  "t": 1771881446465,
  "sampleSize": 300,
  "sma50": {
    "above": 130,
    "below": 119,
    "counted": 249,
    "abovePct": 52.208835341365464,
    "belowPct": 47.791164658634536
  },
  "sma200": {
    "above": 144,
    "below": 95,
    "counted": 239,
    "abovePct": 60.25104602510461,
    "belowPct": 39.74895397489539
  }
}