{
  "t": 1767197268102,
  "sampleSize": 800,
  "sma50": {
    "above": 345,
    "below": 352,
    "counted": 697,
    "abovePct": 49.49784791965567,
    "belowPct": 50.50215208034433
  },
  "sma200": {
    "above": 379,
    "below": 265,
    "counted": 644,
    "abovePct": 58.850931677018636,
    "belowPct": 41.14906832298137
  }
}