{
  "t": 1769547856331,
  "sampleSize": 800,
  "sma50": {
    "above": 457,
    "below": 234,
    "counted": 691,
    "abovePct": 66.13603473227207,
    "belowPct": 33.86396526772793
  },
  "sma200": {
    "above": 422,
    "below": 228,
    "counted": 650,
    "abovePct": 64.92307692307693,
    "belowPct": 35.07692307692308
  }
}