{
  "t": 1768250384550,
  "sampleSize": 800,
  "sma50": {
    "above": 439,
    "below": 255,
    "counted": 694,
    "abovePct": 63.25648414985591,
    "belowPct": 36.74351585014409
  },
  "sma200": {
    "above": 410,
    "below": 237,
    "counted": 647,
    "abovePct": 63.3693972179289,
    "belowPct": 36.6306027820711
  }
}