{
  "t": 1775486854748,
  "sampleSize": 300,
  "sma50": {
    "above": 57,
    "below": 191,
    "counted": 248,
    "abovePct": 22.983870967741936,
    "belowPct": 77.01612903225806
  },
  "sma200": {
    "above": 92,
    "below": 146,
    "counted": 238,
    "abovePct": 38.655462184873954,
    "belowPct": 61.34453781512605
  }
}