{
  "t": 1769526716057,
  "sampleSize": 800,
  "sma50": {
    "above": 450,
    "below": 241,
    "counted": 691,
    "abovePct": 65.12301013024602,
    "belowPct": 34.87698986975398
  },
  "sma200": {
    "above": 419,
    "below": 231,
    "counted": 650,
    "abovePct": 64.46153846153845,
    "belowPct": 35.53846153846154
  }
}