{
  "t": 1781288192972,
  "sampleSize": 300,
  "sma50": {
    "above": 141,
    "below": 109,
    "counted": 250,
    "abovePct": 56.39999999999999,
    "belowPct": 43.6
  },
  "sma200": {
    "above": 118,
    "below": 92,
    "counted": 210,
    "abovePct": 56.19047619047619,
    "belowPct": 43.80952380952381
  }
}