{
  "t": 1769102854976,
  "sampleSize": 800,
  "sma50": {
    "above": 460,
    "below": 231,
    "counted": 691,
    "abovePct": 66.57018813314038,
    "belowPct": 33.42981186685962
  },
  "sma200": {
    "above": 431,
    "below": 214,
    "counted": 645,
    "abovePct": 66.82170542635659,
    "belowPct": 33.17829457364341
  }
}