{
  "t": 1771951844637,
  "sampleSize": 300,
  "sma50": {
    "above": 135,
    "below": 114,
    "counted": 249,
    "abovePct": 54.21686746987952,
    "belowPct": 45.78313253012048
  },
  "sma200": {
    "above": 143,
    "below": 96,
    "counted": 239,
    "abovePct": 59.83263598326359,
    "belowPct": 40.1673640167364
  }
}