{
  "t": 1768592076656,
  "sampleSize": 800,
  "sma50": {
    "above": 450,
    "below": 243,
    "counted": 693,
    "abovePct": 64.93506493506493,
    "belowPct": 35.064935064935064
  },
  "sma200": {
    "above": 414,
    "below": 231,
    "counted": 645,
    "abovePct": 64.18604651162791,
    "belowPct": 35.81395348837209
  }
}