{
  "t": 1763660903696,
  "sampleSize": 800,
  "sma50": {
    "above": 177,
    "below": 526,
    "counted": 703,
    "abovePct": 25.177809388335703,
    "belowPct": 74.8221906116643
  },
  "sma200": {
    "above": 332,
    "below": 309,
    "counted": 641,
    "abovePct": 51.794071762870516,
    "belowPct": 48.205928237129484
  }
}