{
  "t": 1763480341120,
  "sampleSize": 800,
  "sma50": {
    "above": 193,
    "below": 510,
    "counted": 703,
    "abovePct": 27.453769559032715,
    "belowPct": 72.54623044096729
  },
  "sma200": {
    "above": 351,
    "below": 290,
    "counted": 641,
    "abovePct": 54.75819032761311,
    "belowPct": 45.24180967238689
  }
}