{
  "t": 1765814929689,
  "sampleSize": 800,
  "sma50": {
    "above": 358,
    "below": 342,
    "counted": 700,
    "abovePct": 51.142857142857146,
    "belowPct": 48.857142857142854
  },
  "sma200": {
    "above": 394,
    "below": 249,
    "counted": 643,
    "abovePct": 61.27527216174183,
    "belowPct": 38.72472783825817
  }
}