{
  "t": 1767040750225,
  "sampleSize": 800,
  "sma50": {
    "above": 370,
    "below": 329,
    "counted": 699,
    "abovePct": 52.93276108726752,
    "belowPct": 47.06723891273247
  },
  "sma200": {
    "above": 391,
    "below": 255,
    "counted": 646,
    "abovePct": 60.526315789473685,
    "belowPct": 39.473684210526315
  }
}