{
  "t": 1763756705820,
  "sampleSize": 800,
  "sma50": {
    "above": 197,
    "below": 497,
    "counted": 694,
    "abovePct": 28.38616714697406,
    "belowPct": 71.61383285302594
  },
  "sma200": {
    "above": 346,
    "below": 286,
    "counted": 632,
    "abovePct": 54.74683544303798,
    "belowPct": 45.25316455696203
  }
}