{
  "t": 1768228828261,
  "sampleSize": 800,
  "sma50": {
    "above": 431,
    "below": 263,
    "counted": 694,
    "abovePct": 62.10374639769453,
    "belowPct": 37.89625360230547
  },
  "sma200": {
    "above": 403,
    "below": 242,
    "counted": 645,
    "abovePct": 62.48062015503876,
    "belowPct": 37.51937984496124
  }
}