{
  "t": 1769712484950,
  "sampleSize": 800,
  "sma50": {
    "above": 421,
    "below": 269,
    "counted": 690,
    "abovePct": 61.01449275362319,
    "belowPct": 38.98550724637681
  },
  "sma200": {
    "above": 412,
    "below": 238,
    "counted": 650,
    "abovePct": 63.38461538461539,
    "belowPct": 36.61538461538461
  }
}