{
  "t": 1774991614110,
  "sampleSize": 300,
  "sma50": {
    "above": 48,
    "below": 200,
    "counted": 248,
    "abovePct": 19.35483870967742,
    "belowPct": 80.64516129032258
  },
  "sma200": {
    "above": 89,
    "below": 149,
    "counted": 238,
    "abovePct": 37.39495798319328,
    "belowPct": 62.60504201680672
  }
}