{
  "t": 1768595094235,
  "sampleSize": 800,
  "sma50": {
    "above": 450,
    "below": 243,
    "counted": 693,
    "abovePct": 64.93506493506493,
    "belowPct": 35.064935064935064
  },
  "sma200": {
    "above": 413,
    "below": 232,
    "counted": 645,
    "abovePct": 64.03100775193799,
    "belowPct": 35.968992248062015
  }
}