{
  "t": 1772549269002,
  "sampleSize": 300,
  "sma50": {
    "above": 100,
    "below": 149,
    "counted": 249,
    "abovePct": 40.16064257028113,
    "belowPct": 59.83935742971887
  },
  "sma200": {
    "above": 134,
    "below": 105,
    "counted": 239,
    "abovePct": 56.06694560669456,
    "belowPct": 43.93305439330544
  }
}