{
  "t": 1771447633097,
  "sampleSize": 300,
  "sma50": {
    "above": 140,
    "below": 109,
    "counted": 249,
    "abovePct": 56.22489959839358,
    "belowPct": 43.77510040160642
  },
  "sma200": {
    "above": 149,
    "below": 90,
    "counted": 239,
    "abovePct": 62.34309623430963,
    "belowPct": 37.65690376569037
  }
}