{
  "t": 1767125221601,
  "sampleSize": 800,
  "sma50": {
    "above": 369,
    "below": 329,
    "counted": 698,
    "abovePct": 52.865329512893986,
    "belowPct": 47.134670487106014
  },
  "sma200": {
    "above": 393,
    "below": 252,
    "counted": 645,
    "abovePct": 60.93023255813953,
    "belowPct": 39.06976744186046
  }
}