{
  "t": 1763999436094,
  "sampleSize": 800,
  "sma50": {
    "above": 213,
    "below": 489,
    "counted": 702,
    "abovePct": 30.34188034188034,
    "belowPct": 69.65811965811966
  },
  "sma200": {
    "above": 354,
    "below": 286,
    "counted": 640,
    "abovePct": 55.3125,
    "belowPct": 44.6875
  }
}