{
  "t": 1774986566279,
  "sampleSize": 300,
  "sma50": {
    "above": 48,
    "below": 200,
    "counted": 248,
    "abovePct": 19.35483870967742,
    "belowPct": 80.64516129032258
  },
  "sma200": {
    "above": 88,
    "below": 150,
    "counted": 238,
    "abovePct": 36.97478991596639,
    "belowPct": 63.02521008403361
  }
}