{
  "t": 1764955458325,
  "sampleSize": 800,
  "sma50": {
    "above": 352,
    "below": 349,
    "counted": 701,
    "abovePct": 50.21398002853067,
    "belowPct": 49.78601997146933
  },
  "sma200": {
    "above": 405,
    "below": 243,
    "counted": 648,
    "abovePct": 62.5,
    "belowPct": 37.5
  }
}