{
  "t": 1773168504922,
  "sampleSize": 300,
  "sma50": {
    "above": 84,
    "below": 162,
    "counted": 246,
    "abovePct": 34.146341463414636,
    "belowPct": 65.85365853658537
  },
  "sma200": {
    "above": 130,
    "below": 106,
    "counted": 236,
    "abovePct": 55.08474576271186,
    "belowPct": 44.91525423728814
  }
}