{
  "t": 1776352115824,
  "sampleSize": 300,
  "sma50": {
    "above": 147,
    "below": 100,
    "counted": 247,
    "abovePct": 59.51417004048582,
    "belowPct": 40.48582995951417
  },
  "sma200": {
    "above": 129,
    "below": 111,
    "counted": 240,
    "abovePct": 53.75,
    "belowPct": 46.25
  }
}