{
  "t": 1763052781741,
  "sampleSize": 800,
  "sma50": {
    "above": 299,
    "below": 405,
    "counted": 704,
    "abovePct": 42.471590909090914,
    "belowPct": 57.52840909090909
  },
  "sma200": {
    "above": 386,
    "below": 256,
    "counted": 642,
    "abovePct": 60.12461059190031,
    "belowPct": 39.875389408099686
  }
}