{
  "t": 1766520404620,
  "sampleSize": 800,
  "sma50": {
    "above": 368,
    "below": 331,
    "counted": 699,
    "abovePct": 52.64663805436338,
    "belowPct": 47.35336194563662
  },
  "sma200": {
    "above": 396,
    "below": 250,
    "counted": 646,
    "abovePct": 61.30030959752322,
    "belowPct": 38.69969040247678
  }
}