{
  "t": 1764599871234,
  "sampleSize": 800,
  "sma50": {
    "above": 332,
    "below": 369,
    "counted": 701,
    "abovePct": 47.360912981455066,
    "belowPct": 52.63908701854494
  },
  "sma200": {
    "above": 383,
    "below": 261,
    "counted": 644,
    "abovePct": 59.472049689441,
    "belowPct": 40.52795031055901
  }
}