{
  "t": 1763067906036,
  "sampleSize": 800,
  "sma50": {
    "above": 282,
    "below": 422,
    "counted": 704,
    "abovePct": 40.05681818181818,
    "belowPct": 59.94318181818182
  },
  "sma200": {
    "above": 381,
    "below": 261,
    "counted": 642,
    "abovePct": 59.345794392523366,
    "belowPct": 40.654205607476634
  }
}