{
  "t": 1769105592975,
  "sampleSize": 800,
  "sma50": {
    "above": 456,
    "below": 235,
    "counted": 691,
    "abovePct": 65.99131693198264,
    "belowPct": 34.00868306801736
  },
  "sma200": {
    "above": 431,
    "below": 214,
    "counted": 645,
    "abovePct": 66.82170542635659,
    "belowPct": 33.17829457364341
  }
}