{
  "t": 1771533943061,
  "sampleSize": 300,
  "sma50": {
    "above": 139,
    "below": 110,
    "counted": 249,
    "abovePct": 55.82329317269076,
    "belowPct": 44.17670682730924
  },
  "sma200": {
    "above": 148,
    "below": 91,
    "counted": 239,
    "abovePct": 61.92468619246861,
    "belowPct": 38.07531380753138
  }
}