{
  "t": 1767118158568,
  "sampleSize": 800,
  "sma50": {
    "above": 369,
    "below": 328,
    "counted": 697,
    "abovePct": 52.94117647058824,
    "belowPct": 47.05882352941176
  },
  "sma200": {
    "above": 393,
    "below": 251,
    "counted": 644,
    "abovePct": 61.024844720496894,
    "belowPct": 38.975155279503106
  }
}