{
  "t": 1769011933849,
  "sampleSize": 800,
  "sma50": {
    "above": 424,
    "below": 268,
    "counted": 692,
    "abovePct": 61.27167630057804,
    "belowPct": 38.72832369942196
  },
  "sma200": {
    "above": 407,
    "below": 239,
    "counted": 646,
    "abovePct": 63.00309597523219,
    "belowPct": 36.9969040247678
  }
}