{
  "t": 1780344184709,
  "sampleSize": 300,
  "sma50": {
    "above": 157,
    "below": 96,
    "counted": 253,
    "abovePct": 62.055335968379445,
    "belowPct": 37.94466403162055
  },
  "sma200": {
    "above": 138,
    "below": 104,
    "counted": 242,
    "abovePct": 57.02479338842975,
    "belowPct": 42.97520661157025
  }
}