{
  "t": 1771958977671,
  "sampleSize": 300,
  "sma50": {
    "above": 136,
    "below": 113,
    "counted": 249,
    "abovePct": 54.61847389558233,
    "belowPct": 45.38152610441767
  },
  "sma200": {
    "above": 143,
    "below": 96,
    "counted": 239,
    "abovePct": 59.83263598326359,
    "belowPct": 40.1673640167364
  }
}