{
  "t": 1769013027160,
  "sampleSize": 800,
  "sma50": {
    "above": 423,
    "below": 269,
    "counted": 692,
    "abovePct": 61.1271676300578,
    "belowPct": 38.872832369942195
  },
  "sma200": {
    "above": 409,
    "below": 237,
    "counted": 646,
    "abovePct": 63.31269349845201,
    "belowPct": 36.68730650154799
  }
}