{
  "t": 1764865562537,
  "sampleSize": 800,
  "sma50": {
    "above": 350,
    "below": 351,
    "counted": 701,
    "abovePct": 49.928673323823105,
    "belowPct": 50.07132667617689
  },
  "sma200": {
    "above": 403,
    "below": 245,
    "counted": 648,
    "abovePct": 62.191358024691354,
    "belowPct": 37.808641975308646
  }
}