{
  "t": 1766069418755,
  "sampleSize": 800,
  "sma50": {
    "above": 317,
    "below": 383,
    "counted": 700,
    "abovePct": 45.285714285714285,
    "belowPct": 54.714285714285715
  },
  "sma200": {
    "above": 394,
    "below": 253,
    "counted": 647,
    "abovePct": 60.89644513137558,
    "belowPct": 39.10355486862442
  }
}