{
  "t": 1766765213456,
  "sampleSize": 800,
  "sma50": {
    "above": 384,
    "below": 315,
    "counted": 699,
    "abovePct": 54.93562231759657,
    "belowPct": 45.06437768240343
  },
  "sma200": {
    "above": 395,
    "below": 251,
    "counted": 646,
    "abovePct": 61.145510835913306,
    "belowPct": 38.85448916408669
  }
}