{
  "t": 1764013740238,
  "sampleSize": 800,
  "sma50": {
    "above": 228,
    "below": 474,
    "counted": 702,
    "abovePct": 32.47863247863248,
    "belowPct": 67.52136752136752
  },
  "sma200": {
    "above": 361,
    "below": 279,
    "counted": 640,
    "abovePct": 56.40625,
    "belowPct": 43.59375
  }
}