{
  "t": 1764604241571,
  "sampleSize": 800,
  "sma50": {
    "above": 319,
    "below": 382,
    "counted": 701,
    "abovePct": 45.50641940085592,
    "belowPct": 54.493580599144074
  },
  "sma200": {
    "above": 387,
    "below": 257,
    "counted": 644,
    "abovePct": 60.09316770186336,
    "belowPct": 39.90683229813665
  }
}