{
  "t": 1765486192041,
  "sampleSize": 800,
  "sma50": {
    "above": 395,
    "below": 305,
    "counted": 700,
    "abovePct": 56.42857142857143,
    "belowPct": 43.57142857142857
  },
  "sma200": {
    "above": 421,
    "below": 223,
    "counted": 644,
    "abovePct": 65.37267080745342,
    "belowPct": 34.62732919254658
  }
}