{
  "t": 1772473656404,
  "sampleSize": 300,
  "sma50": {
    "above": 125,
    "below": 124,
    "counted": 249,
    "abovePct": 50.20080321285141,
    "belowPct": 49.79919678714859
  },
  "sma200": {
    "above": 142,
    "below": 97,
    "counted": 239,
    "abovePct": 59.41422594142259,
    "belowPct": 40.58577405857741
  }
}