{
  "t": 1772560045771,
  "sampleSize": 300,
  "sma50": {
    "above": 91,
    "below": 158,
    "counted": 249,
    "abovePct": 36.54618473895582,
    "belowPct": 63.45381526104418
  },
  "sma200": {
    "above": 132,
    "below": 107,
    "counted": 239,
    "abovePct": 55.23012552301255,
    "belowPct": 44.76987447698745
  }
}