{
  "t": 1777650533961,
  "sampleSize": 300,
  "sma50": {
    "above": 166,
    "below": 81,
    "counted": 247,
    "abovePct": 67.20647773279353,
    "belowPct": 32.79352226720648
  },
  "sma200": {
    "above": 143,
    "below": 100,
    "counted": 243,
    "abovePct": 58.8477366255144,
    "belowPct": 41.1522633744856
  }
}