{
  "t": 1770758215081,
  "sampleSize": 800,
  "sma50": {
    "above": 397,
    "below": 290,
    "counted": 687,
    "abovePct": 57.78748180494906,
    "belowPct": 42.21251819505095
  },
  "sma200": {
    "above": 403,
    "below": 246,
    "counted": 649,
    "abovePct": 62.09553158705701,
    "belowPct": 37.90446841294299
  }
}