{
  "t": 1776110034466,
  "sampleSize": 300,
  "sma50": {
    "above": 127,
    "below": 120,
    "counted": 247,
    "abovePct": 51.417004048582996,
    "belowPct": 48.582995951417004
  },
  "sma200": {
    "above": 110,
    "below": 129,
    "counted": 239,
    "abovePct": 46.02510460251046,
    "belowPct": 53.97489539748954
  }
}