{
  "t": 1765906954467,
  "sampleSize": 800,
  "sma50": {
    "above": 325,
    "below": 375,
    "counted": 700,
    "abovePct": 46.42857142857143,
    "belowPct": 53.57142857142857
  },
  "sma200": {
    "above": 391,
    "below": 253,
    "counted": 644,
    "abovePct": 60.71428571428571,
    "belowPct": 39.285714285714285
  }
}