{
  "t": 1769628630048,
  "sampleSize": 800,
  "sma50": {
    "above": 435,
    "below": 255,
    "counted": 690,
    "abovePct": 63.04347826086957,
    "belowPct": 36.95652173913043
  },
  "sma200": {
    "above": 414,
    "below": 236,
    "counted": 650,
    "abovePct": 63.69230769230769,
    "belowPct": 36.30769230769231
  }
}