{
  "t": 1769028943319,
  "sampleSize": 800,
  "sma50": {
    "above": 433,
    "below": 259,
    "counted": 692,
    "abovePct": 62.57225433526011,
    "belowPct": 37.42774566473989
  },
  "sma200": {
    "above": 412,
    "below": 234,
    "counted": 646,
    "abovePct": 63.77708978328174,
    "belowPct": 36.22291021671827
  }
}