{
  "t": 1772745052108,
  "sampleSize": 300,
  "sma50": {
    "above": 78,
    "below": 170,
    "counted": 248,
    "abovePct": 31.451612903225808,
    "belowPct": 68.54838709677419
  },
  "sma200": {
    "above": 134,
    "below": 104,
    "counted": 238,
    "abovePct": 56.30252100840336,
    "belowPct": 43.69747899159664
  }
}