{
  "t": 1776437355443,
  "sampleSize": 300,
  "sma50": {
    "above": 176,
    "below": 71,
    "counted": 247,
    "abovePct": 71.25506072874494,
    "belowPct": 28.74493927125506
  },
  "sma200": {
    "above": 137,
    "below": 104,
    "counted": 241,
    "abovePct": 56.84647302904564,
    "belowPct": 43.15352697095436
  }
}