{
  "t": 1765919090078,
  "sampleSize": 800,
  "sma50": {
    "above": 327,
    "below": 373,
    "counted": 700,
    "abovePct": 46.714285714285715,
    "belowPct": 53.28571428571428
  },
  "sma200": {
    "above": 393,
    "below": 251,
    "counted": 644,
    "abovePct": 61.024844720496894,
    "belowPct": 38.975155279503106
  }
}