{
  "t": 1763130909153,
  "sampleSize": 800,
  "sma50": {
    "above": 249,
    "below": 455,
    "counted": 704,
    "abovePct": 35.36931818181818,
    "belowPct": 64.63068181818183
  },
  "sma200": {
    "above": 370,
    "below": 272,
    "counted": 642,
    "abovePct": 57.63239875389408,
    "belowPct": 42.36760124610592
  }
}