{
  "t": 1772646396577,
  "sampleSize": 300,
  "sma50": {
    "above": 107,
    "below": 141,
    "counted": 248,
    "abovePct": 43.145161290322584,
    "belowPct": 56.85483870967742
  },
  "sma200": {
    "above": 139,
    "below": 99,
    "counted": 238,
    "abovePct": 58.40336134453782,
    "belowPct": 41.596638655462186
  }
}