{
  "t": 1778519976879,
  "sampleSize": 300,
  "sma50": {
    "above": 165,
    "below": 80,
    "counted": 245,
    "abovePct": 67.3469387755102,
    "belowPct": 32.6530612244898
  },
  "sma200": {
    "above": 142,
    "below": 100,
    "counted": 242,
    "abovePct": 58.67768595041323,
    "belowPct": 41.32231404958678
  }
}