{
  "t": 1764860891865,
  "sampleSize": 800,
  "sma50": {
    "above": 334,
    "below": 367,
    "counted": 701,
    "abovePct": 47.646219686162624,
    "belowPct": 52.353780313837376
  },
  "sma200": {
    "above": 398,
    "below": 250,
    "counted": 648,
    "abovePct": 61.419753086419746,
    "belowPct": 38.58024691358025
  }
}