{
  "t": 1770238073619,
  "sampleSize": 800,
  "sma50": {
    "above": 368,
    "below": 321,
    "counted": 689,
    "abovePct": 53.41074020319303,
    "belowPct": 46.589259796806964
  },
  "sma200": {
    "above": 394,
    "below": 256,
    "counted": 650,
    "abovePct": 60.61538461538461,
    "belowPct": 39.38461538461539
  }
}