{
  "t": 1769799762901,
  "sampleSize": 800,
  "sma50": {
    "above": 398,
    "below": 289,
    "counted": 687,
    "abovePct": 57.933042212518195,
    "belowPct": 42.066957787481805
  },
  "sma200": {
    "above": 406,
    "below": 242,
    "counted": 648,
    "abovePct": 62.65432098765432,
    "belowPct": 37.34567901234568
  }
}