{
  "t": 1781797590282,
  "sampleSize": 300,
  "sma50": {
    "above": 135,
    "below": 118,
    "counted": 253,
    "abovePct": 53.359683794466406,
    "belowPct": 46.6403162055336
  },
  "sma200": {
    "above": 116,
    "below": 95,
    "counted": 211,
    "abovePct": 54.976303317535546,
    "belowPct": 45.023696682464454
  }
}