{
  "t": 1782324546468,
  "sampleSize": 300,
  "sma50": {
    "above": 133,
    "below": 122,
    "counted": 255,
    "abovePct": 52.156862745098046,
    "belowPct": 47.84313725490196
  },
  "sma200": {
    "above": 120,
    "below": 91,
    "counted": 211,
    "abovePct": 56.872037914691944,
    "belowPct": 43.127962085308056
  }
}