{
  "t": 1772053877002,
  "sampleSize": 300,
  "sma50": {
    "above": 146,
    "below": 103,
    "counted": 249,
    "abovePct": 58.63453815261044,
    "belowPct": 41.365461847389554
  },
  "sma200": {
    "above": 149,
    "below": 90,
    "counted": 239,
    "abovePct": 62.34309623430963,
    "belowPct": 37.65690376569037
  }
}