{
  "t": 1766426949388,
  "sampleSize": 800,
  "sma50": {
    "above": 366,
    "below": 333,
    "counted": 699,
    "abovePct": 52.36051502145923,
    "belowPct": 47.63948497854077
  },
  "sma200": {
    "above": 397,
    "below": 249,
    "counted": 646,
    "abovePct": 61.45510835913313,
    "belowPct": 38.54489164086687
  }
}