{
  "t": 1770753896060,
  "sampleSize": 800,
  "sma50": {
    "above": 403,
    "below": 284,
    "counted": 687,
    "abovePct": 58.660844250363894,
    "belowPct": 41.3391557496361
  },
  "sma200": {
    "above": 405,
    "below": 244,
    "counted": 649,
    "abovePct": 62.40369799691834,
    "belowPct": 37.59630200308167
  }
}