{
  "t": 1775062117719,
  "sampleSize": 300,
  "sma50": {
    "above": 56,
    "below": 192,
    "counted": 248,
    "abovePct": 22.58064516129032,
    "belowPct": 77.41935483870968
  },
  "sma200": {
    "above": 92,
    "below": 146,
    "counted": 238,
    "abovePct": 38.655462184873954,
    "belowPct": 61.34453781512605
  }
}