{
  "t": 1764611555806,
  "sampleSize": 800,
  "sma50": {
    "above": 334,
    "below": 367,
    "counted": 701,
    "abovePct": 47.646219686162624,
    "belowPct": 52.353780313837376
  },
  "sma200": {
    "above": 387,
    "below": 257,
    "counted": 644,
    "abovePct": 60.09316770186336,
    "belowPct": 39.90683229813665
  }
}