{
  "t": 1765218377622,
  "sampleSize": 800,
  "sma50": {
    "above": 343,
    "below": 358,
    "counted": 701,
    "abovePct": 48.93009985734665,
    "belowPct": 51.06990014265336
  },
  "sma200": {
    "above": 405,
    "below": 243,
    "counted": 648,
    "abovePct": 62.5,
    "belowPct": 37.5
  }
}