{
  "t": 1767893406361,
  "sampleSize": 800,
  "sma50": {
    "above": 409,
    "below": 285,
    "counted": 694,
    "abovePct": 58.933717579250725,
    "belowPct": 41.066282420749275
  },
  "sma200": {
    "above": 403,
    "below": 243,
    "counted": 646,
    "abovePct": 62.38390092879257,
    "belowPct": 37.61609907120743
  }
}