{
  "t": 1764616101612,
  "sampleSize": 800,
  "sma50": {
    "above": 334,
    "below": 367,
    "counted": 701,
    "abovePct": 47.646219686162624,
    "belowPct": 52.353780313837376
  },
  "sma200": {
    "above": 389,
    "below": 255,
    "counted": 644,
    "abovePct": 60.40372670807454,
    "belowPct": 39.59627329192546
  }
}