{
  "t": 1767381701311,
  "sampleSize": 800,
  "sma50": {
    "above": 339,
    "below": 356,
    "counted": 695,
    "abovePct": 48.776978417266186,
    "belowPct": 51.22302158273381
  },
  "sma200": {
    "above": 375,
    "below": 270,
    "counted": 645,
    "abovePct": 58.139534883720934,
    "belowPct": 41.86046511627907
  }
}