{
  "t": 1764872778546,
  "sampleSize": 800,
  "sma50": {
    "above": 351,
    "below": 350,
    "counted": 701,
    "abovePct": 50.07132667617689,
    "belowPct": 49.928673323823105
  },
  "sma200": {
    "above": 402,
    "below": 246,
    "counted": 648,
    "abovePct": 62.03703703703704,
    "belowPct": 37.96296296296296
  }
}