{
  "t": 1769705263997,
  "sampleSize": 800,
  "sma50": {
    "above": 422,
    "below": 268,
    "counted": 690,
    "abovePct": 61.15942028985507,
    "belowPct": 38.84057971014493
  },
  "sma200": {
    "above": 408,
    "below": 242,
    "counted": 650,
    "abovePct": 62.76923076923077,
    "belowPct": 37.230769230769226
  }
}