{
  "t": 1763746586880,
  "sampleSize": 800,
  "sma50": {
    "above": 198,
    "below": 503,
    "counted": 701,
    "abovePct": 28.245363766048502,
    "belowPct": 71.7546362339515
  },
  "sma200": {
    "above": 345,
    "below": 295,
    "counted": 640,
    "abovePct": 53.90625,
    "belowPct": 46.09375
  }
}