{
  "t": 1765220732634,
  "sampleSize": 800,
  "sma50": {
    "above": 337,
    "below": 364,
    "counted": 701,
    "abovePct": 48.074179743223965,
    "belowPct": 51.925820256776035
  },
  "sma200": {
    "above": 399,
    "below": 249,
    "counted": 648,
    "abovePct": 61.57407407407407,
    "belowPct": 38.425925925925924
  }
}