{
  "t": 1763401750307,
  "sampleSize": 800,
  "sma50": {
    "above": 262,
    "below": 441,
    "counted": 703,
    "abovePct": 37.26884779516359,
    "belowPct": 62.73115220483641
  },
  "sma200": {
    "above": 372,
    "below": 269,
    "counted": 641,
    "abovePct": 58.03432137285491,
    "belowPct": 41.96567862714509
  }
}