{
  "t": 1762546030828,
  "sampleSize": 800,
  "sma50": {
    "above": 267,
    "below": 437,
    "counted": 704,
    "abovePct": 37.92613636363637,
    "belowPct": 62.07386363636363
  },
  "sma200": {
    "above": 387,
    "below": 255,
    "counted": 642,
    "abovePct": 60.280373831775705,
    "belowPct": 39.719626168224295
  }
}