{
  "t": 1766767878351,
  "sampleSize": 800,
  "sma50": {
    "above": 381,
    "below": 318,
    "counted": 699,
    "abovePct": 54.506437768240346,
    "belowPct": 45.493562231759654
  },
  "sma200": {
    "above": 394,
    "below": 252,
    "counted": 646,
    "abovePct": 60.99071207430341,
    "belowPct": 39.0092879256966
  }
}