{
  "t": 1772203609132,
  "sampleSize": 300,
  "sma50": {
    "above": 134,
    "below": 115,
    "counted": 249,
    "abovePct": 53.81526104417671,
    "belowPct": 46.1847389558233
  },
  "sma200": {
    "above": 147,
    "below": 92,
    "counted": 239,
    "abovePct": 61.50627615062761,
    "belowPct": 38.49372384937239
  }
}