{
  "t": 1768511106986,
  "sampleSize": 800,
  "sma50": {
    "above": 449,
    "below": 244,
    "counted": 693,
    "abovePct": 64.79076479076478,
    "belowPct": 35.20923520923521
  },
  "sma200": {
    "above": 417,
    "below": 228,
    "counted": 645,
    "abovePct": 64.65116279069767,
    "belowPct": 35.348837209302324
  }
}