{
  "t": 1766763444368,
  "sampleSize": 800,
  "sma50": {
    "above": 380,
    "below": 319,
    "counted": 699,
    "abovePct": 54.36337625178827,
    "belowPct": 45.63662374821173
  },
  "sma200": {
    "above": 397,
    "below": 249,
    "counted": 646,
    "abovePct": 61.45510835913313,
    "belowPct": 38.54489164086687
  }
}