{
  "t": 1772484403047,
  "sampleSize": 300,
  "sma50": {
    "above": 125,
    "below": 124,
    "counted": 249,
    "abovePct": 50.20080321285141,
    "belowPct": 49.79919678714859
  },
  "sma200": {
    "above": 140,
    "below": 99,
    "counted": 239,
    "abovePct": 58.57740585774059,
    "belowPct": 41.42259414225941
  }
}