{
  "t": 1767385485222,
  "sampleSize": 800,
  "sma50": {
    "above": 347,
    "below": 348,
    "counted": 695,
    "abovePct": 49.92805755395683,
    "belowPct": 50.07194244604316
  },
  "sma200": {
    "above": 375,
    "below": 270,
    "counted": 645,
    "abovePct": 58.139534883720934,
    "belowPct": 41.86046511627907
  }
}