{
  "t": 1781646644226,
  "sampleSize": 300,
  "sma50": {
    "above": 142,
    "below": 109,
    "counted": 251,
    "abovePct": 56.573705179282875,
    "belowPct": 43.42629482071713
  },
  "sma200": {
    "above": 123,
    "below": 88,
    "counted": 211,
    "abovePct": 58.29383886255924,
    "belowPct": 41.70616113744076
  }
}