{
  "t": 1767640063113,
  "sampleSize": 800,
  "sma50": {
    "above": 390,
    "below": 304,
    "counted": 694,
    "abovePct": 56.195965417867434,
    "belowPct": 43.804034582132566
  },
  "sma200": {
    "above": 387,
    "below": 258,
    "counted": 645,
    "abovePct": 60,
    "belowPct": 40
  }
}