{
  "t": 1779831214661,
  "sampleSize": 300,
  "sma50": {
    "above": 154,
    "below": 99,
    "counted": 253,
    "abovePct": 60.86956521739131,
    "belowPct": 39.130434782608695
  },
  "sma200": {
    "above": 144,
    "below": 98,
    "counted": 242,
    "abovePct": 59.50413223140496,
    "belowPct": 40.49586776859504
  }
}