{
  "t": 1768316919068,
  "sampleSize": 800,
  "sma50": {
    "above": 429,
    "below": 265,
    "counted": 694,
    "abovePct": 61.815561959654175,
    "belowPct": 38.18443804034582
  },
  "sma200": {
    "above": 405,
    "below": 242,
    "counted": 647,
    "abovePct": 62.59659969088099,
    "belowPct": 37.403400309119014
  }
}