{
  "t": 1764773403696,
  "sampleSize": 800,
  "sma50": {
    "above": 329,
    "below": 372,
    "counted": 701,
    "abovePct": 46.932952924393724,
    "belowPct": 53.067047075606276
  },
  "sma200": {
    "above": 385,
    "below": 261,
    "counted": 646,
    "abovePct": 59.59752321981424,
    "belowPct": 40.40247678018576
  }
}