{
  "t": 1765818577268,
  "sampleSize": 800,
  "sma50": {
    "above": 352,
    "below": 348,
    "counted": 700,
    "abovePct": 50.28571428571429,
    "belowPct": 49.714285714285715
  },
  "sma200": {
    "above": 393,
    "below": 250,
    "counted": 643,
    "abovePct": 61.11975116640747,
    "belowPct": 38.88024883359253
  }
}