{
  "t": 1771966011947,
  "sampleSize": 300,
  "sma50": {
    "above": 134,
    "below": 115,
    "counted": 249,
    "abovePct": 53.81526104417671,
    "belowPct": 46.1847389558233
  },
  "sma200": {
    "above": 146,
    "below": 93,
    "counted": 239,
    "abovePct": 61.08786610878661,
    "belowPct": 38.912133891213394
  }
}