{
  "t": 1767193624203,
  "sampleSize": 800,
  "sma50": {
    "above": 350,
    "below": 347,
    "counted": 697,
    "abovePct": 50.21520803443329,
    "belowPct": 49.78479196556672
  },
  "sma200": {
    "above": 379,
    "below": 265,
    "counted": 644,
    "abovePct": 58.850931677018636,
    "belowPct": 41.14906832298137
  }
}