{
  "t": 1767379469262,
  "sampleSize": 800,
  "sma50": {
    "above": 331,
    "below": 364,
    "counted": 695,
    "abovePct": 47.62589928057554,
    "belowPct": 52.37410071942447
  },
  "sma200": {
    "above": 370,
    "below": 275,
    "counted": 645,
    "abovePct": 57.36434108527132,
    "belowPct": 42.63565891472868
  }
}