{
  "t": 1764089729159,
  "sampleSize": 800,
  "sma50": {
    "above": 275,
    "below": 427,
    "counted": 702,
    "abovePct": 39.173789173789174,
    "belowPct": 60.826210826210826
  },
  "sma200": {
    "above": 372,
    "below": 268,
    "counted": 640,
    "abovePct": 58.12500000000001,
    "belowPct": 41.875
  }
}