{
  "t": 1765910784922,
  "sampleSize": 800,
  "sma50": {
    "above": 322,
    "below": 378,
    "counted": 700,
    "abovePct": 46,
    "belowPct": 54
  },
  "sma200": {
    "above": 391,
    "below": 253,
    "counted": 644,
    "abovePct": 60.71428571428571,
    "belowPct": 39.285714285714285
  }
}