{
  "t": 1776448080686,
  "sampleSize": 300,
  "sma50": {
    "above": 178,
    "below": 69,
    "counted": 247,
    "abovePct": 72.06477732793523,
    "belowPct": 27.93522267206478
  },
  "sma200": {
    "above": 141,
    "below": 100,
    "counted": 241,
    "abovePct": 58.50622406639005,
    "belowPct": 41.49377593360996
  }
}