{
  "t": 1766595140956,
  "sampleSize": 800,
  "sma50": {
    "above": 379,
    "below": 320,
    "counted": 699,
    "abovePct": 54.220314735336196,
    "belowPct": 45.779685264663804
  },
  "sma200": {
    "above": 399,
    "below": 247,
    "counted": 646,
    "abovePct": 61.76470588235294,
    "belowPct": 38.23529411764706
  }
}