{
  "t": 1766071520592,
  "sampleSize": 800,
  "sma50": {
    "above": 322,
    "below": 378,
    "counted": 700,
    "abovePct": 46,
    "belowPct": 54
  },
  "sma200": {
    "above": 398,
    "below": 249,
    "counted": 647,
    "abovePct": 61.514683153013905,
    "belowPct": 38.48531684698609
  }
}