{
  "t": 1765913059927,
  "sampleSize": 800,
  "sma50": {
    "above": 316,
    "below": 384,
    "counted": 700,
    "abovePct": 45.14285714285714,
    "belowPct": 54.85714285714286
  },
  "sma200": {
    "above": 390,
    "below": 254,
    "counted": 644,
    "abovePct": 60.55900621118012,
    "belowPct": 39.44099378881988
  }
}