{
  "t": 1764185668019,
  "sampleSize": 800,
  "sma50": {
    "above": 333,
    "below": 369,
    "counted": 702,
    "abovePct": 47.43589743589743,
    "belowPct": 52.56410256410257
  },
  "sma200": {
    "above": 388,
    "below": 255,
    "counted": 643,
    "abovePct": 60.342146189735615,
    "belowPct": 39.657853810264385
  }
}