{
  "t": 1779387110736,
  "sampleSize": 300,
  "sma50": {
    "above": 146,
    "below": 107,
    "counted": 253,
    "abovePct": 57.70750988142292,
    "belowPct": 42.29249011857708
  },
  "sma200": {
    "above": 140,
    "below": 102,
    "counted": 242,
    "abovePct": 57.85123966942148,
    "belowPct": 42.14876033057851
  }
}