{
  "t": 1762886544654,
  "sampleSize": 800,
  "sma50": {
    "above": 323,
    "below": 381,
    "counted": 704,
    "abovePct": 45.88068181818182,
    "belowPct": 54.11931818181818
  },
  "sma200": {
    "above": 397,
    "below": 245,
    "counted": 642,
    "abovePct": 61.838006230529594,
    "belowPct": 38.161993769470406
  }
}