{
  "t": 1766156841219,
  "sampleSize": 800,
  "sma50": {
    "above": 342,
    "below": 358,
    "counted": 700,
    "abovePct": 48.857142857142854,
    "belowPct": 51.142857142857146
  },
  "sma200": {
    "above": 394,
    "below": 253,
    "counted": 647,
    "abovePct": 60.89644513137558,
    "belowPct": 39.10355486862442
  }
}