{
  "t": 1765465684763,
  "sampleSize": 800,
  "sma50": {
    "above": 374,
    "below": 326,
    "counted": 700,
    "abovePct": 53.42857142857142,
    "belowPct": 46.57142857142857
  },
  "sma200": {
    "above": 412,
    "below": 232,
    "counted": 644,
    "abovePct": 63.975155279503106,
    "belowPct": 36.024844720496894
  }
}