{
  "t": 1765398328936,
  "sampleSize": 800,
  "sma50": {
    "above": 378,
    "below": 322,
    "counted": 700,
    "abovePct": 54,
    "belowPct": 46
  },
  "sma200": {
    "above": 420,
    "below": 227,
    "counted": 647,
    "abovePct": 64.91499227202473,
    "belowPct": 35.08500772797527
  }
}