{
  "t": 1771962491774,
  "sampleSize": 300,
  "sma50": {
    "above": 134,
    "below": 115,
    "counted": 249,
    "abovePct": 53.81526104417671,
    "belowPct": 46.1847389558233
  },
  "sma200": {
    "above": 145,
    "below": 94,
    "counted": 239,
    "abovePct": 60.66945606694561,
    "belowPct": 39.33054393305439
  }
}