{
  "t": 1782939801432,
  "sampleSize": 300,
  "sma50": {
    "above": 138,
    "below": 117,
    "counted": 255,
    "abovePct": 54.11764705882353,
    "belowPct": 45.88235294117647
  },
  "sma200": {
    "above": 122,
    "below": 90,
    "counted": 212,
    "abovePct": 57.54716981132076,
    "belowPct": 42.45283018867924
  }
}