{
  "t": 1764702429861,
  "sampleSize": 800,
  "sma50": {
    "above": 322,
    "below": 379,
    "counted": 701,
    "abovePct": 45.93437945791726,
    "belowPct": 54.06562054208274
  },
  "sma200": {
    "above": 380,
    "below": 264,
    "counted": 644,
    "abovePct": 59.006211180124225,
    "belowPct": 40.993788819875775
  }
}