{
  "t": 1768337519134,
  "sampleSize": 800,
  "sma50": {
    "above": 414,
    "below": 262,
    "counted": 676,
    "abovePct": 61.24260355029586,
    "belowPct": 38.75739644970414
  },
  "sma200": {
    "above": 396,
    "below": 233,
    "counted": 629,
    "abovePct": 62.9570747217806,
    "belowPct": 37.0429252782194
  }
}