{
  "t": 1773849239140,
  "sampleSize": 300,
  "sma50": {
    "above": 62,
    "below": 186,
    "counted": 248,
    "abovePct": 25,
    "belowPct": 75
  },
  "sma200": {
    "above": 98,
    "below": 140,
    "counted": 238,
    "abovePct": 41.17647058823529,
    "belowPct": 58.82352941176471
  }
}