{
  "t": 1768505963941,
  "sampleSize": 800,
  "sma50": {
    "above": 452,
    "below": 241,
    "counted": 693,
    "abovePct": 65.22366522366522,
    "belowPct": 34.77633477633478
  },
  "sma200": {
    "above": 420,
    "below": 226,
    "counted": 646,
    "abovePct": 65.01547987616098,
    "belowPct": 34.984520123839005
  }
}