{
  "t": 1772224975129,
  "sampleSize": 300,
  "sma50": {
    "above": 124,
    "below": 125,
    "counted": 249,
    "abovePct": 49.79919678714859,
    "belowPct": 50.20080321285141
  },
  "sma200": {
    "above": 146,
    "below": 93,
    "counted": 239,
    "abovePct": 61.08786610878661,
    "belowPct": 38.912133891213394
  }
}