{
  "t": 1762872525542,
  "sampleSize": 800,
  "sma50": {
    "above": 316,
    "below": 388,
    "counted": 704,
    "abovePct": 44.88636363636363,
    "belowPct": 55.11363636363637
  },
  "sma200": {
    "above": 390,
    "below": 252,
    "counted": 642,
    "abovePct": 60.747663551401864,
    "belowPct": 39.25233644859813
  }
}