{
  "t": 1766003991545,
  "sampleSize": 800,
  "sma50": {
    "above": 315,
    "below": 385,
    "counted": 700,
    "abovePct": 45,
    "belowPct": 55.00000000000001
  },
  "sma200": {
    "above": 390,
    "below": 254,
    "counted": 644,
    "abovePct": 60.55900621118012,
    "belowPct": 39.44099378881988
  }
}