{
  "t": 1773341314187,
  "sampleSize": 300,
  "sma50": {
    "above": 60,
    "below": 188,
    "counted": 248,
    "abovePct": 24.193548387096776,
    "belowPct": 75.80645161290323
  },
  "sma200": {
    "above": 107,
    "below": 131,
    "counted": 238,
    "abovePct": 44.957983193277315,
    "belowPct": 55.04201680672269
  }
}