{
  "t": 1763148855478,
  "sampleSize": 800,
  "sma50": {
    "above": 269,
    "below": 435,
    "counted": 704,
    "abovePct": 38.21022727272727,
    "belowPct": 61.78977272727273
  },
  "sma200": {
    "above": 375,
    "below": 267,
    "counted": 642,
    "abovePct": 58.41121495327103,
    "belowPct": 41.58878504672897
  }
}