{
  "t": 1777654150795,
  "sampleSize": 300,
  "sma50": {
    "above": 163,
    "below": 83,
    "counted": 246,
    "abovePct": 66.26016260162602,
    "belowPct": 33.739837398373986
  },
  "sma200": {
    "above": 142,
    "below": 100,
    "counted": 242,
    "abovePct": 58.67768595041323,
    "belowPct": 41.32231404958678
  }
}