{
  "t": 1769541123774,
  "sampleSize": 800,
  "sma50": {
    "above": 455,
    "below": 236,
    "counted": 691,
    "abovePct": 65.8465991316932,
    "belowPct": 34.1534008683068
  },
  "sma200": {
    "above": 422,
    "below": 228,
    "counted": 650,
    "abovePct": 64.92307692307693,
    "belowPct": 35.07692307692308
  }
}