{
  "t": 1780415435953,
  "sampleSize": 300,
  "sma50": {
    "above": 160,
    "below": 93,
    "counted": 253,
    "abovePct": 63.24110671936759,
    "belowPct": 36.75889328063241
  },
  "sma200": {
    "above": 136,
    "below": 106,
    "counted": 242,
    "abovePct": 56.19834710743802,
    "belowPct": 43.80165289256198
  }
}