{
  "t": 1762804146431,
  "sampleSize": 800,
  "sma50": {
    "above": 325,
    "below": 379,
    "counted": 704,
    "abovePct": 46.16477272727273,
    "belowPct": 53.83522727272727
  },
  "sma200": {
    "above": 396,
    "below": 246,
    "counted": 642,
    "abovePct": 61.6822429906542,
    "belowPct": 38.31775700934579
  }
}