{
  "t": 1765824389881,
  "sampleSize": 800,
  "sma50": {
    "above": 345,
    "below": 355,
    "counted": 700,
    "abovePct": 49.28571428571429,
    "belowPct": 50.71428571428571
  },
  "sma200": {
    "above": 390,
    "below": 253,
    "counted": 643,
    "abovePct": 60.65318818040435,
    "belowPct": 39.346811819595644
  }
}