{
  "t": 1777917729364,
  "sampleSize": 300,
  "sma50": {
    "above": 158,
    "below": 87,
    "counted": 245,
    "abovePct": 64.48979591836735,
    "belowPct": 35.51020408163265
  },
  "sma200": {
    "above": 139,
    "below": 102,
    "counted": 241,
    "abovePct": 57.676348547717836,
    "belowPct": 42.32365145228216
  }
}