{
  "t": 1764348664823,
  "sampleSize": 800,
  "sma50": {
    "above": 336,
    "below": 364,
    "counted": 700,
    "abovePct": 48,
    "belowPct": 52
  },
  "sma200": {
    "above": 391,
    "below": 251,
    "counted": 642,
    "abovePct": 60.90342679127726,
    "belowPct": 39.09657320872274
  }
}