{
  "t": 1765481065782,
  "sampleSize": 800,
  "sma50": {
    "above": 387,
    "below": 313,
    "counted": 700,
    "abovePct": 55.285714285714285,
    "belowPct": 44.714285714285715
  },
  "sma200": {
    "above": 417,
    "below": 227,
    "counted": 644,
    "abovePct": 64.75155279503106,
    "belowPct": 35.24844720496895
  }
}