{
  "t": 1772038384673,
  "sampleSize": 300,
  "sma50": {
    "above": 141,
    "below": 108,
    "counted": 249,
    "abovePct": 56.62650602409639,
    "belowPct": 43.373493975903614
  },
  "sma200": {
    "above": 147,
    "below": 92,
    "counted": 239,
    "abovePct": 61.50627615062761,
    "belowPct": 38.49372384937239
  }
}