{
  "t": 1768416454263,
  "sampleSize": 800,
  "sma50": {
    "above": 424,
    "below": 270,
    "counted": 694,
    "abovePct": 61.09510086455331,
    "belowPct": 38.90489913544668
  },
  "sma200": {
    "above": 402,
    "below": 245,
    "counted": 647,
    "abovePct": 62.132921174652246,
    "belowPct": 37.86707882534776
  }
}