{
  "t": 1763045220857,
  "sampleSize": 800,
  "sma50": {
    "above": 314,
    "below": 390,
    "counted": 704,
    "abovePct": 44.60227272727273,
    "belowPct": 55.39772727272727
  },
  "sma200": {
    "above": 387,
    "below": 255,
    "counted": 642,
    "abovePct": 60.280373831775705,
    "belowPct": 39.719626168224295
  }
}