{
  "t": 1769010423001,
  "sampleSize": 800,
  "sma50": {
    "above": 419,
    "below": 274,
    "counted": 693,
    "abovePct": 60.46176046176046,
    "belowPct": 39.53823953823954
  },
  "sma200": {
    "above": 408,
    "below": 239,
    "counted": 647,
    "abovePct": 63.06027820710973,
    "belowPct": 36.93972179289026
  }
}