{
  "t": 1782500864717,
  "sampleSize": 300,
  "sma50": {
    "above": 128,
    "below": 127,
    "counted": 255,
    "abovePct": 50.19607843137255,
    "belowPct": 49.80392156862745
  },
  "sma200": {
    "above": 119,
    "below": 93,
    "counted": 212,
    "abovePct": 56.132075471698116,
    "belowPct": 43.86792452830189
  }
}