{
  "t": 1777403036239,
  "sampleSize": 300,
  "sma50": {
    "above": 149,
    "below": 97,
    "counted": 246,
    "abovePct": 60.56910569105691,
    "belowPct": 39.43089430894309
  },
  "sma200": {
    "above": 130,
    "below": 111,
    "counted": 241,
    "abovePct": 53.941908713692946,
    "belowPct": 46.058091286307054
  }
}