{
  "t": 1776268395260,
  "sampleSize": 300,
  "sma50": {
    "above": 146,
    "below": 101,
    "counted": 247,
    "abovePct": 59.10931174089069,
    "belowPct": 40.89068825910931
  },
  "sma200": {
    "above": 122,
    "below": 117,
    "counted": 239,
    "abovePct": 51.04602510460251,
    "belowPct": 48.95397489539749
  }
}