{
  "t": 1765558313475,
  "sampleSize": 800,
  "sma50": {
    "above": 366,
    "below": 334,
    "counted": 700,
    "abovePct": 52.28571428571429,
    "belowPct": 47.714285714285715
  },
  "sma200": {
    "above": 411,
    "below": 233,
    "counted": 644,
    "abovePct": 63.81987577639752,
    "belowPct": 36.18012422360248
  }
}