{
  "t": 1762976102218,
  "sampleSize": 800,
  "sma50": {
    "above": 338,
    "below": 365,
    "counted": 703,
    "abovePct": 48.079658605974394,
    "belowPct": 51.920341394025606
  },
  "sma200": {
    "above": 396,
    "below": 245,
    "counted": 641,
    "abovePct": 61.77847113884556,
    "belowPct": 38.22152886115445
  }
}