{
  "t": 1772743588148,
  "sampleSize": 300,
  "sma50": {
    "above": 80,
    "below": 168,
    "counted": 248,
    "abovePct": 32.25806451612903,
    "belowPct": 67.74193548387096
  },
  "sma200": {
    "above": 135,
    "below": 103,
    "counted": 238,
    "abovePct": 56.72268907563025,
    "belowPct": 43.27731092436975
  }
}