{
  "t": 1764610868485,
  "sampleSize": 800,
  "sma50": {
    "above": 329,
    "below": 372,
    "counted": 701,
    "abovePct": 46.932952924393724,
    "belowPct": 53.067047075606276
  },
  "sma200": {
    "above": 387,
    "below": 257,
    "counted": 644,
    "abovePct": 60.09316770186336,
    "belowPct": 39.90683229813665
  }
}