{
  "t": 1768582660261,
  "sampleSize": 800,
  "sma50": {
    "above": 453,
    "below": 240,
    "counted": 693,
    "abovePct": 65.36796536796537,
    "belowPct": 34.63203463203463
  },
  "sma200": {
    "above": 415,
    "below": 230,
    "counted": 645,
    "abovePct": 64.34108527131784,
    "belowPct": 35.65891472868217
  }
}