{
  "t": 1767887625390,
  "sampleSize": 800,
  "sma50": {
    "above": 404,
    "below": 290,
    "counted": 694,
    "abovePct": 58.21325648414985,
    "belowPct": 41.78674351585015
  },
  "sma200": {
    "above": 398,
    "below": 248,
    "counted": 646,
    "abovePct": 61.60990712074303,
    "belowPct": 38.39009287925697
  }
}