{
  "t": 1763738641519,
  "sampleSize": 800,
  "sma50": {
    "above": 160,
    "below": 520,
    "counted": 680,
    "abovePct": 23.52941176470588,
    "belowPct": 76.47058823529412
  },
  "sma200": {
    "above": 325,
    "below": 295,
    "counted": 620,
    "abovePct": 52.41935483870967,
    "belowPct": 47.58064516129033
  }
}