{
  "t": 1763402914272,
  "sampleSize": 800,
  "sma50": {
    "above": 256,
    "below": 447,
    "counted": 703,
    "abovePct": 36.41536273115221,
    "belowPct": 63.5846372688478
  },
  "sma200": {
    "above": 369,
    "below": 272,
    "counted": 641,
    "abovePct": 57.56630265210608,
    "belowPct": 42.43369734789392
  }
}