{
  "t": 1763047495744,
  "sampleSize": 800,
  "sma50": {
    "above": 315,
    "below": 389,
    "counted": 704,
    "abovePct": 44.74431818181818,
    "belowPct": 55.25568181818182
  },
  "sma200": {
    "above": 388,
    "below": 254,
    "counted": 642,
    "abovePct": 60.43613707165109,
    "belowPct": 39.56386292834891
  }
}