{
  "t": 1765485483844,
  "sampleSize": 800,
  "sma50": {
    "above": 395,
    "below": 305,
    "counted": 700,
    "abovePct": 56.42857142857143,
    "belowPct": 43.57142857142857
  },
  "sma200": {
    "above": 420,
    "below": 224,
    "counted": 644,
    "abovePct": 65.21739130434783,
    "belowPct": 34.78260869565217
  }
}