{
  "t": 1767803164770,
  "sampleSize": 800,
  "sma50": {
    "above": 397,
    "below": 297,
    "counted": 694,
    "abovePct": 57.20461095100865,
    "belowPct": 42.79538904899135
  },
  "sma200": {
    "above": 391,
    "below": 255,
    "counted": 646,
    "abovePct": 60.526315789473685,
    "belowPct": 39.473684210526315
  }
}