{
  "t": 1766517834811,
  "sampleSize": 800,
  "sma50": {
    "above": 367,
    "below": 332,
    "counted": 699,
    "abovePct": 52.5035765379113,
    "belowPct": 47.4964234620887
  },
  "sma200": {
    "above": 395,
    "below": 251,
    "counted": 646,
    "abovePct": 61.145510835913306,
    "belowPct": 38.85448916408669
  }
}