{
  "t": 1777584174200,
  "sampleSize": 300,
  "sma50": {
    "above": 160,
    "below": 86,
    "counted": 246,
    "abovePct": 65.04065040650406,
    "belowPct": 34.959349593495936
  },
  "sma200": {
    "above": 138,
    "below": 104,
    "counted": 242,
    "abovePct": 57.02479338842975,
    "belowPct": 42.97520661157025
  }
}