{
  "t": 1768926486702,
  "sampleSize": 800,
  "sma50": {
    "above": 426,
    "below": 267,
    "counted": 693,
    "abovePct": 61.471861471861466,
    "belowPct": 38.52813852813853
  },
  "sma200": {
    "above": 403,
    "below": 244,
    "counted": 647,
    "abovePct": 62.287480680061826,
    "belowPct": 37.712519319938174
  }
}