{
  "t": 1770412140070,
  "sampleSize": 800,
  "sma50": {
    "above": 382,
    "below": 307,
    "counted": 689,
    "abovePct": 55.442670537010166,
    "belowPct": 44.55732946298984
  },
  "sma200": {
    "above": 392,
    "below": 257,
    "counted": 649,
    "abovePct": 60.40061633281972,
    "belowPct": 39.59938366718028
  }
}