{
  "t": 1770741124470,
  "sampleSize": 800,
  "sma50": {
    "above": 404,
    "below": 283,
    "counted": 687,
    "abovePct": 58.806404657933044,
    "belowPct": 41.193595342066956
  },
  "sma200": {
    "above": 410,
    "below": 239,
    "counted": 649,
    "abovePct": 63.17411402157165,
    "belowPct": 36.82588597842835
  }
}