{
  "t": 1771343358042,
  "sampleSize": 300,
  "sma50": {
    "above": 129,
    "below": 120,
    "counted": 249,
    "abovePct": 51.80722891566265,
    "belowPct": 48.19277108433735
  },
  "sma200": {
    "above": 141,
    "below": 97,
    "counted": 238,
    "abovePct": 59.2436974789916,
    "belowPct": 40.7563025210084
  }
}