{
  "t": 1765306474072,
  "sampleSize": 800,
  "sma50": {
    "above": 354,
    "below": 346,
    "counted": 700,
    "abovePct": 50.57142857142857,
    "belowPct": 49.42857142857143
  },
  "sma200": {
    "above": 403,
    "below": 244,
    "counted": 647,
    "abovePct": 62.287480680061826,
    "belowPct": 37.712519319938174
  }
}