{
  "t": 1770315731263,
  "sampleSize": 800,
  "sma50": {
    "above": 333,
    "below": 356,
    "counted": 689,
    "abovePct": 48.33091436865022,
    "belowPct": 51.66908563134979
  },
  "sma200": {
    "above": 382,
    "below": 268,
    "counted": 650,
    "abovePct": 58.769230769230774,
    "belowPct": 41.23076923076923
  }
}