{
  "t": 1773946144886,
  "sampleSize": 300,
  "sma50": {
    "above": 47,
    "below": 201,
    "counted": 248,
    "abovePct": 18.951612903225808,
    "belowPct": 81.04838709677419
  },
  "sma200": {
    "above": 90,
    "below": 148,
    "counted": 238,
    "abovePct": 37.81512605042017,
    "belowPct": 62.18487394957983
  }
}