{
  "t": 1774277383419,
  "sampleSize": 300,
  "sma50": {
    "above": 53,
    "below": 195,
    "counted": 248,
    "abovePct": 21.370967741935484,
    "belowPct": 78.62903225806451
  },
  "sma200": {
    "above": 92,
    "below": 146,
    "counted": 238,
    "abovePct": 38.655462184873954,
    "belowPct": 61.34453781512605
  }
}