{
  "t": 1768322769556,
  "sampleSize": 800,
  "sma50": {
    "above": 426,
    "below": 265,
    "counted": 691,
    "abovePct": 61.64978292329957,
    "belowPct": 38.35021707670043
  },
  "sma200": {
    "above": 401,
    "below": 244,
    "counted": 645,
    "abovePct": 62.17054263565891,
    "belowPct": 37.82945736434108
  }
}