{
  "t": 1767986665200,
  "sampleSize": 800,
  "sma50": {
    "above": 434,
    "below": 260,
    "counted": 694,
    "abovePct": 62.53602305475504,
    "belowPct": 37.46397694524496
  },
  "sma200": {
    "above": 401,
    "below": 244,
    "counted": 645,
    "abovePct": 62.17054263565891,
    "belowPct": 37.82945736434108
  }
}