{
  "t": 1767713105960,
  "sampleSize": 800,
  "sma50": {
    "above": 397,
    "below": 295,
    "counted": 692,
    "abovePct": 57.36994219653179,
    "belowPct": 42.630057803468205
  },
  "sma200": {
    "above": 383,
    "below": 261,
    "counted": 644,
    "abovePct": 59.472049689441,
    "belowPct": 40.52795031055901
  }
}