{
  "t": 1764689133094,
  "sampleSize": 800,
  "sma50": {
    "above": 328,
    "below": 373,
    "counted": 701,
    "abovePct": 46.79029957203994,
    "belowPct": 53.20970042796006
  },
  "sma200": {
    "above": 383,
    "below": 261,
    "counted": 644,
    "abovePct": 59.472049689441,
    "belowPct": 40.52795031055901
  }
}