{
  "t": 1767386304660,
  "sampleSize": 800,
  "sma50": {
    "above": 348,
    "below": 347,
    "counted": 695,
    "abovePct": 50.07194244604316,
    "belowPct": 49.92805755395683
  },
  "sma200": {
    "above": 374,
    "below": 271,
    "counted": 645,
    "abovePct": 57.984496124031004,
    "belowPct": 42.01550387596899
  }
}