{
  "t": 1769702261692,
  "sampleSize": 800,
  "sma50": {
    "above": 419,
    "below": 271,
    "counted": 690,
    "abovePct": 60.72463768115942,
    "belowPct": 39.27536231884058
  },
  "sma200": {
    "above": 407,
    "below": 243,
    "counted": 650,
    "abovePct": 62.61538461538462,
    "belowPct": 37.38461538461538
  }
}