{
  "t": 1781300077560,
  "sampleSize": 300,
  "sma50": {
    "above": 143,
    "below": 108,
    "counted": 251,
    "abovePct": 56.97211155378486,
    "belowPct": 43.02788844621514
  },
  "sma200": {
    "above": 122,
    "below": 89,
    "counted": 211,
    "abovePct": 57.81990521327014,
    "belowPct": 42.18009478672986
  }
}