{
  "t": 1769096758162,
  "sampleSize": 800,
  "sma50": {
    "above": 451,
    "below": 240,
    "counted": 691,
    "abovePct": 65.26772793053546,
    "belowPct": 34.73227206946454
  },
  "sma200": {
    "above": 431,
    "below": 214,
    "counted": 645,
    "abovePct": 66.82170542635659,
    "belowPct": 33.17829457364341
  }
}