{
  "t": 1767883163115,
  "sampleSize": 800,
  "sma50": {
    "above": 402,
    "below": 292,
    "counted": 694,
    "abovePct": 57.925072046109506,
    "belowPct": 42.07492795389049
  },
  "sma200": {
    "above": 397,
    "below": 249,
    "counted": 646,
    "abovePct": 61.45510835913313,
    "belowPct": 38.54489164086687
  }
}