{
  "t": 1767800479867,
  "sampleSize": 800,
  "sma50": {
    "above": 400,
    "below": 294,
    "counted": 694,
    "abovePct": 57.636887608069166,
    "belowPct": 42.363112391930834
  },
  "sma200": {
    "above": 386,
    "below": 260,
    "counted": 646,
    "abovePct": 59.75232198142415,
    "belowPct": 40.24767801857585
  }
}