{
  "t": 1774374575564,
  "sampleSize": 300,
  "sma50": {
    "above": 43,
    "below": 205,
    "counted": 248,
    "abovePct": 17.338709677419356,
    "belowPct": 82.66129032258065
  },
  "sma200": {
    "above": 85,
    "below": 153,
    "counted": 238,
    "abovePct": 35.714285714285715,
    "belowPct": 64.28571428571429
  }
}