{
  "t": 1764790526319,
  "sampleSize": 800,
  "sma50": {
    "above": 338,
    "below": 363,
    "counted": 701,
    "abovePct": 48.21683309557774,
    "belowPct": 51.78316690442225
  },
  "sma200": {
    "above": 397,
    "below": 249,
    "counted": 646,
    "abovePct": 61.45510835913313,
    "belowPct": 38.54489164086687
  }
}