{
  "t": 1764782730846,
  "sampleSize": 800,
  "sma50": {
    "above": 330,
    "below": 371,
    "counted": 701,
    "abovePct": 47.07560627674751,
    "belowPct": 52.92439372325249
  },
  "sma200": {
    "above": 394,
    "below": 252,
    "counted": 646,
    "abovePct": 60.99071207430341,
    "belowPct": 39.0092879256966
  }
}