{
  "t": 1780069643937,
  "sampleSize": 300,
  "sma50": {
    "above": 162,
    "below": 91,
    "counted": 253,
    "abovePct": 64.03162055335969,
    "belowPct": 35.96837944664031
  },
  "sma200": {
    "above": 142,
    "below": 100,
    "counted": 242,
    "abovePct": 58.67768595041323,
    "belowPct": 41.32231404958678
  }
}