{
  "t": 1764967810668,
  "sampleSize": 800,
  "sma50": {
    "above": 355,
    "below": 346,
    "counted": 701,
    "abovePct": 50.641940085592005,
    "belowPct": 49.35805991440799
  },
  "sma200": {
    "above": 408,
    "below": 240,
    "counted": 648,
    "abovePct": 62.96296296296296,
    "belowPct": 37.03703703703704
  }
}