{
  "t": 1764103807640,
  "sampleSize": 800,
  "sma50": {
    "above": 291,
    "below": 411,
    "counted": 702,
    "abovePct": 41.452991452991455,
    "belowPct": 58.54700854700855
  },
  "sma200": {
    "above": 373,
    "below": 268,
    "counted": 641,
    "abovePct": 58.19032761310452,
    "belowPct": 41.80967238689547
  }
}