{
  "t": 1768320595891,
  "sampleSize": 800,
  "sma50": {
    "above": 425,
    "below": 262,
    "counted": 687,
    "abovePct": 61.863173216885,
    "belowPct": 38.13682678311499
  },
  "sma200": {
    "above": 397,
    "below": 243,
    "counted": 640,
    "abovePct": 62.03125000000001,
    "belowPct": 37.96875
  }
}