{
  "t": 1772138808586,
  "sampleSize": 300,
  "sma50": {
    "above": 148,
    "below": 101,
    "counted": 249,
    "abovePct": 59.43775100401606,
    "belowPct": 40.562248995983936
  },
  "sma200": {
    "above": 155,
    "below": 84,
    "counted": 239,
    "abovePct": 64.85355648535564,
    "belowPct": 35.146443514644346
  }
}