{
  "t": 1765297550341,
  "sampleSize": 800,
  "sma50": {
    "above": 353,
    "below": 347,
    "counted": 700,
    "abovePct": 50.42857142857143,
    "belowPct": 49.57142857142857
  },
  "sma200": {
    "above": 411,
    "below": 236,
    "counted": 647,
    "abovePct": 63.52395672333848,
    "belowPct": 36.476043276661514
  }
}