{
  "t": 1770137351102,
  "sampleSize": 800,
  "sma50": {
    "above": 388,
    "below": 302,
    "counted": 690,
    "abovePct": 56.231884057971016,
    "belowPct": 43.768115942028984
  },
  "sma200": {
    "above": 402,
    "below": 248,
    "counted": 650,
    "abovePct": 61.846153846153854,
    "belowPct": 38.15384615384615
  }
}